trip_id,weather_condition,bus_type,traffic_level,route_distance_km,stops_count,passenger_count,driver_experience_years,scheduled_start_hour,delay_level,trip_duration_minutes
TRIP201396,Windy,Mini Bus,Moderate,13.00,9,23,7.91,7,Moderate Delay,53.84
TRIP203651,Rainy,Standard,High,4.19,3,26,4.03,5,Moderate Delay,40.26
TRIP200153,Rainy,Standard,Moderate,4.42,5,26,3.90,6,On Time,28.64
TRIP209009,Rainy,,Moderate,21.29,19,31,4.85,22,Severe Delay,112.70
TRIP204405,Clear,Standard,Low,12.37,15,39,3.02,20,On Time,47.37
TRIP208891,Clear,Standard,Moderate,9.79,12,55,1.65,18,Severe Delay,59.05
TRIP207601,Clear,Standard,High,19.28,19,48,10.04,21,Severe Delay,121.60
TRIP201125,Rainy,Standard,Severe,25.00,26,16,3.40,21,Severe Delay,180.00
TRIP203450,Rainy,Express,Moderate,6.12,3,44,4.56,8,Moderate Delay,33.84
TRIP206672,Foggy,,Low,17.23,19,10,5.26,23,Moderate Delay,77.09
TRIP208120,Clear,Express,Moderate,10.59,11,14,9.80,20,On Time,31.09
TRIP202567,Foggy,Standard,Moderate,17.99,17,51,7.41,9,Severe Delay,109.14
TRIP209159,Clear,Standard,High,18.86,22,32,2.39,21,Severe Delay,118.94
TRIP203437,Windy,Mini Bus,Low,4.96,5,23,4.11,13,On Time,17.51
TRIP207250,,Standard,High,4.96,6,49,2.00,5,Severe Delay,37.70
TRIP202135,Clear,Mini Bus,Low,19.70,21,14,2.65,8,Severe Delay,83.83
TRIP205956,Clear,Express,Moderate,9.70,10,40,4.54,9,On Time,46.19
TRIP207776,Clear,Standard,High,11.07,10,33,12.55,6,On Time,54.27
TRIP206907,Clear,Standard,High,6.54,5,35,4.51,9,Moderate Delay,45.85
TRIP205463,Clear,Standard,Low,18.79,19,18,4.44,13,Moderate Delay,75.11
TRIP203834,,Mini Bus,High,14.10,20,14,,23,Moderate Delay,92.26
TRIP206749,Clear,Express,Low,3.49,3,15,0.35,15,On Time,18.99
TRIP204074,Clear,Standard,Low,13.88,17,48,8.04,16,Severe Delay,60.59
TRIP203157,Windy,Mini Bus,Moderate,2.55,6,22,3.32,5,Moderate Delay,19.92
TRIP203364,Clear,Mini Bus,Moderate,8.13,6,20,6.86,18,On Time,41.22
TRIP209546,Clear,Express,Moderate,3.73,8,17,14.17,5,On Time,12.00
TRIP201715,Clear,Standard,Low,11.03,11,37,13.88,21,On Time,35.64
TRIP205860,Clear,Standard,Moderate,3.07,3,22,9.85,14,On Time,22.90
TRIP201051,Clear,Standard,Moderate,8.48,7,40,11.36,13,On Time,31.90
TRIP202526,Clear,Mini Bus,Moderate,5.10,5,3,1.88,6,On Time,32.72
TRIP201248,Clear,Mini Bus,High,13.12,14,4,6.60,6,Moderate Delay,68.22
TRIP202613,Foggy,Express,Severe,20.56,27,32,1.71,16,Severe Delay,157.12
TRIP206137,Clear,Standard,High,5.83,8,25,6.93,11,On Time,38.22
TRIP209439,Clear,Standard,High,13.93,15,43,6.41,23,Moderate Delay,85.32
TRIP207882,Clear,Standard,Moderate,13.17,16,43,16.32,7,Moderate Delay,73.52
TRIP202624,Clear,Mini Bus,Moderate,4.97,9,11,4.90,20,On Time,35.86
TRIP201972,Clear,Standard,High,6.81,6,50,3.57,19,Severe Delay,55.78
TRIP209410,Foggy,Standard,Severe,19.80,18,40,7.10,17,Severe Delay,157.77
TRIP207735,Windy,Standard,Low,6.85,7,35,5.98,5,On Time,23.28
TRIP208432,Rainy,Mini Bus,High,22.91,23,22,3.75,19,Severe Delay,172.32
TRIP202253,Foggy,Standard,High,4.93,9,50,5.20,19,Severe Delay,43.24
TRIP206864,Foggy,Standard,Low,10.32,15,33,2.16,12,Moderate Delay,50.34
TRIP203584,Clear,Standard,Moderate,5.25,5,53,2.81,13,Severe Delay,24.53
TRIP205309,Clear,Express,Moderate,9.52,9,26,,14,On Time,32.94
TRIP204386,Windy,Standard,Moderate,9.10,11,40,1.63,5,Moderate Delay,50.64
TRIP205828,Clear,Standard,Moderate,26.97,28,42,2.62,8,Severe Delay,163.19
TRIP201882,Clear,Mini Bus,High,4.01,5,17,8.96,5,On Time,30.39
TRIP204508,Windy,Standard,Low,6.34,7,32,1.23,13,Moderate Delay,22.35
TRIP201867,Rainy,Standard,Moderate,12.08,10,30,6.00,15,Moderate Delay,59.02
TRIP208724,Clear,Standard,Moderate,6.22,6,38,10.28,23,On Time,29.48
TRIP206696,Clear,Express,Low,2.11,8,39,8.06,6,On Time,12.00
TRIP200366,Foggy,Mini Bus,High,9.32,10,18,9.77,21,Severe Delay,54.64
TRIP201014,Clear,Mini Bus,High,3.43,8,45,3.56,9,Severe Delay,36.16
TRIP206728,Clear,,High,13.17,16,45,1.27,16,Severe Delay,96.11
TRIP207063,Clear,Express,Low,6.72,8,21,4.51,10,On Time,22.37
TRIP207231,Rainy,Mini Bus,Severe,4.44,6,31,3.75,14,Severe Delay,55.61
TRIP203867,Clear,Standard,High,6.42,4,40,3.11,22,On Time,44.23
TRIP203663,Clear,Standard,Severe,12.15,9,37,4.63,6,Moderate Delay,85.10
TRIP205699,Clear,Standard,Moderate,5.99,8,55,9.20,19,Moderate Delay,29.53
TRIP203760,Clear,Standard,Moderate,15.85,15,65,4.75,18,Moderate Delay,79.77
TRIP202228,Windy,Standard,High,15.90,16,25,13.83,11,Severe Delay,98.96
TRIP204491,Foggy,Standard,High,18.96,17,31,6.97,23,Severe Delay,120.98
TRIP203543,Clear,Standard,High,7.54,11,36,11.76,6,Moderate Delay,41.27
TRIP206697,Rainy,Express,Low,14.96,12,19,18.00,21,On Time,57.42
TRIP206408,Clear,Standard,Moderate,10.61,11,22,4.13,23,On Time,54.17
TRIP209522,Windy,Mini Bus,Severe,26.14,27,14,,15,Severe Delay,180.00
TRIP202967,Clear,Mini Bus,High,2.51,3,37,2.03,19,Severe Delay,20.63
TRIP204353,Clear,Express,Low,8.27,13,40,3.68,17,On Time,31.12
TRIP200238,Windy,Mini Bus,Moderate,6.73,5,32,6.38,9,Moderate Delay,41.86
TRIP206592,Windy,Mini Bus,Severe,10.44,12,27,8.46,18,Severe Delay,91.99
TRIP202335,Clear,Standard,High,7.70,8,31,3.99,15,On Time,38.03
TRIP205008,Clear,Express,High,6.27,5,22,1.90,5,Moderate Delay,36.54
TRIP208579,Clear,Standard,Moderate,18.78,19,32,9.19,23,Moderate Delay,82.93
TRIP209339,Clear,Standard,Severe,15.28,14,54,4.06,20,Severe Delay,114.96
TRIP204035,,Standard,High,2.00,3,39,3.70,8,Severe Delay,17.33
TRIP204116,Rainy,Standard,Low,10.21,6,30,10.32,13,On Time,47.67
TRIP209664,Foggy,Express,Low,4.80,5,31,2.94,15,On Time,26.38
TRIP209566,Rainy,Standard,Moderate,11.11,13,43,13.54,18,Moderate Delay,59.27
TRIP209729,Clear,Standard,Severe,16.60,17,40,9.47,23,Moderate Delay,134.26
TRIP201287,Windy,Mini Bus,Moderate,16.10,17,20,4.61,8,Severe Delay,89.43
TRIP204193,Foggy,Standard,Severe,16.30,12,,5.55,17,Severe Delay,135.38
TRIP207718,Rainy,,High,10.11,10,45,6.49,16,Severe Delay,66.40
TRIP206999,Clear,Mini Bus,Moderate,2.54,3,21,17.45,20,On Time,22.06
TRIP204885,Clear,Standard,Low,7.29,6,38,5.09,17,Moderate Delay,35.84
TRIP200658,Windy,Mini Bus,Moderate,5.72,3,11,13.97,12,On Time,17.00
TRIP208518,Rainy,Standard,Moderate,5.94,5,41,5.53,8,Moderate Delay,41.64
TRIP208122,Clear,Standard,High,12.99,14,51,3.65,17,Severe Delay,83.68
TRIP208308,Windy,Express,High,11.36,10,20,5.43,11,On Time,55.79
TRIP203728,Clear,Standard,Moderate,10.31,8,35,4.17,13,On Time,52.51
TRIP207984,Clear,Mini Bus,High,16.16,17,19,0.47,14,Severe Delay,97.49
TRIP206350,Clear,Standard,Low,11.82,16,37,10.30,23,On Time,53.04
TRIP201142,Clear,Standard,Low,19.62,22,44,8.75,7,Moderate Delay,94.63
TRIP205597,Rainy,Standard,Moderate,6.09,4,35,2.96,8,Moderate Delay,33.40
TRIP200964,Rainy,Express,Moderate,10.68,13,8,3.91,15,On Time,46.19
TRIP206879,Foggy,Standard,Severe,11.58,14,37,2.23,20,Severe Delay,101.10
TRIP204888,Clear,Standard,Low,10.95,14,40,5.94,9,Moderate Delay,49.85
TRIP203581,Clear,Mini Bus,High,5.34,3,15,4.83,13,Moderate Delay,34.77
TRIP207407,Rainy,Standard,High,10.01,11,47,1.43,9,Severe Delay,90.34
TRIP201801,Clear,Standard,Moderate,6.87,6,47,4.00,15,Moderate Delay,38.11
TRIP207525,Clear,Express,High,7.67,3,41,3.79,9,Moderate Delay,28.70
TRIP204300,,Mini Bus,Moderate,19.50,18,15,2.25,21,Moderate Delay,103.43
TRIP205462,Clear,Express,Severe,9.90,11,21,11.10,22,Moderate Delay,49.81
TRIP208696,Rainy,Standard,Moderate,7.86,10,37,3.63,18,Moderate Delay,48.95
TRIP207574,Windy,Standard,Moderate,10.24,11,24,4.94,10,Moderate Delay,54.70
TRIP206440,Clear,Standard,Moderate,8.76,14,31,5.29,23,On Time,38.87
TRIP205365,Clear,Standard,Severe,2.11,4,42,4.44,18,Severe Delay,31.36
TRIP206867,Clear,Standard,High,15.81,15,40,4.62,17,Moderate Delay,91.29
TRIP203506,Clear,Standard,High,7.29,10,49,2.51,5,Severe Delay,42.70
TRIP200118,Clear,Standard,Moderate,5.75,3,23,9.19,23,On Time,22.69
TRIP201371,Rainy,Standard,High,13.36,12,41,1.78,6,Severe Delay,80.77
TRIP206014,Foggy,Standard,Moderate,5.20,5,21,13.78,20,On Time,26.90
TRIP203578,Windy,Standard,Severe,14.72,17,38,11.49,14,Severe Delay,111.82
TRIP200759,Clear,Standard,Low,18.36,17,27,6.04,18,Moderate Delay,82.60
TRIP208080,Windy,Mini Bus,Moderate,7.43,7,30,15.17,17,Moderate Delay,45.21
TRIP203347,Rainy,Standard,High,9.08,6,38,10.66,11,Moderate Delay,72.00
TRIP208595,Clear,Express,Moderate,12.45,10,25,3.16,19,Moderate Delay,51.46
TRIP205299,Clear,Mini Bus,Low,13.67,16,3,14.51,11,On Time,46.99
TRIP202570,,Express,High,18.04,17,23,8.57,21,Moderate Delay,89.70
TRIP202224,Clear,Express,High,4.38,3,43,2.58,18,Severe Delay,22.89
TRIP200199,Clear,Mini Bus,Severe,8.68,8,19,2.97,21,Moderate Delay,57.12
TRIP204927,Rainy,Express,Moderate,8.62,8,36,5.82,7,Moderate Delay,40.04
TRIP201760,,Express,High,7.30,5,32,8.22,14,Moderate Delay,26.76
TRIP208042,Windy,Express,Low,15.34,19,6,1.70,6,Moderate Delay,58.46
TRIP201130,Clear,Mini Bus,High,16.08,19,3,10.43,23,Moderate Delay,93.45
TRIP207431,Rainy,Mini Bus,Low,5.16,9,3,9.50,23,On Time,34.00
TRIP200749,Windy,Mini Bus,Severe,9.87,9,14,1.64,11,Severe Delay,70.45
TRIP206828,Clear,,Moderate,4.99,5,44,6.79,11,On Time,15.59
TRIP205655,Rainy,Standard,Severe,15.49,14,26,9.97,14,Severe Delay,119.88
TRIP203014,Clear,Mini Bus,Moderate,9.20,10,30,12.23,6,On Time,57.13
TRIP206290,Rainy,Mini Bus,High,8.06,9,23,4.92,21,Severe Delay,55.80
TRIP209348,Clear,Mini Bus,Moderate,6.62,7,3,1.85,5,Moderate Delay,35.77
TRIP209564,Clear,Standard,High,12.96,15,43,1.57,10,Moderate Delay,70.80
TRIP201543,Windy,Standard,Moderate,8.00,7,47,13.69,18,Moderate Delay,36.81
TRIP201277,Clear,Standard,Severe,12.44,13,,3.02,9,Severe Delay,94.47
TRIP203612,Clear,Mini Bus,Severe,16.65,16,34,10.21,18,Severe Delay,131.75
TRIP208549,Rainy,Standard,Severe,9.89,11,20,13.09,14,Severe Delay,75.81
TRIP205767,,Mini Bus,Moderate,3.11,4,7,9.83,20,On Time,27.43
TRIP200498,Clear,Express,Moderate,12.05,17,22,8.49,6,On Time,46.28
TRIP201579,Clear,Standard,High,29.87,35,14,2.03,13,Severe Delay,180.00
TRIP208218,Clear,Standard,Moderate,9.52,9,12,6.40,17,Moderate Delay,56.40
TRIP207244,Clear,Standard,Moderate,7.69,11,35,6.54,11,On Time,34.05
TRIP206651,Rainy,Mini Bus,Moderate,9.21,5,20,2.54,17,Severe Delay,50.90
TRIP208799,Clear,Mini Bus,Moderate,12.77,13,19,7.28,8,Moderate Delay,67.14
TRIP202372,Rainy,Standard,High,6.37,5,38,6.83,20,Moderate Delay,52.30
TRIP205018,Windy,Standard,Moderate,17.48,18,40,15.58,8,Severe Delay,99.16
TRIP208188,Rainy,Standard,Moderate,11.17,11,31,3.82,6,On Time,46.35
TRIP202517,Rainy,Standard,Moderate,11.34,18,32,1.11,12,Severe Delay,68.54
TRIP200578,Windy,Mini Bus,Moderate,3.62,4,25,7.97,14,On Time,15.64
TRIP200338,Clear,Mini Bus,High,12.85,15,16,4.47,11,Moderate Delay,72.04
TRIP209645,Foggy,Mini Bus,Low,10.76,11,39,7.68,17,Moderate Delay,55.71
TRIP208598,Clear,Express,Moderate,7.79,4,17,5.26,15,On Time,26.17
TRIP205117,Windy,Express,High,4.83,6,12,8.53,14,On Time,28.64
TRIP200906,Clear,Standard,High,10.82,12,34,2.53,7,Severe Delay,53.67
TRIP209724,Rainy,Standard,Low,10.70,9,31,8.47,11,On Time,46.46
TRIP205564,Clear,Express,High,4.40,7,23,0.86,22,On Time,21.44
TRIP208220,Clear,Standard,Low,21.11,21,38,18.00,21,On Time,98.03
TRIP202939,Clear,Mini Bus,Moderate,,10,18,5.35,15,On Time,59.04
TRIP202860,Clear,Standard,Moderate,12.93,16,41,7.48,16,Moderate Delay,56.56
TRIP203703,Clear,Mini Bus,Severe,4.98,7,21,8.88,21,Moderate Delay,38.60
TRIP207927,Clear,,Moderate,10.03,11,28,9.34,23,On Time,39.64
TRIP208556,Clear,Mini Bus,High,5.21,6,20,3.09,21,Moderate Delay,34.54
TRIP206088,Windy,Standard,High,5.66,8,38,,7,Moderate Delay,45.21
TRIP207088,Clear,Standard,High,11.06,14,44,4.42,16,Severe Delay,79.22
TRIP209236,,Standard,High,12.36,15,58,3.82,16,Severe Delay,75.81
TRIP206790,Rainy,Standard,Severe,5.40,8,25,9.20,10,Severe Delay,48.29
TRIP201163,Windy,Mini Bus,Moderate,17.88,17,20,6.78,23,Moderate Delay,83.84
TRIP208472,Rainy,Standard,Moderate,14.61,17,23,7.80,12,Severe Delay,76.32
TRIP201561,Clear,Standard,Moderate,14.27,15,49,2.34,10,Moderate Delay,75.51
TRIP206777,Clear,Standard,Moderate,18.35,17,40,13.50,10,Moderate Delay,86.61
TRIP200280,Rainy,Standard,High,6.75,8,29,9.58,13,Moderate Delay,49.94
TRIP203500,Windy,Mini Bus,Moderate,17.49,20,16,9.08,20,Moderate Delay,87.30
TRIP203526,Clear,Standard,Moderate,6.84,4,50,10.81,19,Moderate Delay,44.09
TRIP201405,Rainy,Mini Bus,High,16.25,17,24,11.37,14,Severe Delay,112.29
TRIP206160,Rainy,Standard,High,10.15,10,37,5.70,6,Severe Delay,72.11
TRIP209376,Clear,Standard,Moderate,4.53,4,28,6.66,23,On Time,25.92
TRIP207772,Rainy,Mini Bus,Low,10.94,15,17,4.51,16,Moderate Delay,62.24
TRIP201967,Rainy,Mini Bus,High,2.75,5,24,9.45,6,Moderate Delay,41.69
TRIP204015,Foggy,Express,Low,5.80,7,39,1.01,19,Moderate Delay,39.85
TRIP205719,Rainy,Express,Low,4.26,6,34,4.30,7,On Time,22.81
TRIP206689,Rainy,Express,High,7.08,11,35,6.68,20,Severe Delay,55.23
TRIP201574,Foggy,Express,Moderate,18.84,24,35,8.95,14,On Time,92.55
TRIP200393,Rainy,Standard,High,8.06,11,52,4.47,7,Severe Delay,75.04
TRIP200670,Windy,Mini Bus,Severe,4.93,6,31,3.31,17,Moderate Delay,49.60
TRIP203384,Clear,Standard,Severe,23.48,28,42,2.67,7,Severe Delay,180.00
TRIP206964,Foggy,Standard,Moderate,9.99,5,37,6.04,9,Moderate Delay,46.47
TRIP206884,Clear,Standard,Moderate,6.25,5,44,7.83,16,Moderate Delay,39.69
TRIP200090,Clear,Standard,Moderate,2.00,3,36,3.86,14,On Time,24.26
TRIP208141,Clear,Standard,Low,17.53,17,36,17.11,6,On Time,75.34
TRIP207859,Clear,Standard,Moderate,3.23,7,37,2.65,15,On Time,21.41
TRIP202217,Clear,Standard,High,14.57,15,32,4.25,6,Moderate Delay,81.89
TRIP208209,Rainy,Express,High,5.07,3,21,4.58,12,Moderate Delay,34.79
TRIP204876,Rainy,Standard,High,2.09,5,46,12.07,15,Severe Delay,33.07
TRIP206615,Clear,Standard,Severe,3.99,3,40,,9,Severe Delay,41.44
TRIP207369,Clear,Standard,Severe,3.62,5,35,4.98,20,On Time,33.96
TRIP203904,Windy,Mini Bus,High,15.26,19,39,5.96,17,Severe Delay,95.61
TRIP204983,Clear,Standard,Moderate,9.33,10,34,8.03,8,Moderate Delay,39.47
TRIP201492,Windy,Standard,Moderate,3.37,3,35,6.35,20,On Time,22.12
TRIP206712,Windy,Standard,Severe,13.23,11,46,8.32,7,Severe Delay,105.18
TRIP206081,Clear,Mini Bus,Moderate,6.19,3,8,4.45,20,On Time,24.25
TRIP202062,Clear,Express,Severe,14.24,15,22,0.90,10,Moderate Delay,91.08
TRIP204687,Windy,Mini Bus,Moderate,8.83,10,23,12.10,7,On Time,49.72
TRIP208183,Clear,Standard,Moderate,13.50,15,27,5.99,12,On Time,58.77
TRIP203674,Rainy,Mini Bus,Moderate,13.23,9,,2.69,6,Moderate Delay,62.05
TRIP205562,Clear,Standard,High,11.39,10,31,15.99,12,On Time,55.19
TRIP201023,Clear,Standard,Severe,15.18,14,44,5.65,10,Moderate Delay,107.40
TRIP206533,Clear,Mini Bus,Moderate,5.19,3,23,2.87,8,Moderate Delay,33.72
TRIP209427,Rainy,Standard,High,7.99,10,50,2.43,19,Severe Delay,66.82
TRIP203954,Foggy,Standard,High,23.94,23,28,4.17,6,Severe Delay,167.29
TRIP205314,Clear,Mini Bus,Moderate,6.25,11,15,2.66,12,Moderate Delay,27.65
TRIP204078,,Standard,Moderate,8.98,13,40,11.86,10,On Time,39.79
TRIP208348,Rainy,Mini Bus,High,8.11,13,10,6.22,14,Moderate Delay,66.53
TRIP206530,Windy,Standard,Low,8.41,11,28,4.90,21,On Time,38.57
TRIP203032,Rainy,Standard,High,10.81,12,32,6.87,21,Severe Delay,71.13
TRIP201345,Rainy,Mini Bus,High,7.69,8,18,9.53,21,Severe Delay,59.27
TRIP209587,Rainy,Standard,High,10.99,9,20,1.50,15,Severe Delay,68.33
TRIP202772,Clear,Standard,High,8.06,7,16,3.27,13,On Time,45.28
TRIP206199,Rainy,Standard,High,11.91,14,14,18.00,12,Severe Delay,78.16
TRIP207425,Clear,Standard,Low,4.68,7,45,0.64,6,On Time,24.75
TRIP200510,Clear,Express,Low,19.46,21,22,3.85,7,Moderate Delay,76.85
TRIP201672,Rainy,Standard,High,13.60,14,,2.49,19,Severe Delay,99.08
TRIP208927,Clear,Standard,High,31.42,30,50,1.92,9,Severe Delay,180.00
TRIP209394,Clear,Mini Bus,High,8.40,5,3,1.54,22,Moderate Delay,48.39
TRIP202915,Clear,Mini Bus,Moderate,5.73,11,39,1.05,8,Moderate Delay,40.63
TRIP200575,Clear,Mini Bus,High,8.23,14,46,2.81,9,Severe Delay,58.25
TRIP202163,Clear,Standard,Severe,16.85,15,44,7.71,19,Severe Delay,129.63
TRIP200863,Rainy,Mini Bus,High,5.03,5,14,5.29,20,Severe Delay,52.86
TRIP209201,,Mini Bus,Low,4.40,6,46,2.73,9,Moderate Delay,33.85
TRIP205225,Clear,Standard,Moderate,5.99,5,38,9.84,23,On Time,19.57
TRIP205334,Rainy,Standard,Severe,9.91,15,33,4.86,16,Severe Delay,109.88
TRIP208304,Windy,Mini Bus,High,6.67,4,18,3.67,21,On Time,34.19
TRIP207279,Foggy,Standard,Moderate,13.22,16,37,18.00,12,Moderate Delay,70.59
TRIP203224,Windy,Standard,High,7.93,11,28,2.72,23,Moderate Delay,53.03
TRIP205491,Clear,Standard,High,15.54,16,38,9.54,21,Moderate Delay,94.94
TRIP207788,Windy,Standard,High,10.22,12,30,8.70,21,On Time,63.45
TRIP203473,Clear,Standard,Moderate,,6,43,4.71,19,Moderate Delay,45.93
TRIP206566,Windy,Express,Moderate,9.35,12,40,5.54,8,On Time,34.23
TRIP208154,Clear,Standard,Moderate,14.08,14,54,7.85,21,Moderate Delay,63.20
TRIP208866,Clear,Standard,Moderate,7.74,7,47,10.43,19,Moderate Delay,36.77
TRIP208678,Clear,Mini Bus,High,11.66,11,39,5.75,16,Severe Delay,74.61
TRIP206248,Clear,Standard,High,9.30,10,48,18.00,15,Moderate Delay,51.68
TRIP209015,Windy,Standard,Moderate,5.57,6,32,7.09,23,On Time,25.44
TRIP205164,Clear,Standard,Severe,11.59,12,35,5.47,18,Moderate Delay,85.17
TRIP208350,Rainy,Express,High,5.01,3,21,4.65,6,Moderate Delay,36.59
TRIP201788,Windy,Standard,Low,21.24,22,39,6.93,13,Moderate Delay,97.79
TRIP205747,Clear,Standard,Moderate,10.45,9,42,5.64,18,Moderate Delay,51.00
TRIP201822,Rainy,Standard,High,11.14,6,45,1.77,17,Severe Delay,74.93
TRIP205208,Clear,Standard,Moderate,7.67,7,36,10.12,17,Moderate Delay,37.45
TRIP203286,Foggy,Standard,High,9.89,9,59,6.32,7,Severe Delay,65.96
TRIP203876,Windy,Standard,Moderate,16.77,17,22,2.57,14,Moderate Delay,87.20
TRIP207627,Clear,Standard,Severe,8.80,7,41,13.93,19,Severe Delay,72.69
TRIP202954,Clear,Mini Bus,Moderate,3.90,3,29,5.75,18,On Time,26.64
TRIP208636,Clear,Express,Moderate,7.56,7,38,,19,On Time,29.17
TRIP204586,Foggy,Express,Low,5.28,9,48,8.64,8,Moderate Delay,29.11
TRIP208266,Clear,Mini Bus,High,11.29,14,32,4.68,13,Moderate Delay,66.10
TRIP201143,Clear,Mini Bus,Low,7.29,7,27,,17,On Time,46.69
TRIP202910,Clear,Mini Bus,Low,12.71,12,12,6.33,21,On Time,53.14
TRIP202589,,Mini Bus,High,4.58,9,16,6.94,14,Moderate Delay,29.98
TRIP200228,Rainy,Mini Bus,Moderate,7.15,6,20,9.81,6,On Time,42.01
TRIP202911,Clear,Standard,Low,7.23,8,29,,15,On Time,27.83
TRIP209660,Clear,Standard,Severe,7.39,6,16,2.51,14,Moderate Delay,42.79
TRIP207644,Windy,Mini Bus,High,9.20,10,26,2.78,13,Severe Delay,62.73
TRIP205288,Rainy,Standard,High,3.09,3,29,8.63,22,Moderate Delay,34.62
TRIP205453,Clear,Mini Bus,Low,6.62,5,23,5.06,22,On Time,31.24
TRIP200261,Clear,Express,Low,9.67,6,17,3.30,12,On Time,27.88
TRIP203021,Clear,Mini Bus,High,5.72,9,34,15.60,14,Moderate Delay,25.70
TRIP200028,Foggy,Express,Moderate,6.70,6,24,7.12,13,On Time,25.95
TRIP200903,Windy,Express,Severe,21.97,24,26,4.46,13,Severe Delay,169.44
TRIP209094,Rainy,Express,Low,9.93,11,33,17.97,7,On Time,33.17
TRIP201803,Foggy,Express,Low,26.18,30,40,4.61,7,Severe Delay,124.85
TRIP207298,Rainy,Mini Bus,Moderate,13.70,13,17,2.20,22,Moderate Delay,65.43
TRIP203342,,Express,High,13.50,16,32,2.63,9,Severe Delay,70.67
TRIP209581,Clear,Standard,High,7.79,4,42,4.16,18,Moderate Delay,46.24
TRIP209381,Windy,Standard,Moderate,4.42,3,20,4.61,12,On Time,23.09
TRIP206891,Windy,Standard,High,8.24,9,19,2.93,12,On Time,63.08
TRIP207607,Rainy,Standard,High,5.06,8,30,5.27,20,Severe Delay,45.89
TRIP208546,Rainy,Mini Bus,Low,9.14,10,24,10.99,17,Severe Delay,46.94
TRIP209238,Windy,Standard,Severe,2.04,3,,1.25,11,Moderate Delay,14.90
TRIP202262,Clear,Mini Bus,High,9.28,10,8,12.02,22,Moderate Delay,50.43
TRIP207994,Rainy,Standard,Moderate,14.11,13,29,13.11,12,Moderate Delay,65.45
TRIP205608,,Mini Bus,High,8.18,10,26,10.35,10,Moderate Delay,54.20
TRIP201150,Clear,Standard,Severe,11.82,16,45,0.71,17,Severe Delay,94.95
TRIP208489,Clear,Mini Bus,Moderate,9.54,10,32,3.52,7,Moderate Delay,54.11
TRIP203234,Clear,Standard,Low,28.97,31,35,2.32,23,Severe Delay,155.78
TRIP203784,Windy,Standard,Moderate,5.27,7,45,2.96,21,On Time,24.87
TRIP200535,Clear,Mini Bus,Low,15.50,15,27,12.81,5,On Time,69.18
TRIP202963,Clear,Standard,High,2.00,3,29,,13,On Time,14.78
TRIP204515,Rainy,Express,High,21.75,27,25,4.85,6,Severe Delay,140.99
TRIP200936,Rainy,Express,Low,8.69,8,,6.57,23,On Time,39.43
TRIP202404,Clear,Mini Bus,Moderate,13.00,16,,3.70,23,On Time,58.60
TRIP204761,Clear,Standard,Low,4.69,8,40,2.99,14,On Time,31.32
TRIP205404,Clear,Standard,Severe,14.83,19,23,15.12,13,Moderate Delay,103.11
TRIP204226,Rainy,Mini Bus,Moderate,9.65,9,21,2.19,7,Severe Delay,52.93
TRIP203114,Clear,Express,High,5.62,8,18,12.34,22,On Time,25.12
TRIP204570,Clear,Standard,Severe,11.04,12,49,7.09,16,Severe Delay,81.39
TRIP206472,Clear,Standard,Low,21.06,25,36,4.77,8,Moderate Delay,98.36
TRIP207979,Clear,Express,Low,9.36,7,22,18.00,17,On Time,25.44
TRIP200458,Clear,Standard,High,5.23,4,42,4.51,12,Moderate Delay,33.68
TRIP202336,Clear,Standard,Moderate,8.89,7,25,7.71,20,On Time,40.83
TRIP207143,,Standard,High,8.21,9,41,4.15,5,Moderate Delay,45.48
TRIP202032,Windy,Standard,High,6.71,7,58,1.25,19,Severe Delay,46.54
TRIP202913,Rainy,Standard,High,20.02,17,29,2.07,20,Severe Delay,130.77
TRIP206756,Clear,Standard,Moderate,19.38,21,54,8.26,8,Severe Delay,108.82
TRIP201752,Clear,Express,Moderate,32.00,33,31,,18,Severe Delay,180.00
TRIP205183,Clear,Express,High,18.34,21,35,1.45,19,Severe Delay,118.43
TRIP205256,Windy,Mini Bus,Low,17.28,20,12,17.13,6,On Time,79.06
TRIP203604,Clear,Standard,Severe,12.16,15,31,1.61,19,Severe Delay,94.55
TRIP200196,Clear,Express,Severe,8.99,9,26,6.27,5,On Time,44.98
TRIP202550,Rainy,Express,Moderate,6.00,9,20,14.12,8,Moderate Delay,27.55
TRIP201519,Rainy,Standard,Moderate,6.19,4,53,2.46,9,Severe Delay,38.15
TRIP203861,Rainy,Express,Moderate,5.39,5,16,3.66,12,On Time,20.45
TRIP203538,Clear,Standard,Moderate,9.85,14,31,12.38,14,On Time,49.05
TRIP208631,,Standard,High,7.64,9,43,1.82,19,Severe Delay,65.21
TRIP206378,Windy,Standard,High,5.04,6,44,9.00,7,Moderate Delay,37.77
TRIP203068,Clear,Express,Moderate,7.67,5,,,8,Moderate Delay,32.38
TRIP204609,Clear,Express,Moderate,9.33,9,40,7.17,8,On Time,38.90
TRIP207828,Windy,Standard,High,7.49,6,39,6.45,10,On Time,39.13
TRIP203494,Clear,Standard,Low,10.00,13,12,7.50,19,Moderate Delay,44.72
TRIP204926,,Standard,High,9.59,13,26,9.33,10,Moderate Delay,58.10
TRIP209264,Clear,Mini Bus,Moderate,8.43,9,19,1.30,23,On Time,31.57
TRIP205686,Clear,Express,Moderate,17.19,13,14,3.75,22,On Time,69.42
TRIP206208,,Standard,Low,13.25,16,32,0.70,10,Moderate Delay,52.87
TRIP207267,Foggy,,High,4.49,3,27,3.18,18,Severe Delay,40.79
TRIP202693,,Mini Bus,High,16.29,18,15,18.00,15,Severe Delay,95.04
TRIP207447,Clear,Mini Bus,Low,3.28,3,11,1.16,12,On Time,12.00
TRIP200193,Clear,Express,High,4.44,5,37,4.73,17,On Time,22.80
TRIP208840,Rainy,Express,Low,12.96,16,20,3.79,7,Moderate Delay,53.64
TRIP200462,Rainy,Express,Moderate,7.28,10,35,0.96,10,Moderate Delay,31.48
TRIP201996,Windy,Express,Moderate,17.22,18,18,5.41,19,Moderate Delay,75.27
TRIP204084,Clear,Standard,High,6.81,4,44,5.92,21,Moderate Delay,47.11
TRIP200781,Rainy,Standard,Moderate,11.00,9,20,3.33,6,Moderate Delay,47.45
TRIP203681,Foggy,Standard,Moderate,9.53,11,32,,10,On Time,42.32
TRIP205810,Rainy,Standard,High,19.89,19,38,4.46,20,Severe Delay,143.14
TRIP205586,Rainy,Standard,Moderate,7.04,12,23,3.07,10,On Time,43.80
TRIP200734,Clear,Mini Bus,Low,7.58,7,26,3.83,15,On Time,28.57
TRIP203257,Windy,Mini Bus,Moderate,12.93,12,7,2.98,10,Moderate Delay,59.94
TRIP207547,Clear,Standard,High,6.56,6,29,14.95,14,On Time,29.01
TRIP208792,Clear,Standard,Severe,14.58,17,47,9.66,9,Severe Delay,108.68
TRIP207683,Rainy,Mini Bus,High,2.00,3,9,1.66,5,Severe Delay,32.87
TRIP201750,Clear,Mini Bus,Moderate,6.41,4,16,1.91,15,Moderate Delay,35.07
TRIP202090,Clear,Mini Bus,Moderate,13.07,11,34,5.18,7,Moderate Delay,58.51
TRIP207993,Clear,Standard,High,7.38,7,31,5.20,14,Moderate Delay,46.32
TRIP205042,Clear,Standard,High,20.71,23,29,3.26,22,Severe Delay,134.93
TRIP202371,Clear,Standard,Moderate,11.25,13,35,7.80,22,On Time,53.39
TRIP207507,Rainy,Standard,Low,9.71,7,25,9.95,5,On Time,42.14
TRIP207007,Rainy,Express,Low,6.86,8,34,11.09,10,On Time,21.31
TRIP208857,Clear,Express,High,11.51,14,9,8.44,11,On Time,42.96
TRIP208464,Clear,Express,Moderate,3.54,4,20,4.53,10,On Time,14.80
TRIP208865,Rainy,Standard,High,13.87,18,37,2.15,9,Severe Delay,103.96
TRIP200525,Clear,Express,Severe,17.38,23,32,3.73,9,Severe Delay,123.40
TRIP200975,Windy,Express,High,6.36,4,27,,15,On Time,17.91
TRIP202607,Clear,Standard,Moderate,6.24,7,36,7.30,16,Moderate Delay,34.08
TRIP206463,Clear,Mini Bus,Low,6.57,9,31,2.43,19,On Time,42.34
TRIP209295,Clear,Standard,Moderate,4.38,3,19,11.97,5,On Time,23.65
TRIP204531,Foggy,Standard,High,8.95,10,25,5.00,5,Moderate Delay,71.17
TRIP209785,Clear,Mini Bus,Severe,10.92,8,16,7.04,21,Moderate Delay,73.80
TRIP201466,Clear,Standard,Low,16.26,15,46,7.10,18,Moderate Delay,82.06
TRIP208560,Clear,Express,Moderate,20.12,24,34,8.56,17,Severe Delay,92.68
TRIP207341,Clear,Express,Moderate,12.06,16,19,2.10,13,On Time,34.04
TRIP200922,Clear,Mini Bus,Moderate,4.20,5,17,2.29,22,Moderate Delay,18.58
TRIP204787,Clear,Mini Bus,High,10.33,13,38,8.87,19,Severe Delay,56.68
TRIP202189,Rainy,Standard,High,4.24,5,25,4.75,20,Severe Delay,44.65
TRIP201189,Clear,Standard,High,8.68,8,42,9.54,14,On Time,48.82
TRIP205464,Rainy,Standard,Moderate,25.39,24,36,9.77,12,Severe Delay,147.91
TRIP201823,Clear,Standard,Low,6.23,5,44,6.73,14,On Time,30.18
TRIP209287,Clear,Standard,Moderate,5.74,9,41,18.00,15,On Time,37.15
TRIP206866,Clear,Standard,Moderate,3.38,3,24,16.95,15,On Time,12.00
TRIP203404,Windy,Mini Bus,High,3.53,3,13,4.21,20,On Time,26.11
TRIP209237,Clear,Standard,Moderate,24.46,24,38,16.49,7,Severe Delay,128.43
TRIP208603,Clear,Express,Moderate,12.97,17,32,3.18,9,Moderate Delay,61.04
TRIP202703,Clear,Express,Moderate,10.23,7,45,1.36,19,Severe Delay,32.27
TRIP203643,Windy,Standard,High,10.97,11,34,3.68,15,Moderate Delay,62.57
TRIP208777,,Express,Moderate,15.48,17,34,2.59,20,On Time,67.92
TRIP205902,Clear,Standard,Moderate,9.16,9,26,3.81,21,On Time,40.61
TRIP205443,Rainy,Express,High,11.67,13,21,3.33,21,Severe Delay,77.43
TRIP204426,Clear,Standard,High,14.43,13,44,4.54,10,Moderate Delay,79.26
TRIP200006,Clear,Standard,Severe,5.15,3,46,3.97,19,Severe Delay,36.24
TRIP209113,Rainy,Standard,High,7.46,8,16,8.19,21,Moderate Delay,52.04
TRIP205458,Clear,Mini Bus,Moderate,16.31,15,7,5.99,15,On Time,78.17
TRIP204127,Clear,Express,High,31.48,32,28,3.32,16,Severe Delay,180.00
TRIP208230,Rainy,Standard,Moderate,23.38,21,19,3.51,23,Moderate Delay,125.13
TRIP208570,Rainy,Standard,High,21.71,24,55,2.80,19,Severe Delay,167.09
TRIP206406,Foggy,Standard,Low,10.90,13,28,6.61,5,On Time,60.56
TRIP202727,Clear,Standard,High,7.86,7,28,8.56,10,Moderate Delay,34.46
TRIP203361,Clear,Standard,Severe,9.45,12,44,0.68,8,Severe Delay,81.53
TRIP208011,Clear,Standard,Moderate,13.69,14,38,10.09,21,On Time,69.85
TRIP205373,Rainy,Standard,Moderate,3.53,3,42,4.89,8,Severe Delay,32.21
TRIP201103,Clear,Express,Severe,14.49,17,25,8.84,21,Moderate Delay,91.66
TRIP207856,Windy,Express,High,16.34,19,37,4.05,18,Severe Delay,86.62
TRIP200633,Rainy,Mini Bus,Moderate,12.72,12,12,4.82,21,On Time,66.07
TRIP208662,Clear,Standard,Moderate,11.26,11,29,10.52,11,On Time,48.22
TRIP201693,Clear,Mini Bus,Low,8.53,10,30,1.13,8,Moderate Delay,38.75
TRIP204013,Foggy,Standard,High,7.57,9,27,4.93,6,Severe Delay,56.79
TRIP209008,Rainy,,High,16.67,18,44,0.97,9,Severe Delay,114.94
TRIP206308,Clear,Express,Low,12.03,14,36,15.98,8,On Time,36.10
TRIP201346,Rainy,Standard,Moderate,20.72,22,40,11.73,14,Moderate Delay,115.61
TRIP206619,Clear,Mini Bus,High,11.68,12,15,2.12,23,Severe Delay,77.85
TRIP209231,Clear,Express,High,3.25,3,45,6.65,16,Moderate Delay,24.95
TRIP202123,Clear,Express,Moderate,12.92,15,36,6.23,18,Moderate Delay,49.72
TRIP205098,Windy,Mini Bus,Low,10.14,17,15,8.63,15,On Time,51.79
TRIP206345,Clear,,High,5.57,5,21,4.28,20,On Time,38.01
TRIP200961,Rainy,,High,5.00,3,43,2.57,12,Severe Delay,42.70
TRIP203545,Clear,Express,Low,17.68,18,13,6.36,15,On Time,56.43
TRIP205905,Clear,Standard,Moderate,8.93,9,26,2.76,14,Moderate Delay,43.29
TRIP209243,Clear,Standard,High,3.55,5,,5.10,6,On Time,30.60
TRIP208620,Foggy,Mini Bus,High,18.80,21,31,6.58,19,Severe Delay,140.25
TRIP202968,Clear,Standard,Severe,9.26,9,29,0.89,21,Moderate Delay,67.69
TRIP203715,Rainy,Express,High,9.91,11,29,4.23,23,Moderate Delay,58.84
TRIP206084,Clear,Standard,Low,9.50,9,46,6.03,16,Moderate Delay,42.33
TRIP208099,Clear,Standard,Severe,9.37,7,49,3.05,7,Severe Delay,61.20
TRIP202471,Clear,Standard,Severe,7.27,11,14,2.67,21,Moderate Delay,50.35
TRIP208165,Rainy,Mini Bus,Moderate,17.74,18,45,3.14,9,Severe Delay,107.98
TRIP200997,Clear,Mini Bus,Moderate,7.89,3,14,2.82,11,On Time,32.11
TRIP207469,Foggy,Mini Bus,Moderate,4.44,5,17,7.42,23,On Time,40.58
TRIP204495,Clear,Standard,Moderate,16.64,16,40,13.51,23,Moderate Delay,81.47
TRIP205740,Windy,Standard,Low,5.17,5,35,6.84,20,On Time,28.29
TRIP201620,Clear,Standard,High,16.45,19,63,5.55,19,Severe Delay,101.41
TRIP208142,Clear,Express,Severe,6.00,3,8,2.88,11,Moderate Delay,36.78
TRIP201633,Clear,Standard,Severe,8.90,8,57,9.65,17,Severe Delay,75.37
TRIP203330,Rainy,Mini Bus,Severe,8.20,8,8,16.33,11,Moderate Delay,73.39
TRIP205069,Windy,Mini Bus,High,11.61,14,27,4.84,16,Severe Delay,75.47
TRIP209608,Rainy,Standard,Moderate,10.10,8,35,5.29,15,On Time,48.96
TRIP204346,Windy,Mini Bus,High,3.04,6,27,4.11,12,Moderate Delay,32.50
TRIP201242,Clear,Standard,High,9.21,10,32,3.75,11,Moderate Delay,57.59
TRIP203176,Clear,Express,Moderate,5.35,10,30,9.79,7,On Time,23.82
TRIP200206,Rainy,Standard,Severe,18.09,23,23,16.52,14,Severe Delay,157.58
TRIP202329,Clear,Standard,High,10.83,13,53,7.99,16,Severe Delay,71.69
TRIP200864,Clear,Standard,Low,13.91,14,55,3.71,18,Severe Delay,65.39
TRIP203383,Clear,Standard,Moderate,2.65,3,46,8.29,6,On Time,21.24
TRIP204623,Clear,Standard,Severe,4.77,5,43,5.04,9,Moderate Delay,36.69
TRIP203767,Windy,Express,Moderate,5.07,7,5,11.19,12,On Time,17.92
TRIP208637,Clear,Standard,Moderate,8.43,7,35,6.99,21,On Time,30.43
TRIP204720,Rainy,Standard,High,20.69,20,27,1.01,11,Severe Delay,143.80
TRIP207356,Clear,Standard,Moderate,9.51,11,34,3.18,19,Moderate Delay,50.03
TRIP203571,Rainy,Standard,Moderate,,13,65,3.33,15,Severe Delay,62.45
TRIP206021,Clear,Standard,Moderate,6.59,7,32,4.67,15,On Time,31.04
TRIP205295,Windy,Standard,Severe,4.16,4,41,11.51,17,Severe Delay,38.00
TRIP209610,Windy,Mini Bus,Moderate,13.15,13,3,5.36,9,Moderate Delay,74.61
TRIP201237,Rainy,Standard,High,23.08,22,38,5.68,9,Severe Delay,162.42
TRIP207383,Windy,Express,Moderate,7.41,11,,3.17,16,On Time,29.13
TRIP206101,,Standard,Moderate,8.52,6,36,12.07,15,On Time,36.98
TRIP209350,Clear,Standard,Moderate,6.97,13,30,8.20,21,Moderate Delay,32.43
TRIP201705,Rainy,Mini Bus,High,5.64,6,29,5.76,9,Severe Delay,56.26
TRIP200876,Clear,Standard,Moderate,17.31,21,37,12.84,13,Moderate Delay,81.21
TRIP200576,Clear,Express,Moderate,15.60,14,3,2.91,13,On Time,59.50
TRIP202585,Clear,Standard,Moderate,8.26,10,35,7.32,14,On Time,35.50
TRIP201269,Clear,Mini Bus,High,9.54,11,18,3.91,6,Moderate Delay,69.04
TRIP200253,Clear,Standard,Moderate,15.25,16,34,5.82,22,On Time,75.89
TRIP205085,Windy,Standard,Moderate,16.58,14,32,2.67,11,On Time,78.50
TRIP209291,Rainy,Express,High,8.79,13,12,6.14,14,Moderate Delay,55.50
TRIP203743,Rainy,Mini Bus,Low,19.09,22,31,11.68,18,Moderate Delay,96.84
TRIP203292,Clear,Mini Bus,Moderate,8.72,9,19,5.94,5,On Time,43.76
TRIP209845,Clear,Standard,Severe,7.44,10,47,10.21,22,Moderate Delay,57.46
TRIP208948,Windy,Standard,High,13.50,13,45,7.58,7,Severe Delay,86.92
TRIP203978,Clear,Standard,Severe,6.72,9,39,2.37,6,Moderate Delay,45.11
TRIP207813,Windy,Mini Bus,Moderate,3.71,3,41,1.58,9,Moderate Delay,28.47
TRIP206173,Clear,Mini Bus,Moderate,16.86,18,,5.29,8,Severe Delay,95.61
TRIP209518,Clear,Mini Bus,Low,4.05,5,35,2.39,17,Moderate Delay,28.39
TRIP207811,Clear,Mini Bus,Moderate,6.96,4,27,7.97,9,On Time,47.83
TRIP202089,Rainy,Standard,Low,8.13,7,29,3.73,23,On Time,40.97
TRIP207014,Clear,Standard,Moderate,13.20,11,26,8.84,23,On Time,58.89
TRIP208757,Clear,Standard,Moderate,4.28,6,55,1.83,7,Severe Delay,40.37
TRIP207120,Rainy,Standard,Moderate,10.51,11,25,7.42,12,Moderate Delay,64.58
TRIP201058,Clear,Standard,Moderate,2.83,3,40,1.25,23,On Time,15.45
TRIP209828,Clear,Mini Bus,Moderate,12.39,14,23,12.45,9,Severe Delay,63.40
TRIP205223,Clear,Standard,Severe,5.63,4,14,7.02,10,On Time,42.81
TRIP207397,Clear,Mini Bus,Moderate,18.72,21,23,4.18,15,On Time,102.73
TRIP200268,Clear,Standard,Low,7.64,6,39,1.65,11,On Time,17.17
TRIP207048,Clear,Standard,Low,12.58,13,41,2.45,13,On Time,54.85
TRIP200312,Windy,Standard,Severe,9.61,11,40,5.38,19,Severe Delay,74.94
TRIP203497,Rainy,Mini Bus,Moderate,9.83,9,17,6.08,6,Moderate Delay,60.51
TRIP209434,Rainy,Standard,Low,14.60,14,26,2.21,5,Moderate Delay,67.34
TRIP207522,Clear,Mini Bus,Severe,4.24,7,34,3.08,7,Severe Delay,35.37
TRIP208903,Rainy,Mini Bus,Moderate,6.76,7,25,6.35,10,Moderate Delay,45.13
TRIP203640,Clear,Express,High,8.39,11,24,11.29,18,Moderate Delay,42.68
TRIP204464,Clear,Standard,High,16.45,20,32,6.86,8,Severe Delay,109.58
TRIP208565,Clear,Standard,Moderate,13.34,11,37,4.69,9,Moderate Delay,64.57
TRIP200650,Windy,Standard,Moderate,22.15,27,34,7.11,15,Moderate Delay,132.50
TRIP200275,Windy,Express,High,12.01,12,25,9.89,18,Moderate Delay,63.78
TRIP203998,Clear,Standard,High,4.41,4,35,5.75,16,Moderate Delay,37.83
TRIP204375,Windy,Mini Bus,High,4.44,3,41,4.92,19,Severe Delay,49.82
TRIP207940,Clear,Standard,High,7.98,10,35,11.30,17,Moderate Delay,51.49
TRIP207946,,Standard,Moderate,5.29,10,40,,13,On Time,28.57
TRIP204171,,Express,Moderate,9.70,10,19,11.84,11,On Time,33.42
TRIP207318,Foggy,Standard,High,7.23,8,33,2.15,12,Moderate Delay,58.29
TRIP200137,,Standard,High,10.13,12,30,2.76,10,Moderate Delay,66.41
TRIP206683,Windy,Standard,High,13.73,14,32,10.19,11,Moderate Delay,84.52
TRIP200293,,Mini Bus,Moderate,2.12,3,27,8.26,23,On Time,29.37
TRIP202059,Rainy,Mini Bus,Moderate,3.60,5,21,2.06,8,Moderate Delay,37.32
TRIP206052,Clear,Standard,High,15.62,17,24,2.70,13,Moderate Delay,90.52
TRIP201041,Clear,Standard,High,13.68,17,27,4.47,22,Moderate Delay,80.00
TRIP200354,Rainy,Express,Moderate,15.37,17,35,2.88,20,Severe Delay,70.97
TRIP201156,Rainy,Express,High,14.22,14,38,5.78,10,Moderate Delay,79.03
TRIP207869,Windy,Standard,High,7.35,10,43,7.75,5,On Time,38.97
TRIP204962,Clear,Standard,Moderate,22.40,25,29,3.04,13,Severe Delay,127.88
TRIP200904,Clear,Express,High,12.40,13,52,4.75,9,Severe Delay,68.43
TRIP205765,Clear,Standard,Moderate,5.96,5,26,6.11,15,On Time,27.44
TRIP208194,Windy,Express,Low,14.04,9,37,2.24,16,Moderate Delay,63.07
TRIP202020,Clear,Mini Bus,Low,5.10,9,25,6.51,21,On Time,16.87
TRIP207702,Rainy,Standard,Moderate,18.89,21,31,6.41,13,Moderate Delay,91.57
TRIP200826,Clear,Standard,High,11.62,12,40,4.70,6,Moderate Delay,65.10
TRIP202392,Clear,Standard,Moderate,,15,40,4.06,18,Moderate Delay,65.31
TRIP208602,Clear,Express,Low,5.01,6,13,7.20,6,On Time,12.00
TRIP208319,Rainy,Standard,Low,8.44,9,51,16.65,16,On Time,47.23
TRIP200769,Rainy,Express,Moderate,11.43,9,28,1.32,7,Severe Delay,48.83
TRIP200832,Rainy,Standard,Low,13.37,15,46,7.43,9,Severe Delay,70.13
TRIP204836,Clear,Express,High,6.64,8,8,6.53,22,On Time,26.85
TRIP202166,Clear,Standard,Low,4.18,3,29,2.40,15,On Time,16.59
TRIP206836,Rainy,Standard,Low,9.47,12,53,5.25,18,Severe Delay,42.18
TRIP200515,Windy,Standard,High,2.19,3,34,4.92,8,Moderate Delay,28.23
TRIP206668,Clear,Standard,Moderate,7.12,8,22,4.33,23,On Time,28.64
TRIP207668,Rainy,Standard,High,8.85,7,48,,16,Severe Delay,70.45
TRIP204313,Clear,Standard,Severe,14.81,19,34,4.73,23,Moderate Delay,104.76
TRIP205000,Clear,Standard,High,7.17,7,36,5.20,6,On Time,48.55
TRIP201413,Clear,Standard,High,8.51,11,21,2.31,6,Moderate Delay,55.74
TRIP203644,Clear,Standard,High,6.63,3,39,11.56,10,On Time,33.98
TRIP203927,Foggy,Standard,Low,18.52,20,48,5.43,11,Moderate Delay,81.28
TRIP206437,Windy,Express,High,12.86,15,32,3.74,19,Severe Delay,62.96
TRIP208746,Rainy,Standard,Low,12.02,13,31,5.80,23,On Time,52.78
TRIP205025,Clear,Standard,High,4.92,3,33,4.74,6,On Time,30.29
TRIP203418,Windy,Standard,Severe,11.13,8,30,2.51,20,Moderate Delay,79.43
TRIP202880,Windy,Standard,Moderate,6.20,5,30,1.66,8,Moderate Delay,43.86
TRIP201140,Clear,Standard,Moderate,5.22,5,46,3.69,14,On Time,28.07
TRIP204670,Rainy,Mini Bus,Severe,12.05,14,7,10.57,15,Severe Delay,84.96
TRIP204095,Clear,Mini Bus,High,11.66,9,42,14.84,7,Severe Delay,68.74
TRIP209077,Clear,Express,Severe,7.49,8,15,9.66,11,On Time,46.73
TRIP206815,Clear,Standard,Low,9.70,8,61,14.14,23,On Time,33.57
TRIP205039,Clear,Express,High,14.98,17,42,13.90,17,Severe Delay,78.23
TRIP208534,Rainy,Standard,Moderate,18.48,21,29,12.46,5,Severe Delay,95.37
TRIP201945,Windy,Mini Bus,Low,6.06,9,29,6.29,12,On Time,30.32
TRIP206806,Clear,Express,Severe,10.57,11,26,12.42,23,Moderate Delay,62.64
TRIP204505,Windy,Standard,Moderate,4.17,3,39,11.63,23,On Time,36.30
TRIP205730,Rainy,Standard,High,4.84,7,33,5.93,21,Moderate Delay,49.02
TRIP204656,Clear,Mini Bus,Moderate,8.12,9,33,6.03,11,On Time,44.75
TRIP209774,Clear,Standard,Moderate,5.44,8,40,1.08,13,Moderate Delay,20.12
TRIP200928,Clear,Standard,Moderate,12.13,17,38,1.07,10,Severe Delay,52.52
TRIP203727,Clear,Standard,High,13.01,13,30,1.89,21,Moderate Delay,73.12
TRIP203946,Clear,Standard,High,4.71,3,50,7.30,9,Severe Delay,31.52
TRIP206652,Rainy,Standard,Moderate,3.41,7,49,2.74,11,Severe Delay,36.87
TRIP207096,Clear,Standard,High,16.73,18,28,6.39,18,Severe Delay,108.17
TRIP204815,Rainy,Standard,Severe,7.15,6,42,14.98,11,Severe Delay,56.16
TRIP204811,,Express,High,9.64,10,3,5.70,5,On Time,55.50
TRIP206703,Clear,Mini Bus,Severe,20.91,26,13,18.00,6,Severe Delay,163.31
TRIP204775,Clear,Standard,High,11.06,15,39,6.20,20,Moderate Delay,71.17
TRIP208645,Foggy,Mini Bus,Moderate,9.86,12,23,15.15,20,On Time,55.76
TRIP207818,Clear,Mini Bus,Low,9.98,14,25,8.53,20,On Time,44.39
TRIP209014,Clear,Standard,Moderate,8.60,10,42,4.93,10,On Time,48.95
TRIP207982,Clear,Express,Moderate,13.64,16,16,3.21,11,On Time,49.70
TRIP207385,Clear,Standard,Severe,22.92,25,36,5.34,23,Severe Delay,174.49
TRIP204688,Windy,Standard,Moderate,16.46,18,38,0.94,13,Moderate Delay,81.07
TRIP205865,Clear,Standard,Moderate,12.19,14,,5.43,8,Severe Delay,67.61
TRIP209671,Clear,Standard,Moderate,5.57,5,29,5.14,5,On Time,28.41
TRIP202804,Clear,Standard,Severe,9.73,12,42,5.37,12,Moderate Delay,62.59
TRIP209283,Clear,Standard,Low,15.96,14,42,13.34,14,On Time,59.74
TRIP200829,Clear,Mini Bus,Moderate,16.93,23,32,7.04,18,Severe Delay,92.54
TRIP202014,Rainy,Express,High,5.21,3,14,2.07,21,Moderate Delay,36.89
TRIP208312,Windy,Standard,Moderate,4.95,4,39,,13,On Time,29.00
TRIP201226,Rainy,Express,High,25.40,24,32,2.00,19,Severe Delay,165.60
TRIP207623,Clear,Standard,Low,5.67,3,45,10.08,19,Moderate Delay,18.99
TRIP202012,Foggy,Standard,Severe,4.74,4,22,1.53,22,Severe Delay,47.49
TRIP207912,Clear,Express,High,17.64,19,26,9.61,21,Moderate Delay,92.55
TRIP206521,Rainy,Standard,Moderate,3.31,7,14,2.31,21,On Time,24.17
TRIP202774,Clear,Standard,Moderate,6.34,3,48,18.00,16,Moderate Delay,25.28
TRIP203563,Rainy,Standard,Low,24.17,28,37,9.30,23,Severe Delay,122.05
TRIP206102,Clear,Standard,Severe,7.70,6,50,3.55,14,Moderate Delay,56.44
TRIP205964,Clear,Express,High,13.02,15,18,11.17,5,On Time,59.23
TRIP204638,Windy,Mini Bus,High,8.87,10,15,8.71,10,On Time,50.83
TRIP208816,Foggy,Express,Moderate,2.64,3,27,13.74,16,On Time,24.31
TRIP208012,Clear,Standard,Moderate,10.85,7,38,10.21,19,Moderate Delay,55.95
TRIP208744,Clear,Express,High,11.87,13,26,2.71,12,Moderate Delay,42.18
TRIP200868,Clear,,Low,4.84,9,36,5.46,13,On Time,20.62
TRIP206391,Clear,Express,Low,15.77,16,26,3.86,12,On Time,57.93
TRIP204274,Rainy,Standard,High,6.49,11,16,2.25,6,Severe Delay,58.81
TRIP205797,Rainy,Standard,Severe,11.08,12,40,9.45,23,Severe Delay,87.76
TRIP209741,Rainy,Express,High,10.94,11,35,5.57,18,Severe Delay,80.39
TRIP206518,Foggy,Standard,High,9.24,11,47,2.64,7,Severe Delay,64.99
TRIP200609,Clear,Standard,High,13.26,15,41,8.79,8,Moderate Delay,74.02
TRIP204367,Clear,Standard,Moderate,15.11,18,18,3.36,5,Moderate Delay,65.98
TRIP208823,Clear,Mini Bus,High,16.37,18,24,9.80,13,Moderate Delay,99.80
TRIP207800,Clear,Standard,Severe,13.20,15,60,5.00,7,Severe Delay,102.01
TRIP202138,Clear,Mini Bus,Severe,16.30,17,41,6.48,16,Severe Delay,125.26
TRIP201098,Rainy,Mini Bus,Moderate,2.89,3,16,9.23,15,On Time,21.19
TRIP206278,Rainy,Standard,High,7.18,7,25,7.18,13,Severe Delay,52.76
TRIP208245,Windy,Standard,High,9.33,10,39,8.64,9,Moderate Delay,71.77
TRIP201265,Rainy,Standard,Moderate,22.10,22,45,4.94,15,Severe Delay,133.16
TRIP207360,Clear,Standard,Severe,3.26,6,33,9.32,10,On Time,33.65
TRIP204690,Clear,Standard,High,17.16,14,34,4.58,18,Severe Delay,105.74
TRIP201551,Clear,Mini Bus,High,12.78,11,22,1.88,19,Severe Delay,71.32
TRIP206371,Windy,Standard,High,7.67,4,47,5.25,23,Moderate Delay,37.99
TRIP209123,Windy,Standard,Low,17.32,18,49,12.46,16,Moderate Delay,81.12
TRIP201120,Clear,Standard,Moderate,16.22,17,28,15.41,22,On Time,76.78
TRIP209329,Foggy,Standard,Severe,12.64,13,28,5.04,8,Severe Delay,99.18
TRIP209791,,Mini Bus,Moderate,4.08,4,12,4.29,12,On Time,25.87
TRIP202710,Rainy,Standard,High,8.46,9,40,5.26,12,Severe Delay,66.81
TRIP206910,Foggy,Mini Bus,Severe,10.27,8,3,18.00,23,Severe Delay,70.68
TRIP205951,Clear,Standard,Severe,14.44,12,37,8.29,17,Severe Delay,103.03
TRIP207891,Clear,Mini Bus,Low,8.62,11,32,18.00,7,On Time,43.99
TRIP208795,Rainy,Express,Low,18.34,20,16,8.39,22,On Time,66.18
TRIP200626,Windy,Express,High,9.37,7,16,8.76,15,On Time,40.98
TRIP203389,Clear,Mini Bus,Low,5.55,7,28,4.54,16,On Time,30.22
TRIP209694,Clear,Standard,High,4.58,4,54,8.03,7,Moderate Delay,43.36
TRIP203877,Clear,Mini Bus,Severe,8.35,7,15,9.09,17,Severe Delay,57.64
TRIP206585,Windy,Standard,High,12.42,13,43,0.99,6,Moderate Delay,82.84
TRIP206470,Rainy,Standard,Moderate,21.17,21,44,1.51,7,Severe Delay,110.79
TRIP207752,Windy,Standard,Moderate,6.69,6,42,5.36,6,On Time,38.39
TRIP204991,Clear,Standard,Severe,14.58,14,28,6.30,13,Moderate Delay,93.23
TRIP203697,Clear,Standard,High,3.96,5,34,8.70,6,On Time,27.50
TRIP201908,Rainy,Standard,Severe,6.12,3,55,13.32,17,Severe Delay,47.15
TRIP200714,Windy,Express,High,6.83,6,23,2.91,11,Moderate Delay,33.60
TRIP209725,Clear,Express,Severe,8.31,13,25,3.31,18,Moderate Delay,57.83
TRIP202564,Clear,Standard,Moderate,9.52,11,30,2.53,15,Moderate Delay,43.05
TRIP205494,Clear,Express,Moderate,17.68,17,24,7.18,10,On Time,72.28
TRIP203309,Clear,Standard,Low,8.69,11,41,4.29,9,On Time,43.88
TRIP205805,Rainy,Mini Bus,Moderate,21.64,26,8,6.61,12,Severe Delay,127.06
TRIP205157,Rainy,Mini Bus,Severe,30.59,29,13,4.52,12,Severe Delay,180.00
TRIP203001,Clear,Standard,High,8.55,9,37,,12,On Time,50.47
TRIP200123,Clear,Standard,High,16.52,21,55,6.09,16,Severe Delay,106.11
TRIP205436,Clear,Mini Bus,Severe,16.20,16,8,3.75,14,Severe Delay,126.15
TRIP200453,Windy,Standard,High,11.89,13,30,16.33,6,Moderate Delay,64.74
TRIP205102,Rainy,Standard,Moderate,9.60,10,44,7.96,18,Moderate Delay,65.07
TRIP209031,Windy,Standard,Severe,6.88,7,34,2.04,10,Severe Delay,49.51
TRIP202811,Clear,Express,Moderate,9.45,11,21,6.93,6,On Time,33.51
TRIP209562,Clear,Standard,Low,4.49,6,32,6.94,22,On Time,24.65
TRIP204734,Clear,Standard,Severe,7.29,4,26,2.44,14,On Time,45.31
TRIP204739,Rainy,Standard,High,5.28,3,37,10.53,19,Severe Delay,48.98
TRIP207078,Windy,Mini Bus,High,7.79,11,3,8.08,20,Moderate Delay,44.21
TRIP201127,Windy,Mini Bus,Moderate,4.79,6,28,2.86,11,On Time,37.44
TRIP209720,Clear,Mini Bus,Low,14.30,17,14,17.50,18,Moderate Delay,66.51
TRIP209050,Rainy,Standard,Severe,10.93,11,42,12.23,19,Severe Delay,91.66
TRIP208300,Clear,Mini Bus,High,8.52,10,27,7.66,10,On Time,48.70
TRIP200854,Foggy,Standard,Low,4.87,5,52,3.63,18,Severe Delay,32.85
TRIP208705,Clear,Standard,Moderate,11.51,11,34,9.10,21,On Time,54.94
TRIP209485,Clear,Standard,High,12.84,11,55,2.72,9,Severe Delay,85.48
TRIP209357,Clear,Standard,Low,5.62,10,34,10.73,23,On Time,22.55
TRIP205306,Rainy,Standard,Low,9.05,12,46,,18,Severe Delay,45.18
TRIP204920,Rainy,Standard,Moderate,14.20,14,32,1.34,8,Severe Delay,79.78
TRIP200635,Windy,Standard,High,6.45,3,32,6.68,14,On Time,39.48
TRIP207673,Clear,Standard,High,12.56,14,31,10.02,6,Moderate Delay,81.33
TRIP206900,Foggy,Standard,Low,25.14,24,50,1.57,22,Severe Delay,126.55
TRIP202284,Windy,Standard,Moderate,6.75,6,34,3.34,12,On Time,32.72
TRIP200443,Clear,Standard,High,6.20,8,40,3.99,5,On Time,46.54
TRIP208939,Clear,Standard,High,11.16,14,38,9.43,6,Moderate Delay,57.97
TRIP207919,Clear,Standard,Moderate,10.74,11,33,7.69,17,Moderate Delay,60.00
TRIP207612,Clear,Standard,High,11.75,13,43,7.76,21,Moderate Delay,72.92
TRIP204245,Clear,Mini Bus,High,4.15,3,32,9.97,19,Moderate Delay,33.39
TRIP208451,,Standard,High,15.71,13,39,4.73,23,Moderate Delay,102.68
TRIP202985,Foggy,Standard,Severe,6.84,8,31,9.38,20,Moderate Delay,49.26
TRIP200309,Clear,Standard,High,11.35,9,29,3.29,6,On Time,64.58
TRIP203038,Clear,,High,7.23,6,18,3.80,9,Moderate Delay,50.58
TRIP206293,Clear,Mini Bus,Moderate,12.17,16,9,2.19,22,Severe Delay,58.70
TRIP207370,Clear,Standard,Severe,10.08,12,26,7.96,12,On Time,63.77
TRIP202454,Clear,Standard,Moderate,18.23,22,42,8.58,15,On Time,92.12
TRIP201617,Rainy,Mini Bus,Severe,10.77,16,29,1.56,16,Severe Delay,102.72
TRIP205285,Clear,Standard,Low,4.23,4,55,7.95,14,On Time,27.45
TRIP203204,Rainy,Standard,Low,8.50,12,28,3.98,14,On Time,46.38
TRIP209104,Rainy,Express,Severe,4.20,6,38,2.24,17,Severe Delay,48.64
TRIP204834,Clear,,Low,9.01,7,8,7.87,11,On Time,35.06
TRIP208499,Clear,Standard,Moderate,7.92,8,47,7.64,23,Moderate Delay,37.77
TRIP202489,Clear,Express,High,3.55,7,12,9.05,6,On Time,12.00
TRIP200914,Clear,Standard,High,12.25,11,39,9.70,16,Severe Delay,91.25
TRIP205974,Clear,Mini Bus,Low,15.88,13,20,3.18,5,On Time,62.42
TRIP202383,Clear,Mini Bus,Moderate,6.92,6,9,8.02,10,On Time,34.91
TRIP204696,Clear,Mini Bus,Moderate,6.62,7,15,18.00,5,On Time,28.56
TRIP200233,Clear,Mini Bus,High,6.87,9,7,2.68,22,Moderate Delay,50.14
TRIP208202,Clear,Mini Bus,High,11.42,10,32,2.86,8,Severe Delay,76.72
TRIP208952,Rainy,Mini Bus,Severe,2.86,8,19,9.49,5,Severe Delay,53.86
TRIP200295,Clear,Standard,Low,14.40,15,33,6.97,9,Moderate Delay,61.72
TRIP209206,Rainy,Express,High,8.72,5,33,8.52,8,Severe Delay,51.16
TRIP208414,Windy,Standard,Moderate,24.57,28,53,5.78,9,Severe Delay,139.14
TRIP203339,Clear,Mini Bus,Moderate,12.40,8,19,12.50,16,On Time,55.16
TRIP207536,Windy,Express,High,9.69,13,45,4.11,17,Severe Delay,60.67
TRIP203423,Clear,Standard,High,12.06,12,22,7.58,11,On Time,71.57
TRIP209095,Rainy,Standard,Low,12.11,10,41,12.10,22,On Time,43.96
TRIP208611,Windy,Express,Low,19.65,19,,1.85,9,Severe Delay,78.87
TRIP209354,Clear,Standard,High,5.24,3,27,3.78,13,Moderate Delay,35.54
TRIP204477,Rainy,Standard,Moderate,23.74,25,36,2.88,23,Severe Delay,135.69
TRIP208038,Clear,Standard,High,10.24,10,29,12.33,5,Moderate Delay,48.71
TRIP207072,Clear,Mini Bus,Low,9.82,7,23,14.48,9,Moderate Delay,40.80
TRIP208889,Windy,Standard,High,5.28,6,21,5.21,23,Moderate Delay,40.29
TRIP205247,Foggy,Express,High,9.67,10,22,14.43,12,Moderate Delay,57.60
TRIP203458,Clear,Standard,Moderate,10.62,12,43,1.45,7,Severe Delay,44.54
TRIP205478,Rainy,Express,Low,9.08,8,37,1.73,23,On Time,25.64
TRIP202753,Rainy,Standard,Moderate,5.08,8,30,2.61,12,Moderate Delay,26.31
TRIP207677,Clear,Express,High,6.37,6,25,3.69,11,On Time,24.52
TRIP202527,Clear,Standard,Severe,5.68,3,44,10.03,5,On Time,41.78
TRIP208169,Rainy,Standard,Moderate,9.01,8,48,5.35,15,Moderate Delay,51.66
TRIP201463,Clear,Standard,Low,14.94,17,26,4.48,5,On Time,66.17
TRIP202223,Clear,Standard,Low,11.49,11,40,9.35,5,On Time,43.70
TRIP201600,Clear,Standard,Moderate,7.31,10,42,5.30,7,On Time,46.95
TRIP201229,Windy,Mini Bus,High,9.31,8,26,2.51,18,Severe Delay,66.96
TRIP202039,Clear,Standard,Moderate,10.50,11,52,10.00,6,On Time,42.56
TRIP205825,Clear,Standard,High,,23,19,5.58,15,Moderate Delay,112.38
TRIP209239,Clear,Mini Bus,Moderate,10.69,10,13,5.70,11,On Time,53.82
TRIP208057,Clear,Standard,Low,19.14,21,46,13.04,17,Severe Delay,77.20
TRIP207164,Rainy,Standard,Severe,10.33,12,43,4.14,18,Severe Delay,92.25
TRIP201007,Clear,Mini Bus,High,11.77,12,9,4.92,6,Moderate Delay,65.98
TRIP203116,Clear,Standard,Low,6.51,7,49,9.55,9,Moderate Delay,27.12
TRIP208480,,Mini Bus,Low,18.71,16,3,10.62,21,Moderate Delay,77.50
TRIP203457,,Standard,Moderate,9.29,9,39,4.48,19,Moderate Delay,49.44
TRIP200323,Clear,Standard,Severe,19.53,19,41,3.54,17,Severe Delay,154.60
TRIP208416,Clear,Standard,High,15.74,18,44,2.72,16,Severe Delay,96.96
TRIP204922,Windy,Standard,High,9.76,11,56,17.82,16,Severe Delay,69.36
TRIP202173,Clear,Standard,Severe,4.72,5,37,9.19,13,Moderate Delay,41.13
TRIP201508,Clear,Standard,Moderate,6.58,6,36,1.54,5,On Time,27.39
TRIP207085,Clear,Mini Bus,High,19.91,23,31,10.97,11,Severe Delay,119.57
TRIP203003,Clear,Express,Severe,14.06,16,3,11.74,20,Moderate Delay,85.95
TRIP207630,Clear,Express,High,17.12,20,20,,15,Severe Delay,90.96
TRIP202378,Clear,Standard,High,15.69,18,43,1.58,9,Severe Delay,106.60
TRIP202086,Windy,Standard,High,10.82,10,50,3.81,8,Severe Delay,73.38
TRIP200972,Foggy,Standard,High,8.59,8,39,4.97,7,Severe Delay,60.97
TRIP201469,Clear,Standard,High,13.82,16,56,10.69,14,Moderate Delay,77.14
TRIP202384,Clear,Standard,Low,6.66,9,36,5.84,10,On Time,32.38
TRIP209762,Rainy,Mini Bus,Low,6.66,8,38,6.12,13,On Time,33.55
TRIP202339,Foggy,Standard,High,5.46,4,28,17.03,23,Moderate Delay,45.30
TRIP202232,Rainy,Standard,Low,8.30,11,17,2.73,12,Moderate Delay,36.99
TRIP203483,Clear,Standard,Moderate,4.14,3,17,3.84,23,On Time,18.71
TRIP206631,Rainy,Standard,High,14.54,18,50,15.56,22,Severe Delay,101.96
TRIP203313,Clear,Mini Bus,Moderate,20.59,20,20,3.79,22,Moderate Delay,115.52
TRIP200585,Clear,Mini Bus,Moderate,8.43,8,3,6.55,10,On Time,26.57
TRIP207584,Clear,Standard,High,7.23,11,33,3.55,16,Severe Delay,41.70
TRIP204840,Clear,Express,High,3.80,5,29,6.40,6,On Time,21.22
TRIP200888,Windy,Mini Bus,High,2.76,3,25,5.41,9,Severe Delay,26.48
TRIP209624,Rainy,Express,High,9.16,9,24,1.48,19,Severe Delay,52.30
TRIP208606,Rainy,Express,High,21.58,26,32,4.22,16,Severe Delay,142.71
TRIP204972,Clear,Standard,Moderate,3.99,3,40,2.83,12,Moderate Delay,31.46
TRIP209362,Rainy,Standard,High,7.04,6,22,,8,Severe Delay,67.90
TRIP202978,Windy,Standard,Severe,8.62,12,27,2.11,11,Moderate Delay,67.95
TRIP201817,Clear,Express,Severe,7.95,6,26,7.42,15,Moderate Delay,47.60
TRIP204952,Clear,Express,High,5.48,5,28,2.79,17,Severe Delay,34.33
TRIP201570,Clear,Standard,Moderate,10.41,11,28,3.67,20,On Time,37.32
TRIP203893,Foggy,Mini Bus,Moderate,6.75,5,37,8.38,7,Moderate Delay,40.40
TRIP200416,Clear,Express,Moderate,10.10,6,16,3.21,11,On Time,30.86
TRIP202709,Clear,Standard,Moderate,3.83,3,61,2.64,16,Severe Delay,25.68
TRIP204939,Rainy,Standard,High,6.26,10,26,10.01,15,Severe Delay,45.34
TRIP200051,Clear,Standard,Moderate,5.30,7,41,10.83,9,Moderate Delay,26.91
TRIP207952,Clear,Standard,Moderate,11.27,14,32,5.28,10,On Time,56.87
TRIP203346,Windy,,High,9.61,12,8,10.08,9,Moderate Delay,63.36
TRIP207790,Rainy,Mini Bus,High,10.89,11,18,2.75,13,Severe Delay,78.74
TRIP203407,Rainy,Express,High,13.51,12,14,3.79,15,Moderate Delay,75.33
TRIP202768,Clear,Standard,High,11.19,11,36,6.20,14,Moderate Delay,55.76
TRIP209272,Rainy,Mini Bus,Moderate,5.76,6,18,3.97,23,On Time,32.63
TRIP204465,Clear,Standard,Moderate,6.32,5,65,4.18,8,Severe Delay,36.25
TRIP201026,Foggy,Standard,Moderate,12.77,12,20,8.70,10,On Time,56.98
TRIP201374,Rainy,Standard,Low,12.67,13,22,8.19,20,Moderate Delay,52.91
TRIP203921,Clear,Standard,Moderate,18.01,17,21,9.24,12,Moderate Delay,91.40
TRIP200603,Windy,Standard,High,7.19,7,45,9.23,10,On Time,44.82
TRIP204146,Foggy,Standard,Moderate,20.38,18,33,1.95,15,Severe Delay,113.15
TRIP208762,Clear,Mini Bus,High,22.82,26,17,5.73,8,Severe Delay,160.73
TRIP207020,Windy,Express,High,13.18,17,17,14.35,21,Moderate Delay,62.11
TRIP205946,Clear,Standard,High,15.63,17,34,7.14,15,Moderate Delay,95.49
TRIP206931,Foggy,Express,Moderate,15.10,18,25,14.46,11,On Time,66.79
TRIP208684,Clear,Standard,Low,24.28,25,64,,8,Severe Delay,117.73
TRIP206582,Rainy,Express,Moderate,12.47,13,38,2.81,16,Severe Delay,57.07
TRIP208646,Clear,Standard,Severe,22.16,24,41,3.76,8,Severe Delay,180.00
TRIP206611,Clear,Standard,High,6.21,8,45,,7,Moderate Delay,45.70
TRIP205540,Clear,Express,Moderate,10.02,8,13,6.02,5,On Time,32.54
TRIP209281,Clear,Standard,Moderate,3.25,3,36,2.35,22,On Time,23.44
TRIP201030,Clear,Standard,High,16.05,20,28,1.28,13,Moderate Delay,98.69
TRIP200937,Clear,Standard,High,8.31,7,31,3.08,9,Moderate Delay,52.20
TRIP208002,Windy,Standard,Moderate,5.24,6,42,,23,Moderate Delay,26.53
TRIP209083,Foggy,Mini Bus,Moderate,14.46,15,34,4.50,19,Severe Delay,91.18
TRIP209425,Clear,Standard,High,19.56,18,21,4.72,21,Severe Delay,110.22
TRIP204232,Windy,Mini Bus,Moderate,6.38,7,11,6.25,11,On Time,34.44
TRIP209226,Clear,Mini Bus,Moderate,10.31,13,27,1.16,9,Moderate Delay,64.65
TRIP202944,Windy,Express,Moderate,8.47,8,29,9.34,20,On Time,31.53
TRIP205413,Foggy,Standard,High,9.95,9,,7.11,16,Severe Delay,62.70
TRIP204588,Clear,Mini Bus,Low,13.98,14,23,18.00,19,On Time,56.15
TRIP209288,Clear,Standard,Low,5.33,5,39,0.66,19,Moderate Delay,22.95
TRIP200982,Clear,Mini Bus,Moderate,7.17,8,15,3.56,23,On Time,29.82
TRIP207528,Windy,Mini Bus,Low,6.51,7,26,8.27,17,Moderate Delay,28.57
TRIP201685,Foggy,Mini Bus,Low,6.45,6,15,10.34,20,On Time,35.25
TRIP203835,Clear,Express,Moderate,6.86,8,34,18.00,17,On Time,22.53
TRIP208517,Clear,Standard,Low,15.88,15,21,7.13,20,On Time,69.95
TRIP202980,Clear,Standard,Moderate,7.66,6,25,12.58,13,On Time,34.22
TRIP209421,Clear,Standard,Moderate,8.04,9,55,2.75,7,Severe Delay,46.58
TRIP201060,Clear,Mini Bus,High,10.25,11,11,3.66,13,Moderate Delay,64.07
TRIP200758,Clear,Express,Moderate,22.02,23,23,6.37,19,Moderate Delay,106.10
TRIP204162,Clear,Express,Severe,13.11,12,44,1.95,17,Severe Delay,84.61
TRIP209411,Clear,Standard,High,11.66,12,42,4.20,19,Severe Delay,77.42
TRIP202033,Clear,Express,Severe,7.53,7,9,4.08,13,On Time,41.13
TRIP202836,Windy,Standard,Moderate,10.82,13,33,18.00,20,On Time,53.01
TRIP201533,Clear,Standard,Low,5.30,7,48,7.01,16,On Time,33.72
TRIP203740,Clear,Standard,Moderate,4.89,4,44,4.57,7,On Time,28.67
TRIP207229,Windy,Mini Bus,Low,8.56,8,19,2.38,13,Moderate Delay,39.30
TRIP209322,Clear,Express,Moderate,8.35,11,3,,15,On Time,24.92
TRIP200917,Foggy,Standard,Moderate,18.54,15,23,3.48,8,Severe Delay,101.55
TRIP204359,Clear,Mini Bus,Low,8.06,4,32,1.94,18,Moderate Delay,33.76
TRIP201418,Rainy,Express,Moderate,19.32,19,42,1.35,19,Severe Delay,101.10
TRIP208222,Clear,Standard,Moderate,14.67,15,50,2.00,7,Severe Delay,79.02
TRIP206382,Windy,Standard,High,6.47,8,20,5.07,10,On Time,46.28
TRIP202495,Rainy,Express,Moderate,8.59,11,24,15.26,5,On Time,35.79
TRIP205370,Rainy,Mini Bus,Low,6.28,7,23,4.01,7,Moderate Delay,40.05
TRIP202674,Clear,Standard,Moderate,10.89,8,45,8.57,11,On Time,56.77
TRIP202289,Rainy,Standard,High,23.05,23,51,5.31,18,Severe Delay,171.79
TRIP206713,Clear,Express,Moderate,8.13,8,12,4.94,14,On Time,24.78
TRIP201668,Foggy,Standard,High,4.13,9,36,5.27,15,Moderate Delay,43.36
TRIP205363,Windy,Mini Bus,Severe,9.95,7,10,5.93,20,Severe Delay,74.54
TRIP206788,Clear,Standard,High,7.50,10,17,5.67,21,On Time,48.44
TRIP200693,Clear,Standard,Moderate,13.43,16,16,5.62,10,On Time,66.86
TRIP205754,Clear,Mini Bus,Moderate,7.85,5,41,0.58,15,Moderate Delay,41.77
TRIP208559,Foggy,Express,Low,6.66,9,27,3.67,21,On Time,30.96
TRIP209024,Clear,Express,Severe,3.67,3,31,3.47,8,Severe Delay,26.82
TRIP207571,Clear,Standard,Severe,9.86,7,31,1.65,13,Severe Delay,67.52
TRIP200620,Clear,Standard,Low,12.29,14,50,11.66,18,On Time,51.01
TRIP202441,Windy,Standard,Low,19.28,21,15,8.09,13,On Time,94.11
TRIP209521,Clear,Standard,High,14.76,15,31,2.78,18,Severe Delay,84.45
TRIP208700,Clear,Mini Bus,Low,12.61,11,7,16.02,10,On Time,43.40
TRIP200329,Clear,Mini Bus,High,13.68,13,17,18.00,14,Moderate Delay,75.64
TRIP206449,Clear,Standard,Severe,7.07,6,28,11.31,10,On Time,42.59
TRIP203409,Clear,Standard,Moderate,9.53,11,28,7.47,6,On Time,48.05
TRIP203531,Foggy,Standard,Moderate,4.71,6,24,6.76,15,Moderate Delay,29.12
TRIP206079,Clear,Mini Bus,Moderate,14.41,15,25,5.15,19,Moderate Delay,84.16
TRIP208053,,Mini Bus,High,12.27,9,26,4.14,22,Moderate Delay,77.03
TRIP204565,Clear,Mini Bus,Moderate,6.44,5,26,5.27,17,Moderate Delay,41.90
TRIP203572,Windy,Standard,Severe,4.84,9,26,2.60,15,Severe Delay,41.41
TRIP200349,Clear,Express,Low,4.48,5,26,1.07,5,On Time,12.00
TRIP206240,Windy,Standard,Moderate,3.63,3,39,11.41,7,Severe Delay,23.14
TRIP208353,Foggy,Mini Bus,Moderate,6.79,9,30,13.11,9,Moderate Delay,54.43
TRIP207316,Foggy,Standard,Severe,4.40,7,38,9.47,15,Moderate Delay,37.23
TRIP208036,Clear,Standard,Severe,12.39,12,30,4.71,11,Moderate Delay,93.06
TRIP202193,Clear,Standard,High,4.46,3,37,3.56,5,On Time,26.38
TRIP202555,Clear,Mini Bus,Severe,18.24,22,7,6.86,23,Severe Delay,132.26
TRIP208820,Foggy,Standard,Moderate,,21,24,4.44,23,Moderate Delay,93.71
TRIP200612,Foggy,Express,High,21.14,24,30,10.09,16,Severe Delay,124.52
TRIP209156,Clear,Mini Bus,Severe,9.15,11,21,2.55,18,Severe Delay,69.87
TRIP203118,Clear,Mini Bus,Severe,6.32,10,26,,19,Severe Delay,63.80
TRIP209337,Clear,Standard,High,10.66,11,36,8.55,9,Severe Delay,61.16
TRIP201696,Clear,,High,22.17,23,49,1.02,17,Severe Delay,146.62
TRIP207215,Rainy,Standard,Low,22.91,29,41,10.20,8,Severe Delay,120.04
TRIP201126,Clear,Standard,High,7.83,8,28,4.39,21,On Time,48.43
TRIP203163,Clear,Mini Bus,Moderate,13.19,15,19,0.88,22,Moderate Delay,56.11
TRIP209737,Clear,Mini Bus,Low,4.54,3,17,8.07,9,On Time,26.60
TRIP203081,Rainy,Standard,Moderate,10.16,10,40,18.00,20,Moderate Delay,50.37
TRIP206205,Rainy,Express,Moderate,11.22,10,15,8.68,23,On Time,42.94
TRIP200394,Foggy,Mini Bus,High,8.31,6,26,2.07,17,Severe Delay,53.64
TRIP206722,Rainy,Express,Moderate,8.98,9,54,7.32,19,Severe Delay,40.99
TRIP204450,Clear,Mini Bus,Severe,4.85,8,32,3.51,12,Moderate Delay,40.20
TRIP206826,Rainy,,Moderate,8.61,12,22,4.29,15,On Time,37.85
TRIP202403,Rainy,Standard,Low,10.95,10,,,5,On Time,46.20
TRIP206486,Foggy,Express,High,5.41,5,32,14.97,18,Severe Delay,20.75
TRIP203041,Clear,Mini Bus,Moderate,10.09,11,12,7.87,5,On Time,42.06
TRIP208807,Clear,Standard,Severe,9.32,9,49,8.80,13,Moderate Delay,68.77
TRIP200893,Windy,Standard,Moderate,6.09,7,14,2.93,11,Moderate Delay,38.67
TRIP206874,Clear,Standard,Moderate,16.18,16,50,3.32,21,Moderate Delay,82.29
TRIP204219,Foggy,Express,Low,7.67,10,18,9.91,5,On Time,23.07
TRIP208566,Windy,Standard,Severe,10.04,12,33,13.39,10,Moderate Delay,71.39
TRIP203024,Rainy,Standard,Moderate,11.55,7,22,1.67,20,Moderate Delay,53.71
TRIP202604,Foggy,Standard,Low,19.36,21,38,5.18,17,Severe Delay,92.07
TRIP205921,Clear,Mini Bus,Severe,4.36,7,17,4.56,22,Moderate Delay,40.13
TRIP204176,Clear,Standard,Low,21.09,21,28,2.11,22,Moderate Delay,96.03
TRIP208151,Rainy,Mini Bus,Severe,7.34,7,10,4.05,23,Severe Delay,69.86
TRIP204191,Clear,Mini Bus,Low,20.96,24,28,4.47,17,Moderate Delay,104.25
TRIP208040,Clear,Express,Moderate,10.82,11,34,4.94,7,Moderate Delay,48.98
TRIP201920,Clear,Mini Bus,Low,12.29,10,39,3.81,18,Moderate Delay,50.70
TRIP208016,Clear,Standard,High,29.15,32,26,7.78,21,Severe Delay,180.00
TRIP200878,Windy,Express,High,6.78,5,28,3.60,11,Moderate Delay,29.96
TRIP209678,Windy,,High,10.24,9,12,3.15,15,On Time,46.66
TRIP201942,Foggy,Standard,Moderate,16.84,19,18,12.98,21,Moderate Delay,76.48
TRIP202156,Clear,Express,Severe,8.72,4,25,,8,Severe Delay,56.54
TRIP203229,Rainy,Express,High,26.06,26,26,5.86,19,Severe Delay,175.25
TRIP205859,Clear,Standard,High,9.88,9,32,6.42,21,Moderate Delay,42.86
TRIP208780,Rainy,Standard,High,23.05,25,52,2.95,7,Severe Delay,175.84
TRIP201484,Clear,Mini Bus,Low,30.79,34,8,3.97,14,Moderate Delay,162.56
TRIP202258,Clear,Mini Bus,Severe,5.30,5,23,3.63,21,Moderate Delay,31.55
TRIP203512,Clear,Express,Low,13.66,16,11,10.03,22,On Time,40.20
TRIP208830,Rainy,Standard,Low,8.87,10,30,9.28,13,On Time,40.46
TRIP209629,Clear,Standard,Moderate,15.73,20,32,1.07,20,Moderate Delay,85.69
TRIP206304,Clear,Standard,High,7.37,7,49,12.01,5,Moderate Delay,39.01
TRIP209193,Foggy,Standard,Severe,20.05,24,52,7.91,18,Severe Delay,169.91
TRIP200269,Clear,Express,Severe,13.93,14,,,7,Moderate Delay,96.51
TRIP201878,Rainy,Mini Bus,Moderate,3.50,3,21,8.13,20,On Time,12.88
TRIP201846,Clear,Express,Low,15.90,18,39,6.67,21,On Time,51.44
TRIP205633,Clear,Standard,Low,11.46,12,22,2.33,23,On Time,48.30
TRIP204563,Clear,Standard,Severe,15.87,18,28,3.10,11,Severe Delay,124.18
TRIP202452,Foggy,Mini Bus,Moderate,18.01,22,21,2.79,6,Moderate Delay,110.10
TRIP203410,Clear,Standard,Moderate,9.01,4,24,1.72,20,On Time,33.17
TRIP204387,Rainy,Mini Bus,Moderate,7.73,11,4,3.61,6,Moderate Delay,42.10
TRIP202650,Clear,Mini Bus,Severe,4.78,7,19,5.12,22,Moderate Delay,42.07
TRIP204428,Clear,Mini Bus,High,21.56,24,38,6.56,22,Severe Delay,134.46
TRIP200836,Foggy,Standard,High,13.01,12,39,,21,Severe Delay,74.97
TRIP206846,Clear,Standard,Moderate,22.58,24,45,4.76,6,Moderate Delay,117.70
TRIP209125,Clear,Mini Bus,Low,3.34,4,42,6.86,19,On Time,25.29
TRIP204902,Windy,Standard,Moderate,7.77,10,58,10.23,8,Severe Delay,46.72
TRIP207051,Clear,Mini Bus,Moderate,6.42,11,3,5.06,11,On Time,37.61
TRIP206243,Clear,Standard,Moderate,6.88,5,30,1.53,5,Moderate Delay,36.26
TRIP200902,Rainy,Standard,High,22.63,27,40,3.20,6,Severe Delay,157.76
TRIP207396,Clear,Mini Bus,Moderate,6.14,5,27,1.57,12,On Time,28.24
TRIP204128,Clear,Express,High,9.20,12,17,,23,On Time,39.60
TRIP206593,Windy,Standard,High,8.65,5,43,9.34,15,On Time,50.44
TRIP209100,Clear,Standard,Moderate,7.93,6,36,6.62,15,On Time,32.49
TRIP201347,Clear,Standard,Low,10.92,11,26,3.50,14,Moderate Delay,47.15
TRIP200545,Clear,Mini Bus,Moderate,6.37,7,22,5.05,9,Moderate Delay,25.94
TRIP203226,Foggy,Mini Bus,Moderate,8.21,9,12,1.89,23,Moderate Delay,52.82
TRIP203085,Clear,Mini Bus,High,2.19,3,29,7.06,8,Severe Delay,26.38
TRIP201881,Rainy,Standard,Moderate,19.46,24,33,5.71,13,Moderate Delay,111.60
TRIP207875,Clear,Mini Bus,Moderate,18.35,19,24,4.04,7,Moderate Delay,95.14
TRIP206731,Rainy,Standard,Moderate,4.74,6,40,,15,Moderate Delay,20.62
TRIP207661,Rainy,Standard,Moderate,13.64,13,34,5.94,14,Moderate Delay,67.07
TRIP209208,Clear,Standard,Moderate,8.95,9,49,5.72,9,Moderate Delay,50.78
TRIP208735,Clear,Mini Bus,Moderate,18.78,17,12,4.10,22,On Time,100.04
TRIP201251,Clear,Standard,Moderate,14.78,14,54,6.79,17,Severe Delay,63.90
TRIP206723,Clear,Standard,High,9.94,9,51,2.27,16,Severe Delay,56.43
TRIP201337,Clear,Mini Bus,Moderate,8.88,10,22,7.12,7,Moderate Delay,38.61
TRIP209149,Rainy,Express,High,9.03,8,24,7.35,11,Moderate Delay,52.62
TRIP209604,Rainy,Mini Bus,High,4.40,3,31,7.76,9,Severe Delay,41.65
TRIP205525,,Mini Bus,Moderate,13.25,18,13,0.62,8,Severe Delay,75.80
TRIP202899,Clear,Standard,Severe,11.53,15,41,3.65,11,Moderate Delay,77.20
TRIP201449,Rainy,Standard,High,7.15,4,45,8.40,11,Moderate Delay,53.49
TRIP203352,Clear,Standard,High,12.84,10,39,0.83,8,Severe Delay,84.49
TRIP203636,Foggy,Standard,Severe,14.16,16,32,8.23,5,Severe Delay,114.90
TRIP207423,Foggy,Standard,Severe,3.99,3,28,2.23,6,Severe Delay,37.32
TRIP204111,Rainy,Express,Severe,4.28,4,23,14.36,15,Moderate Delay,48.14
TRIP208283,Windy,Mini Bus,Severe,3.86,3,12,8.35,14,Moderate Delay,33.11
TRIP207410,Clear,Standard,High,7.31,8,25,6.24,21,On Time,48.33
TRIP209410,Foggy,Standard,Severe,19.80,18,40,7.10,17,Severe Delay,157.77
TRIP206944,Clear,Standard,High,26.55,27,53,7.32,7,Severe Delay,180.00
TRIP207697,Rainy,Standard,Moderate,10.15,13,44,1.65,11,Moderate Delay,59.06
TRIP201212,Windy,Standard,High,12.20,12,25,3.98,14,Moderate Delay,65.36
TRIP201440,Clear,Standard,High,8.01,10,52,3.38,16,Severe Delay,72.28
TRIP203472,Windy,Standard,Severe,19.37,23,36,1.62,23,Severe Delay,144.82
TRIP200304,Windy,Standard,Moderate,5.00,3,36,2.40,8,Severe Delay,37.46
TRIP200226,Clear,Standard,Low,8.41,9,41,7.35,13,On Time,23.00
TRIP202019,Rainy,Express,Moderate,5.77,6,,16.16,12,On Time,22.34
TRIP207148,Clear,Standard,Moderate,14.24,15,46,1.57,17,Severe Delay,76.16
TRIP207797,Rainy,Standard,Severe,8.35,5,,6.95,19,Severe Delay,78.38
TRIP208571,Clear,Mini Bus,Moderate,10.18,11,12,6.94,20,Moderate Delay,47.02
TRIP208113,Rainy,Mini Bus,Severe,6.17,6,6,9.16,14,Severe Delay,65.34
TRIP207239,Windy,Standard,High,7.60,6,36,4.73,15,Moderate Delay,47.71
TRIP203583,Windy,Standard,High,4.89,7,44,3.91,9,Severe Delay,36.50
TRIP203593,Clear,Express,Moderate,8.26,8,31,4.70,18,Moderate Delay,33.88
TRIP204572,Clear,Express,High,12.84,12,16,8.35,13,On Time,52.58
TRIP203642,Clear,Standard,Severe,10.82,7,46,1.60,16,Severe Delay,77.34
TRIP201583,Rainy,Standard,High,21.36,26,43,6.43,15,Severe Delay,152.98
TRIP207270,Clear,Standard,High,15.18,13,37,7.16,14,Moderate Delay,86.68
TRIP203299,Rainy,Mini Bus,Severe,6.99,8,14,4.38,18,Severe Delay,71.64
TRIP206780,Clear,Standard,Moderate,15.08,18,33,3.93,15,Moderate Delay,58.68
TRIP205644,Clear,,High,4.25,3,15,2.19,12,On Time,31.81
TRIP205649,Foggy,Mini Bus,Low,7.07,8,36,3.98,17,Moderate Delay,46.54
TRIP200688,Clear,Standard,High,17.18,18,23,10.46,12,Moderate Delay,103.41
TRIP208847,Clear,,Low,6.39,3,28,3.13,11,On Time,20.48
TRIP204907,Rainy,Mini Bus,Severe,12.95,19,35,8.23,23,Severe Delay,113.18
TRIP206262,Rainy,Mini Bus,Low,19.52,23,20,4.58,13,Moderate Delay,98.28
TRIP207832,Rainy,Standard,Low,6.19,7,36,4.08,10,On Time,26.83
TRIP206779,,Mini Bus,Severe,4.52,3,,5.01,8,Severe Delay,28.37
TRIP209019,Rainy,Mini Bus,Severe,8.82,8,11,18.00,15,Severe Delay,77.38
TRIP204044,Clear,Mini Bus,High,14.05,15,23,8.07,20,Moderate Delay,82.61
TRIP200930,Rainy,Mini Bus,Moderate,10.47,14,12,7.28,15,Moderate Delay,56.47
TRIP201951,Clear,Standard,Severe,4.64,3,26,5.44,21,On Time,40.67
TRIP201411,Windy,Standard,Severe,9.02,11,43,1.31,17,Severe Delay,83.93
TRIP209459,Windy,Mini Bus,Moderate,3.81,5,18,4.26,19,Moderate Delay,44.58
TRIP203285,Clear,Mini Bus,Low,9.05,11,27,2.69,19,Moderate Delay,47.22
TRIP200649,Foggy,Standard,Low,19.80,21,41,4.60,13,On Time,89.36
TRIP200472,Clear,Mini Bus,Moderate,6.72,6,14,5.20,11,On Time,27.70
TRIP207707,Clear,Express,High,8.18,11,7,10.28,6,On Time,26.66
TRIP209041,Foggy,Express,Low,22.03,29,30,5.17,9,Severe Delay,99.85
TRIP202601,Clear,Standard,High,16.54,19,45,3.37,6,Severe Delay,98.73
TRIP207055,Clear,Mini Bus,High,18.46,21,20,5.17,19,Severe Delay,123.80
TRIP202769,Foggy,Standard,High,10.15,9,45,11.06,10,Moderate Delay,57.94
TRIP201894,,Standard,High,9.76,10,49,0.87,10,Severe Delay,61.77
TRIP204332,Clear,Standard,Moderate,10.38,9,49,2.15,19,Severe Delay,50.59
TRIP200952,Clear,Express,High,5.87,7,14,2.39,10,Moderate Delay,24.31
TRIP204311,Foggy,Express,Low,6.64,12,7,4.03,5,On Time,27.03
TRIP201708,Clear,,Moderate,20.21,21,36,14.70,9,Severe Delay,99.36
TRIP201482,Windy,Standard,High,6.60,10,47,5.73,7,Severe Delay,47.70
TRIP207252,Clear,Standard,High,,17,51,4.12,7,Severe Delay,99.94
TRIP204543,Windy,Standard,High,10.59,6,30,9.36,14,Moderate Delay,54.87
TRIP204767,Rainy,Express,Moderate,19.42,18,28,6.72,18,Moderate Delay,90.86
TRIP200002,Windy,Standard,Moderate,3.93,3,35,5.91,14,On Time,29.81
TRIP206346,Clear,Express,Moderate,3.08,3,18,1.31,7,Moderate Delay,12.00
TRIP207587,Clear,Standard,Low,17.66,19,36,5.22,7,Severe Delay,78.23
TRIP205278,Clear,Standard,Moderate,7.72,11,27,7.75,11,On Time,27.01
TRIP203061,Rainy,Mini Bus,Low,7.56,12,20,11.34,20,On Time,39.51
TRIP209848,Rainy,Mini Bus,High,13.85,11,9,4.88,13,Severe Delay,85.71
TRIP205851,Windy,Standard,Moderate,5.42,4,37,12.99,7,Moderate Delay,36.53
TRIP201071,Windy,Express,Moderate,18.86,21,42,3.49,12,On Time,84.73
TRIP202901,Rainy,Standard,Severe,16.25,20,9,7.17,15,Severe Delay,127.40
TRIP205003,Clear,Standard,Moderate,9.34,10,45,0.96,7,Severe Delay,57.92
TRIP200215,Foggy,Mini Bus,Severe,21.89,20,3,6.92,22,Severe Delay,170.53
TRIP200322,Rainy,Mini Bus,High,5.18,7,9,5.28,18,Severe Delay,51.25
TRIP208828,Clear,Standard,Severe,,6,36,4.86,19,Severe Delay,60.50
TRIP205698,Rainy,Standard,Moderate,14.75,14,40,5.71,6,Moderate Delay,68.01
TRIP200070,Rainy,Mini Bus,Low,6.66,12,13,1.56,20,Moderate Delay,35.09
TRIP203982,Clear,Standard,Moderate,21.77,23,65,2.50,9,Severe Delay,112.87
TRIP204273,Windy,Express,Low,2.58,3,14,18.00,13,On Time,12.00
TRIP209752,Clear,Express,Moderate,3.30,3,5,7.64,10,On Time,12.00
TRIP201813,Clear,Standard,High,15.71,17,48,6.34,10,Severe Delay,89.74
TRIP205942,Clear,Mini Bus,High,8.81,9,27,10.35,13,Moderate Delay,49.26
TRIP203808,Clear,Standard,Moderate,6.99,10,44,1.96,22,On Time,34.26
TRIP205279,Clear,Standard,Moderate,12.28,12,30,6.90,15,On Time,56.69
TRIP208435,Clear,Standard,Moderate,11.02,14,,10.95,5,On Time,48.02
TRIP202999,Clear,Standard,Moderate,20.91,21,44,3.60,6,Moderate Delay,110.50
TRIP200954,Clear,Mini Bus,High,14.08,15,3,0.56,6,Severe Delay,78.09
TRIP201744,Rainy,Mini Bus,Moderate,5.37,3,,11.11,6,On Time,36.15
TRIP205858,Clear,Express,High,18.65,18,23,4.74,10,Severe Delay,96.34
TRIP203837,Clear,Mini Bus,Low,4.15,4,3,1.16,15,On Time,14.57
TRIP206673,Clear,Standard,Severe,11.05,9,16,12.24,14,Moderate Delay,76.29
TRIP206618,Clear,Standard,High,23.12,24,22,7.16,22,Severe Delay,150.87
TRIP206771,Foggy,Standard,High,8.77,13,39,13.18,15,Severe Delay,50.14
TRIP205414,Clear,Standard,Moderate,8.72,9,21,5.66,23,On Time,37.24
TRIP207576,Clear,Express,High,9.22,9,31,18.00,7,Moderate Delay,41.34
TRIP206610,Clear,Standard,Severe,7.07,9,45,7.56,15,Moderate Delay,50.79
TRIP203787,Clear,Express,High,6.72,5,18,4.67,16,On Time,34.95
TRIP208974,Foggy,Standard,High,,19,36,7.61,10,Severe Delay,139.23
TRIP206736,Foggy,Express,Low,9.71,8,19,9.52,11,On Time,31.16
TRIP206028,Clear,Standard,Low,6.74,14,33,7.06,15,On Time,32.40
TRIP203218,Rainy,Standard,High,6.51,7,44,3.01,7,Severe Delay,62.07
TRIP207523,Clear,Standard,High,6.90,6,34,14.56,15,On Time,43.58
TRIP203482,Windy,Express,Moderate,21.81,22,33,3.51,6,Moderate Delay,108.23
TRIP203633,Windy,Express,High,12.48,15,44,4.03,17,Severe Delay,77.40
TRIP201025,Rainy,Mini Bus,Moderate,10.06,9,18,18.00,5,On Time,47.30
TRIP203476,Clear,Standard,High,8.01,3,45,1.46,11,Moderate Delay,39.68
TRIP209028,Windy,Standard,High,5.82,12,56,,5,Severe Delay,48.71
TRIP202588,,Standard,Moderate,8.01,15,41,9.04,6,On Time,47.01
TRIP208843,Windy,Standard,High,5.75,3,26,5.36,5,On Time,41.72
TRIP205757,Rainy,Standard,Low,5.97,8,27,13.30,5,On Time,31.72
TRIP201800,Foggy,Mini Bus,High,9.64,10,13,,21,Severe Delay,60.11
TRIP200976,Clear,Standard,Moderate,12.87,11,47,18.00,12,On Time,59.51
TRIP209727,Clear,Mini Bus,Low,7.85,4,14,8.47,21,On Time,21.81
TRIP205271,Clear,Standard,Moderate,10.35,15,52,6.97,21,Moderate Delay,41.51
TRIP204020,Windy,Standard,Moderate,19.76,19,42,7.50,18,Severe Delay,107.99
TRIP201409,Clear,Mini Bus,High,14.95,15,15,5.11,9,Severe Delay,100.31
TRIP204370,Clear,Standard,Moderate,8.74,9,48,4.25,17,Severe Delay,50.11
TRIP200079,Foggy,Mini Bus,Low,15.95,16,19,4.43,14,Moderate Delay,83.44
TRIP205937,Rainy,Standard,Moderate,14.29,16,44,5.81,22,Moderate Delay,68.29
TRIP201490,Clear,Express,High,,20,45,1.79,7,Severe Delay,83.79
TRIP203267,Clear,Standard,Severe,14.58,15,51,7.36,16,Severe Delay,116.49
TRIP207812,Clear,Standard,High,6.80,8,61,7.80,7,Severe Delay,49.37
TRIP208502,Windy,Mini Bus,Low,10.95,13,20,4.58,23,Moderate Delay,40.19
TRIP208024,Rainy,Standard,Moderate,5.78,6,55,7.32,8,Severe Delay,33.95
TRIP206141,Windy,Mini Bus,Low,5.51,5,42,7.78,23,On Time,26.84
TRIP208433,Foggy,Standard,High,5.53,3,35,10.89,16,Severe Delay,43.48
TRIP206069,Clear,Mini Bus,Moderate,5.92,7,29,6.44,22,On Time,35.90
TRIP204592,Clear,Standard,Low,16.40,15,35,6.81,11,On Time,66.44
TRIP204190,Clear,Mini Bus,High,14.67,20,5,5.65,11,Moderate Delay,107.05
TRIP206386,Windy,Standard,High,27.42,32,20,7.70,5,Severe Delay,180.00
TRIP200403,Clear,Standard,Moderate,7.85,7,46,9.49,16,Severe Delay,48.36
TRIP204804,Clear,Express,Moderate,14.03,17,24,7.43,12,On Time,54.43
TRIP205687,Clear,Express,Moderate,9.93,8,21,7.69,17,On Time,33.92
TRIP208005,Clear,Standard,Moderate,10.98,14,58,7.55,8,Severe Delay,63.62
TRIP203863,Clear,Standard,High,23.43,24,31,2.29,20,Severe Delay,147.26
TRIP203161,Foggy,Standard,High,8.30,10,33,7.74,8,Severe Delay,55.94
TRIP200428,Clear,Express,High,6.67,5,22,8.05,10,Moderate Delay,23.48
TRIP202117,Clear,Mini Bus,Low,15.76,13,17,14.20,10,On Time,56.04
TRIP209404,Foggy,Mini Bus,Moderate,16.10,16,3,4.50,13,Severe Delay,76.16
TRIP200616,Clear,,High,27.81,30,34,12.56,22,Severe Delay,180.00
TRIP205412,Clear,Mini Bus,Moderate,13.71,15,45,5.23,9,Severe Delay,78.72
TRIP201695,Foggy,Express,Moderate,14.59,15,35,3.33,7,Moderate Delay,57.03
TRIP200712,,Standard,Moderate,9.17,11,50,2.77,11,Moderate Delay,36.01
TRIP207560,Clear,Mini Bus,Moderate,4.42,5,33,3.14,17,Moderate Delay,29.84
TRIP204718,Rainy,Express,Moderate,10.27,6,15,1.39,19,Moderate Delay,53.43
TRIP206148,Clear,Mini Bus,Moderate,10.01,12,12,5.73,6,On Time,45.45
TRIP201764,Clear,Standard,High,,8,33,6.02,5,Moderate Delay,53.56
TRIP205460,Rainy,Standard,Low,5.49,4,41,6.74,5,On Time,34.81
TRIP209251,Clear,Mini Bus,High,3.04,3,20,16.30,22,On Time,28.70
TRIP209707,Windy,Mini Bus,Moderate,8.29,7,3,6.22,5,On Time,35.20
TRIP201805,Rainy,Express,Moderate,14.99,17,31,1.35,23,Severe Delay,78.06
TRIP205872,Rainy,Standard,Moderate,7.59,9,24,1.06,15,Moderate Delay,44.71
TRIP202686,Rainy,Mini Bus,Severe,9.41,11,,3.65,22,Severe Delay,83.16
TRIP207393,Rainy,Standard,High,6.22,9,37,7.87,16,Moderate Delay,56.67
TRIP206870,Rainy,Mini Bus,Moderate,5.33,4,16,0.64,5,On Time,35.17
TRIP206320,Windy,Standard,Moderate,5.09,6,39,4.57,7,Moderate Delay,25.58
TRIP201612,Clear,Standard,Moderate,9.37,7,20,3.88,6,On Time,44.45
TRIP207906,Rainy,Standard,Moderate,8.62,6,28,1.84,22,Moderate Delay,50.13
TRIP200363,Clear,Standard,High,5.14,8,48,6.24,16,Severe Delay,36.45
TRIP207118,Rainy,Standard,Severe,6.08,9,24,7.90,5,Severe Delay,60.24
TRIP207308,Rainy,Express,Low,15.69,17,8,5.15,22,On Time,57.39
TRIP207476,Windy,Standard,Moderate,14.59,14,55,1.67,7,Severe Delay,87.43
TRIP202387,Clear,Standard,Moderate,9.02,12,49,3.13,17,Moderate Delay,50.85
TRIP203547,Windy,Standard,Moderate,6.39,7,50,3.80,13,Moderate Delay,44.85
TRIP203736,Windy,Standard,Low,5.16,6,43,8.40,5,On Time,27.42
TRIP201558,Clear,Mini Bus,Moderate,9.21,9,15,4.25,11,On Time,40.87
TRIP200388,Clear,Standard,High,9.76,8,36,5.12,22,Moderate Delay,47.20
TRIP203297,Foggy,Mini Bus,High,16.56,15,21,5.33,22,Severe Delay,112.35
TRIP203746,Windy,Express,High,6.07,7,30,13.33,21,On Time,25.56
TRIP201333,Clear,Standard,Moderate,11.68,12,28,3.79,12,Moderate Delay,53.68
TRIP209456,Clear,Standard,High,12.53,13,16,0.81,20,Moderate Delay,77.17
TRIP204433,Clear,Standard,Severe,6.65,9,28,1.93,12,Severe Delay,44.19
TRIP200519,Clear,Standard,Moderate,8.88,10,27,5.40,21,On Time,40.94
TRIP209544,Rainy,Standard,High,13.13,14,20,6.53,13,Severe Delay,73.94
TRIP202013,Clear,Express,Moderate,17.05,20,22,5.00,10,On Time,64.47
TRIP205012,Clear,Standard,High,18.93,21,41,2.38,5,Severe Delay,120.30
TRIP209750,,Mini Bus,Moderate,11.65,9,18,5.75,15,On Time,41.42
TRIP207009,Foggy,Standard,Low,5.12,6,45,3.70,9,Moderate Delay,39.51
TRIP208352,Clear,Express,High,10.95,11,15,0.26,14,Moderate Delay,57.11
TRIP205712,Windy,Mini Bus,High,23.68,27,19,8.96,21,Severe Delay,167.61
TRIP208928,Foggy,Mini Bus,Low,12.40,16,15,0.61,19,Severe Delay,74.31
TRIP200353,Rainy,Standard,Low,10.82,11,27,9.48,15,On Time,43.60
TRIP209061,Clear,Express,High,14.21,13,30,0.92,9,Severe Delay,76.62
TRIP206709,Windy,Express,High,22.00,24,3,17.90,20,Severe Delay,125.78
TRIP201716,Rainy,Express,High,4.98,6,18,7.50,20,Moderate Delay,42.31
TRIP205248,Windy,Standard,Low,11.87,14,46,14.50,8,Moderate Delay,55.53
TRIP207201,Foggy,,Severe,3.80,3,16,5.72,13,Severe Delay,46.52
TRIP201820,Clear,Standard,Severe,4.85,3,53,4.79,9,Severe Delay,43.39
TRIP202612,Clear,Mini Bus,Moderate,8.79,11,24,13.28,9,Moderate Delay,56.25
TRIP205482,Clear,Standard,Moderate,17.68,20,29,2.34,22,Moderate Delay,86.98
TRIP208911,Clear,Standard,Severe,3.92,3,28,5.32,11,Moderate Delay,32.17
TRIP202707,Clear,Standard,Severe,6.92,9,43,3.07,18,Severe Delay,65.40
TRIP202215,Clear,Standard,Moderate,22.66,24,18,6.68,20,Moderate Delay,120.30
TRIP207781,Clear,Standard,Moderate,7.76,8,55,5.36,7,Moderate Delay,31.40
TRIP203614,Foggy,Mini Bus,Severe,7.80,9,12,0.82,22,Severe Delay,68.92
TRIP207243,Windy,Standard,Severe,4.61,5,58,0.43,8,Severe Delay,49.86
TRIP209749,Clear,,High,17.94,17,42,15.22,6,Severe Delay,89.04
TRIP206095,Clear,Standard,Low,5.88,9,44,1.73,17,Moderate Delay,35.16
TRIP205407,Clear,Mini Bus,High,6.92,4,21,17.96,8,Moderate Delay,45.78
TRIP208985,Foggy,Standard,High,15.07,15,38,4.89,10,Severe Delay,105.36
TRIP201843,Rainy,Mini Bus,Severe,4.47,3,28,4.28,10,Severe Delay,53.30
TRIP207248,Windy,Standard,Low,2.52,5,35,2.71,5,On Time,15.78
TRIP200146,Windy,Standard,High,9.33,10,46,0.65,7,Severe Delay,63.27
TRIP209277,Foggy,Standard,Severe,6.25,10,62,3.98,9,Severe Delay,71.59
TRIP200196,Clear,Express,Severe,8.99,9,26,6.27,5,On Time,44.98
TRIP207076,Rainy,Standard,High,13.68,13,44,9.18,23,Severe Delay,88.02
TRIP208482,Clear,Standard,High,10.70,13,42,3.55,9,Severe Delay,71.75
TRIP204466,Rainy,Mini Bus,High,13.62,12,10,4.04,15,Severe Delay,96.44
TRIP205845,Windy,Standard,Severe,9.23,10,31,6.92,5,Moderate Delay,72.24
TRIP206959,Windy,Express,Moderate,7.55,8,21,17.23,9,On Time,39.11
TRIP203920,Windy,Standard,Moderate,7.42,4,52,9.16,7,Severe Delay,47.74
TRIP205218,Clear,Standard,Moderate,6.58,6,39,6.37,13,On Time,34.51
TRIP201898,Clear,Standard,Moderate,4.69,8,31,5.70,10,On Time,21.23
TRIP206752,Foggy,Standard,Low,6.59,5,18,14.57,16,Moderate Delay,41.70
TRIP203000,Clear,Standard,High,18.13,21,46,8.59,18,Severe Delay,120.59
TRIP203011,Clear,Standard,High,14.94,15,39,9.82,20,Moderate Delay,65.47
TRIP207557,Foggy,Standard,Moderate,7.14,5,37,6.54,19,Moderate Delay,47.86
TRIP207119,Windy,Standard,Moderate,8.30,10,20,0.56,13,Moderate Delay,43.32
TRIP201655,Clear,Standard,Moderate,10.06,9,35,6.83,7,Moderate Delay,41.91
TRIP206383,Clear,Mini Bus,Moderate,5.67,5,3,3.18,10,On Time,16.65
TRIP204672,Foggy,Standard,Low,11.70,13,28,3.14,20,On Time,53.56
TRIP205623,Rainy,Mini Bus,Moderate,22.16,23,25,14.75,5,Moderate Delay,122.39
TRIP204251,Clear,Mini Bus,High,15.19,16,10,14.91,20,Moderate Delay,87.35
TRIP201992,Clear,Express,Severe,3.36,5,6,6.31,20,On Time,18.47
TRIP201594,Clear,Mini Bus,High,4.06,6,28,0.52,12,Moderate Delay,33.83
TRIP202036,Clear,Standard,Low,6.75,6,60,,8,Moderate Delay,34.24
TRIP203143,Clear,Standard,High,15.82,17,43,0.55,8,Severe Delay,104.07
TRIP206939,Clear,Express,Low,3.43,3,35,1.96,18,On Time,13.78
TRIP203686,Clear,Express,Moderate,14.67,15,23,2.32,6,On Time,55.80
TRIP209586,Clear,Express,Moderate,13.55,11,9,5.13,20,On Time,46.81
TRIP207844,Windy,Standard,High,4.56,5,46,18.00,9,Moderate Delay,37.33
TRIP201485,Foggy,Express,Severe,11.19,13,44,4.56,7,Severe Delay,88.40
TRIP201690,Clear,Standard,Moderate,8.99,12,62,3.57,12,Moderate Delay,52.99
TRIP206650,Clear,Express,High,12.42,12,13,7.67,23,Moderate Delay,61.20
TRIP207364,Clear,Standard,High,4.88,3,54,2.46,17,Severe Delay,41.56
TRIP207035,Clear,Standard,Moderate,3.50,5,50,8.87,10,On Time,17.63
TRIP206027,Rainy,Mini Bus,Moderate,8.32,10,10,6.46,15,On Time,41.55
TRIP208781,Foggy,Standard,Moderate,5.24,3,35,16.24,23,On Time,27.41
TRIP209182,Windy,Mini Bus,Severe,14.50,16,8,7.92,23,Moderate Delay,97.32
TRIP200807,Rainy,Mini Bus,High,2.57,3,17,10.34,21,Severe Delay,41.14
TRIP206700,Clear,Express,High,9.95,8,42,5.31,5,Moderate Delay,51.28
TRIP208881,Clear,Mini Bus,High,6.95,4,4,3.16,12,Moderate Delay,37.41
TRIP208030,Clear,Express,Low,3.79,4,19,3.12,20,On Time,12.00
TRIP205075,Clear,Standard,High,13.80,13,41,3.95,12,On Time,83.93
TRIP209207,Clear,Standard,Moderate,15.10,19,39,1.27,6,Moderate Delay,78.27
TRIP205579,Clear,Standard,Moderate,14.19,11,28,7.88,13,On Time,63.28
TRIP206107,Clear,Mini Bus,Severe,14.18,12,3,2.79,12,Severe Delay,100.78
TRIP204500,Clear,Standard,Moderate,5.74,6,44,4.14,16,Moderate Delay,24.72
TRIP208856,Rainy,Standard,High,5.11,3,29,2.28,12,Severe Delay,42.04
TRIP206792,Clear,Express,Moderate,16.27,16,35,5.60,12,Moderate Delay,70.31
TRIP200438,Clear,Standard,Low,6.06,9,31,1.04,14,On Time,21.86
TRIP205903,Clear,Express,Low,10.20,8,24,6.41,23,On Time,22.28
TRIP207505,Foggy,Standard,High,4.88,5,36,2.52,14,Severe Delay,34.97
TRIP202322,Clear,Express,Moderate,6.78,7,19,3.57,23,On Time,19.66
TRIP201087,Rainy,Standard,Severe,7.46,7,32,4.71,11,Moderate Delay,65.52
TRIP204759,Rainy,Standard,Moderate,5.27,5,43,3.85,5,On Time,28.48
TRIP208371,Clear,Standard,High,12.50,10,33,10.54,7,Moderate Delay,70.73
TRIP203541,Clear,Standard,Severe,3.10,3,40,1.32,9,Severe Delay,30.76
TRIP202694,Rainy,,High,5.28,6,14,2.38,13,Severe Delay,55.08
TRIP201656,Clear,Mini Bus,Moderate,17.86,19,5,,13,Moderate Delay,85.55
TRIP204985,Clear,Express,High,7.31,7,6,6.77,23,On Time,30.49
TRIP202011,Clear,Standard,Severe,,17,38,10.97,14,Moderate Delay,122.41
TRIP203776,Clear,Standard,High,10.53,11,29,6.96,22,On Time,60.92
TRIP207194,,Standard,Moderate,13.12,15,42,2.61,9,Severe Delay,71.52
TRIP203706,Clear,Standard,Low,4.61,4,40,10.58,13,On Time,14.14
TRIP200278,Windy,Standard,Low,7.12,8,21,8.44,6,On Time,30.77
TRIP206937,Rainy,Standard,Moderate,,10,39,7.53,18,Moderate Delay,62.93
TRIP203516,Rainy,Standard,Moderate,6.17,8,44,7.11,18,Severe Delay,37.18
TRIP206365,Clear,Express,Low,17.97,20,46,6.21,8,Severe Delay,74.54
TRIP209275,Clear,Mini Bus,Low,14.07,17,9,3.05,6,On Time,58.79
TRIP201971,Clear,Standard,Moderate,8.04,9,29,1.08,12,On Time,40.22
TRIP209494,Clear,Mini Bus,Moderate,8.57,11,29,4.58,8,Moderate Delay,57.80
TRIP209150,Rainy,Mini Bus,Severe,22.23,28,25,15.93,15,Severe Delay,180.00
TRIP208258,Foggy,Mini Bus,High,4.13,4,5,8.78,11,Moderate Delay,39.35
TRIP202651,Clear,Standard,Moderate,5.75,8,36,3.32,20,Moderate Delay,28.33
TRIP207926,Clear,Standard,High,3.37,3,26,3.07,6,On Time,23.24
TRIP205504,Clear,Standard,Severe,17.62,21,22,9.06,12,Severe Delay,127.14
TRIP209605,Clear,Standard,High,8.66,11,58,13.59,18,Moderate Delay,51.43
TRIP207991,Clear,Standard,High,8.32,8,27,7.47,9,Moderate Delay,52.26
TRIP201221,Foggy,Standard,Severe,7.77,7,34,7.56,21,Severe Delay,52.34
TRIP200953,Clear,Mini Bus,High,15.50,15,11,18.00,22,Moderate Delay,91.63
TRIP209644,Windy,Mini Bus,Moderate,11.21,14,8,6.03,6,On Time,63.62
TRIP200832,Rainy,Standard,Low,13.37,15,46,7.43,9,Severe Delay,70.13
TRIP209403,Clear,Standard,Severe,10.09,13,37,5.20,12,Severe Delay,72.01
TRIP203839,Rainy,Standard,Moderate,8.23,7,28,7.16,6,On Time,44.97
TRIP205677,Rainy,Mini Bus,Moderate,3.01,3,21,10.05,11,On Time,30.96
TRIP209647,Clear,Standard,High,15.66,17,32,7.63,21,Moderate Delay,88.02
TRIP208137,Clear,Express,Low,5.91,10,14,5.32,23,On Time,23.46
TRIP204601,Clear,Standard,High,13.93,15,22,3.61,23,Moderate Delay,84.03
TRIP207987,Clear,Standard,Severe,17.70,21,27,6.41,16,Severe Delay,131.69
TRIP208248,Clear,Express,High,13.85,14,16,9.81,12,On Time,65.75
TRIP202573,,Mini Bus,High,16.15,17,19,10.20,23,Severe Delay,97.25
TRIP207742,Clear,Mini Bus,Moderate,13.88,13,3,6.45,13,On Time,64.78
TRIP207350,Foggy,Express,Moderate,4.47,3,13,5.73,12,On Time,28.70
TRIP201596,Clear,Mini Bus,Moderate,8.86,8,9,8.43,14,On Time,49.13
TRIP205424,Rainy,Standard,Moderate,23.02,22,46,1.56,18,Severe Delay,131.15
TRIP203020,Rainy,Standard,Moderate,30.11,34,16,9.77,6,Severe Delay,180.00
TRIP206126,Clear,Standard,Moderate,23.72,27,43,15.08,9,Severe Delay,142.70
TRIP200272,Clear,Express,High,10.85,8,17,9.52,6,On Time,42.46
TRIP209056,Rainy,Standard,Severe,11.68,12,34,3.67,15,Severe Delay,102.48
TRIP203886,Rainy,Mini Bus,Severe,7.83,9,26,7.25,9,Severe Delay,80.15
TRIP208965,,Standard,Moderate,4.36,3,16,6.00,14,On Time,31.07
TRIP207086,Rainy,Express,Moderate,10.82,10,32,3.88,18,Moderate Delay,51.08
TRIP203047,Windy,Standard,Low,4.51,8,48,2.53,17,Severe Delay,35.99
TRIP205768,Clear,,High,26.94,29,52,6.69,23,Severe Delay,180.00
TRIP207860,Foggy,Express,Moderate,13.02,14,12,6.84,21,On Time,61.66
TRIP206191,Windy,Standard,Low,14.66,15,52,3.18,17,Severe Delay,65.74
TRIP208682,Windy,Standard,Low,10.04,9,39,6.55,16,On Time,42.68
TRIP200149,Rainy,Standard,Severe,10.95,11,41,5.50,9,Severe Delay,102.18
TRIP201981,Clear,Mini Bus,Moderate,6.87,7,20,14.74,10,On Time,35.74
TRIP206268,Windy,Standard,Severe,15.28,18,24,4.50,14,Severe Delay,126.32
TRIP203907,Clear,Mini Bus,Moderate,2.70,3,23,8.97,21,On Time,12.00
TRIP200681,Clear,Standard,High,8.99,13,37,8.69,23,On Time,60.23
TRIP202771,Rainy,Express,Severe,12.51,11,13,14.59,20,Severe Delay,89.75
TRIP209764,Clear,Mini Bus,Moderate,9.36,9,20,6.82,23,On Time,40.98
TRIP209668,Clear,Standard,Moderate,11.16,11,18,3.98,13,On Time,45.15
TRIP201997,Rainy,Standard,High,4.43,3,30,15.33,6,Moderate Delay,41.65
TRIP200996,Clear,Standard,Low,10.12,12,38,8.48,12,On Time,35.11
TRIP207133,Clear,Express,Moderate,4.50,8,3,5.15,20,On Time,12.00
TRIP208238,,Standard,Moderate,5.07,5,,3.24,19,Moderate Delay,29.00
TRIP209338,Clear,Express,Low,5.64,4,8,6.67,22,On Time,20.96
TRIP200682,Rainy,Mini Bus,Moderate,3.57,3,18,6.15,12,On Time,37.70
TRIP201050,Rainy,Standard,High,4.69,9,33,9.24,7,Severe Delay,58.70
TRIP205893,Clear,Standard,Moderate,6.85,6,47,5.38,8,Severe Delay,40.60
TRIP204707,Clear,Mini Bus,Severe,7.04,6,33,11.66,7,Severe Delay,56.56
TRIP202984,Clear,Standard,High,4.63,3,42,2.89,18,Severe Delay,21.40
TRIP206766,Clear,Mini Bus,Low,8.95,11,10,7.05,21,On Time,37.17
TRIP208500,Foggy,Standard,High,15.36,14,43,3.04,19,Severe Delay,105.56
TRIP200942,Rainy,Standard,Moderate,6.05,7,21,14.16,11,On Time,33.97
TRIP206661,Rainy,Standard,High,5.55,6,49,6.09,19,Severe Delay,58.81
TRIP203069,Clear,Mini Bus,Severe,3.12,4,26,6.02,17,Severe Delay,34.25
TRIP204357,Clear,Express,Moderate,7.10,8,19,3.64,23,On Time,26.87
TRIP209289,Rainy,Standard,Moderate,8.00,8,25,3.66,18,Moderate Delay,50.37
TRIP200892,Clear,Standard,High,8.94,7,49,3.64,7,Severe Delay,65.51
TRIP203337,Clear,Standard,Moderate,14.28,17,47,1.74,16,Severe Delay,76.25
TRIP207901,Clear,Standard,High,7.31,7,39,3.01,16,Moderate Delay,43.53
TRIP209080,Clear,Standard,Moderate,5.81,6,33,0.32,13,On Time,30.10
TRIP203079,Clear,Standard,Severe,2.15,4,46,2.17,9,Severe Delay,21.73
TRIP206213,Clear,Mini Bus,Severe,8.57,11,26,4.43,11,Severe Delay,72.27
TRIP201416,Clear,Standard,High,9.45,7,20,2.05,15,Moderate Delay,50.16
TRIP200266,Clear,Express,High,16.60,17,16,6.00,19,Severe Delay,100.77
TRIP201618,Rainy,Standard,High,18.40,22,48,5.64,16,Severe Delay,128.80
TRIP207158,Clear,Standard,Severe,8.90,11,37,5.24,7,Severe Delay,70.17
TRIP204151,Clear,Standard,Moderate,10.41,7,45,0.95,19,Severe Delay,53.26
TRIP204803,Clear,Standard,Low,16.14,15,46,5.45,22,Moderate Delay,65.02
TRIP202530,Clear,Mini Bus,Low,6.58,7,17,3.86,10,On Time,38.56
TRIP201437,Windy,Standard,Moderate,18.91,20,19,18.00,10,Moderate Delay,92.20
TRIP201090,Clear,Standard,Severe,16.67,21,43,1.98,7,Severe Delay,135.62
TRIP202174,Windy,Mini Bus,Severe,6.88,8,10,3.24,6,Moderate Delay,51.72
TRIP201587,Rainy,Mini Bus,Severe,13.46,18,5,7.28,20,Severe Delay,109.25
TRIP200240,Windy,Standard,Moderate,6.45,5,22,3.92,6,On Time,36.59
TRIP208760,Rainy,,Moderate,6.70,4,30,2.14,23,On Time,45.46
TRIP209692,Clear,Standard,Moderate,5.40,3,27,10.94,9,On Time,31.93
TRIP206572,Windy,Standard,High,9.17,12,36,6.40,9,Moderate Delay,64.09
TRIP201131,Foggy,Mini Bus,Severe,20.30,16,9,12.11,15,Severe Delay,160.05
TRIP204284,Clear,Standard,Moderate,15.32,16,38,2.50,13,Moderate Delay,67.44
TRIP207728,Clear,Mini Bus,Moderate,10.23,15,32,6.42,14,On Time,57.00
TRIP203329,Windy,Mini Bus,Moderate,4.70,5,22,4.21,7,On Time,36.00
TRIP204747,Clear,Express,Moderate,2.00,3,7,8.91,14,On Time,12.00
TRIP202199,Clear,Express,Moderate,27.24,29,9,8.22,5,Moderate Delay,127.91
TRIP207405,Clear,Mini Bus,Moderate,7.80,7,28,,10,On Time,30.22
TRIP203882,Clear,Standard,High,3.26,5,20,10.35,13,On Time,25.70
TRIP206645,Clear,Mini Bus,High,7.21,10,37,2.43,9,Severe Delay,59.52
TRIP202740,Clear,Express,Moderate,14.02,17,34,3.11,21,Moderate Delay,61.03
TRIP207493,Clear,Express,Low,6.21,8,23,15.56,11,On Time,21.43
TRIP200319,Rainy,Standard,High,7.61,13,46,10.30,14,Severe Delay,64.63
TRIP205087,,Standard,Moderate,14.64,18,36,4.92,12,On Time,67.20
TRIP203149,Clear,Standard,Low,13.31,20,23,8.85,6,On Time,53.49
TRIP202654,Clear,Mini Bus,Moderate,3.45,6,38,9.58,18,Moderate Delay,18.99
TRIP208437,Clear,Express,Low,9.68,10,49,2.13,17,Moderate Delay,34.37
TRIP207764,Clear,Express,Severe,18.12,22,43,3.31,18,Severe Delay,132.67
TRIP200602,Windy,Standard,High,14.38,14,30,10.69,14,On Time,85.47
TRIP206833,Clear,Mini Bus,Moderate,8.61,9,27,4.24,12,On Time,38.79
TRIP208156,Clear,Standard,Low,23.77,24,42,4.13,7,Severe Delay,124.34
TRIP200497,Rainy,Standard,Moderate,6.38,11,56,0.61,19,Severe Delay,46.22
TRIP205670,Clear,Standard,Moderate,6.19,3,49,6.45,9,Moderate Delay,34.80
TRIP204574,Clear,Mini Bus,Moderate,8.34,4,12,6.94,6,On Time,37.00
TRIP208893,Clear,Mini Bus,Low,13.12,17,19,4.71,23,On Time,57.81
TRIP201236,Clear,Mini Bus,Moderate,6.71,10,28,1.16,7,Severe Delay,44.66
TRIP204241,Rainy,Standard,Moderate,12.41,13,56,2.94,9,Severe Delay,74.57
TRIP200669,Rainy,Mini Bus,Moderate,2.00,3,,2.44,6,Moderate Delay,19.96
TRIP209097,Clear,Mini Bus,High,12.12,14,21,2.23,19,Severe Delay,88.61
TRIP201180,Windy,Mini Bus,Moderate,5.41,4,40,18.00,9,Moderate Delay,41.37
TRIP209331,Windy,Standard,Low,7.09,7,41,5.76,13,On Time,29.90
TRIP207412,Clear,Mini Bus,Moderate,2.19,3,30,5.11,11,On Time,15.08
TRIP203806,Clear,Standard,Low,21.89,22,35,3.57,10,On Time,104.87
TRIP204614,Rainy,Standard,Low,16.17,19,35,7.44,15,Moderate Delay,68.87
TRIP202796,Windy,Standard,High,15.22,14,48,2.70,16,Severe Delay,96.54
TRIP204849,Clear,Standard,Low,11.89,9,45,11.98,14,On Time,43.68
TRIP205817,Windy,Standard,Moderate,5.49,5,44,5.66,8,Severe Delay,51.89
TRIP201480,Windy,Standard,Moderate,18.18,19,40,9.01,16,Severe Delay,95.78
TRIP207939,Clear,Standard,Moderate,32.00,36,42,4.31,18,Severe Delay,180.00
TRIP202308,Clear,Standard,Moderate,14.42,14,50,4.73,17,Severe Delay,81.44
TRIP200292,Windy,Standard,Low,15.38,16,28,4.42,13,Moderate Delay,73.56
TRIP206625,Clear,Express,Moderate,16.62,18,35,1.23,17,Severe Delay,77.19
TRIP205704,Clear,,Moderate,4.59,3,33,11.45,18,Moderate Delay,31.53
TRIP206287,Clear,Standard,Severe,14.64,17,17,14.12,21,Moderate Delay,102.28
TRIP204627,Clear,Express,High,8.04,8,45,11.39,9,Moderate Delay,39.63
TRIP204413,Rainy,Standard,Severe,4.50,6,29,3.16,5,Severe Delay,46.38
TRIP201603,Clear,Mini Bus,High,9.59,9,23,8.27,20,On Time,59.32
TRIP205833,Clear,Express,Low,11.04,12,42,10.16,18,On Time,31.81
TRIP206385,Rainy,Standard,High,12.79,14,45,5.69,11,Severe Delay,91.61
TRIP208282,Clear,Standard,Moderate,7.09,7,17,8.05,14,On Time,41.96
TRIP208000,Rainy,Express,Severe,4.41,5,30,5.40,16,Severe Delay,45.00
TRIP200059,Windy,Standard,Moderate,11.45,11,57,9.29,19,Severe Delay,59.68
TRIP207936,Clear,Standard,Moderate,6.75,8,35,10.55,20,On Time,30.97
TRIP205545,Clear,Mini Bus,High,19.85,22,30,1.95,12,Severe Delay,137.18
TRIP208425,Clear,Express,Moderate,6.41,6,38,1.40,9,Moderate Delay,23.03
TRIP209486,Clear,Standard,Severe,24.35,23,32,9.46,17,Severe Delay,180.00
TRIP208465,,Express,Moderate,10.50,12,32,3.47,9,Moderate Delay,49.02
TRIP206482,Windy,Mini Bus,High,10.61,16,30,7.55,11,Moderate Delay,63.23
TRIP203836,Rainy,Standard,Low,9.23,12,17,12.44,22,On Time,43.76
TRIP203730,Clear,Standard,Moderate,9.72,12,21,9.39,14,On Time,42.88
TRIP209739,Clear,Standard,Moderate,18.05,19,38,10.67,9,Severe Delay,96.55
TRIP203805,Rainy,Mini Bus,Moderate,6.51,4,49,3.24,9,Moderate Delay,35.05
TRIP202307,Windy,Standard,Moderate,24.89,27,37,18.00,20,Moderate Delay,154.29
TRIP206379,Rainy,Standard,Low,10.93,9,31,6.64,22,On Time,41.73
TRIP202196,Clear,Standard,Low,3.35,7,51,5.75,8,Moderate Delay,29.42
TRIP208655,Clear,Standard,Moderate,11.34,11,40,6.22,9,Moderate Delay,53.09
TRIP205254,Clear,Standard,High,10.25,11,50,8.93,8,Severe Delay,69.84
TRIP206266,Foggy,Express,High,16.44,19,42,7.83,19,Severe Delay,124.21
TRIP200513,Clear,Mini Bus,High,9.46,11,31,3.17,17,Severe Delay,59.31
TRIP205909,Clear,Mini Bus,Moderate,6.51,3,9,4.66,21,On Time,30.04
TRIP200589,Clear,Standard,High,6.91,5,30,2.46,13,Moderate Delay,46.57
TRIP206066,Rainy,Standard,Moderate,6.71,7,31,3.91,22,On Time,30.73
TRIP200139,Rainy,Standard,Severe,24.88,24,55,1.25,17,Severe Delay,180.00
TRIP203757,Foggy,Express,Severe,8.80,8,26,4.68,17,Severe Delay,59.02
TRIP200081,Clear,Standard,Moderate,7.29,8,56,5.49,18,Moderate Delay,39.30
TRIP205924,Clear,Standard,Moderate,21.47,23,45,3.82,8,Severe Delay,131.26
TRIP203845,Rainy,Standard,Moderate,8.21,10,34,3.82,19,Moderate Delay,42.92
TRIP203344,Clear,Standard,Low,8.35,12,56,9.22,18,Moderate Delay,49.85
TRIP200195,Rainy,Mini Bus,Moderate,4.84,4,16,4.32,21,On Time,24.18
TRIP209504,Rainy,Standard,High,7.36,10,45,3.15,9,Severe Delay,65.35
TRIP207361,Windy,Mini Bus,Moderate,9.68,15,31,4.26,18,Moderate Delay,61.55
TRIP200277,Clear,Express,High,12.46,12,28,5.03,5,On Time,62.15
TRIP204841,Clear,Standard,High,11.01,13,37,8.68,12,Moderate Delay,53.03
TRIP203357,Clear,Express,Moderate,15.60,13,27,6.95,16,On Time,75.43
TRIP201307,Clear,,Moderate,7.76,5,31,11.63,18,Moderate Delay,29.40
TRIP201477,Clear,,Severe,16.35,16,8,8.58,11,Moderate Delay,104.62
TRIP202525,Clear,Standard,High,20.48,19,44,4.09,6,Severe Delay,122.61
TRIP204361,Clear,Standard,Moderate,7.17,5,38,2.09,21,Moderate Delay,27.05
TRIP208859,Rainy,Standard,High,27.04,32,61,1.18,17,Severe Delay,180.00
TRIP207373,Clear,Mini Bus,Moderate,9.30,11,25,13.11,11,On Time,44.47
TRIP202668,Clear,Standard,High,12.87,12,26,3.09,11,Moderate Delay,68.97
TRIP200379,Clear,Express,High,12.59,13,25,13.79,5,Moderate Delay,68.03
TRIP202524,Rainy,Mini Bus,Low,24.87,26,14,12.71,14,Moderate Delay,120.75
TRIP205892,Foggy,Mini Bus,Low,8.38,5,25,2.28,19,Severe Delay,38.53
TRIP202958,Rainy,,Low,14.69,18,25,4.43,21,On Time,53.33
TRIP202626,Clear,Standard,Low,9.75,11,29,6.81,12,Moderate Delay,38.75
TRIP201947,Clear,Mini Bus,High,8.23,9,13,2.20,13,Moderate Delay,48.76
TRIP201365,Rainy,Standard,Moderate,10.40,13,38,1.58,21,Moderate Delay,56.67
TRIP205688,Rainy,Mini Bus,Low,9.42,9,36,4.07,8,Moderate Delay,57.14
TRIP200470,Clear,Standard,Moderate,10.10,12,28,7.44,10,Moderate Delay,35.96
TRIP203103,Clear,Standard,Moderate,8.53,12,41,2.62,17,Severe Delay,53.63
TRIP200889,Clear,Standard,High,6.96,5,27,3.58,15,On Time,37.44
TRIP209351,Clear,Express,High,21.07,19,43,3.78,16,Severe Delay,126.22
TRIP206517,Rainy,Express,Moderate,5.79,9,22,3.21,8,On Time,26.02
TRIP206468,Windy,Express,Severe,7.46,14,22,3.67,9,Moderate Delay,63.54
TRIP200119,Clear,Express,Moderate,2.35,3,9,4.70,14,On Time,12.00
TRIP203210,Clear,Standard,High,6.23,9,17,10.84,23,On Time,37.90
TRIP206356,Clear,Mini Bus,High,9.64,7,24,6.91,17,Severe Delay,54.24
TRIP205065,Windy,Standard,Low,7.60,8,40,2.19,6,On Time,34.23
TRIP204420,Rainy,Standard,Low,9.50,10,43,5.00,13,On Time,48.91
TRIP208791,Clear,Standard,Moderate,13.06,12,19,5.98,22,On Time,60.37
TRIP207366,Foggy,Express,High,12.97,10,34,7.21,21,On Time,64.20
TRIP204869,Clear,Standard,Moderate,10.10,10,40,10.55,21,On Time,45.63
TRIP205267,Clear,Standard,High,13.05,16,27,12.84,23,Moderate Delay,72.10
TRIP209677,Rainy,Standard,High,4.13,3,28,2.21,14,Moderate Delay,42.24
TRIP205310,Rainy,Standard,Low,21.38,21,44,9.49,8,Severe Delay,102.48
TRIP200216,Clear,Standard,Moderate,11.17,12,22,,23,On Time,43.21
TRIP207625,Rainy,Standard,Low,14.46,14,53,5.63,18,Severe Delay,70.56
TRIP206274,Clear,Express,Moderate,13.76,14,24,10.14,23,On Time,51.83
TRIP207263,Clear,Standard,Moderate,2.07,3,27,3.79,5,On Time,20.92
TRIP206827,Rainy,Standard,High,9.00,6,33,5.89,14,Moderate Delay,55.19
TRIP201275,Clear,Standard,Low,5.49,6,39,6.02,19,Moderate Delay,28.97
TRIP202888,Clear,Standard,High,3.98,6,44,6.87,8,Moderate Delay,25.99
TRIP208389,Clear,Express,High,,28,9,13.42,13,Moderate Delay,172.23
TRIP204802,Rainy,Standard,Moderate,8.57,4,19,2.14,5,Moderate Delay,38.86
TRIP209457,Foggy,Mini Bus,Moderate,4.87,3,26,9.82,19,Moderate Delay,40.43
TRIP202813,Clear,Mini Bus,High,6.46,11,18,2.73,19,Severe Delay,42.06
TRIP202411,Clear,Standard,Moderate,14.30,17,37,4.07,21,On Time,70.39
TRIP202481,Clear,Standard,High,6.62,10,45,8.12,9,Moderate Delay,46.38
TRIP205206,Windy,Express,Severe,,10,31,4.24,17,Severe Delay,65.11
TRIP209366,Rainy,Standard,Moderate,7.28,8,26,9.78,23,On Time,30.49
TRIP200694,Clear,Standard,High,10.00,9,52,3.58,17,Severe Delay,55.64
TRIP209066,Clear,Standard,High,11.53,10,55,8.74,16,Severe Delay,75.56
TRIP201084,Windy,Standard,Moderate,4.33,7,46,2.22,13,Moderate Delay,33.18
TRIP205495,Rainy,Mini Bus,Moderate,2.37,3,30,15.33,8,Moderate Delay,31.60
TRIP202671,Windy,Mini Bus,High,7.72,10,27,1.96,7,Severe Delay,52.63
TRIP200185,Clear,Standard,High,3.65,3,14,3.48,22,On Time,28.06
TRIP205625,Rainy,Standard,High,5.90,9,54,2.98,14,Severe Delay,59.11
TRIP207632,Clear,Standard,High,7.23,7,22,3.64,16,Severe Delay,53.04
TRIP205990,Windy,Express,Moderate,5.19,4,32,6.60,8,On Time,22.68
TRIP202879,Clear,Standard,Moderate,19.90,19,37,2.99,6,Moderate Delay,93.28
TRIP208006,Clear,Standard,High,8.25,6,44,3.61,12,Moderate Delay,40.69
TRIP200124,Windy,Standard,Moderate,9.38,9,65,8.61,9,Moderate Delay,51.24
TRIP202543,Rainy,Mini Bus,Severe,17.38,16,18,2.48,11,Severe Delay,137.67
TRIP208728,,Mini Bus,Low,5.86,5,15,3.52,13,On Time,19.49
TRIP205530,Clear,Express,Low,5.72,6,21,14.71,19,On Time,17.61
TRIP204507,Clear,Standard,Moderate,7.24,6,38,3.88,18,Severe Delay,45.99
TRIP202108,Windy,Standard,Moderate,16.19,15,26,9.15,20,On Time,73.52
TRIP205368,Clear,Express,High,8.26,9,29,4.05,16,Severe Delay,45.82
TRIP207854,Clear,Express,Low,5.36,9,3,9.64,20,On Time,12.92
TRIP208474,Rainy,Standard,Moderate,6.57,7,24,5.53,19,Severe Delay,45.52
TRIP207156,Clear,Express,Moderate,21.29,25,27,4.70,19,Severe Delay,107.05
TRIP209811,Windy,Standard,Moderate,14.80,16,47,8.91,12,Severe Delay,71.70
TRIP205853,Windy,Mini Bus,Low,9.96,9,36,5.81,19,Moderate Delay,56.07
TRIP206965,Clear,Mini Bus,Moderate,12.02,11,26,5.69,8,On Time,53.61
TRIP204957,Rainy,Standard,Low,9.82,10,43,9.35,8,Moderate Delay,53.80
TRIP206532,Windy,Standard,Severe,4.56,3,32,1.35,6,Moderate Delay,35.39
TRIP208046,Windy,Standard,Low,16.41,20,26,3.65,12,Moderate Delay,79.15
TRIP207732,Clear,Express,Severe,10.62,8,29,9.07,18,Moderate Delay,72.12
TRIP205674,Clear,Standard,Low,16.95,21,46,7.32,17,Severe Delay,74.50
TRIP201699,Clear,Express,Moderate,18.15,17,14,12.51,13,Moderate Delay,57.45
TRIP201164,Rainy,Standard,Severe,7.77,9,30,6.22,12,Severe Delay,69.67
TRIP205359,Windy,Express,Low,29.78,27,10,12.14,10,Moderate Delay,143.84
TRIP208838,Rainy,Standard,Moderate,8.45,8,24,3.35,14,On Time,46.77
TRIP208192,Clear,Standard,High,16.26,20,49,11.17,21,Severe Delay,100.05
TRIP205107,Rainy,Mini Bus,High,13.48,13,31,4.88,19,Severe Delay,91.28
TRIP207149,Clear,Mini Bus,Moderate,4.89,6,26,2.59,18,Severe Delay,33.31
TRIP204411,Clear,Standard,Low,28.03,29,33,7.27,6,Severe Delay,143.06
TRIP201700,Clear,Express,Moderate,12.89,14,13,0.72,10,Moderate Delay,45.78
TRIP208351,Clear,Standard,Moderate,14.31,17,34,6.59,13,On Time,76.18
TRIP205580,Clear,Standard,Low,5.83,7,41,5.15,17,On Time,35.32
TRIP201372,Windy,Standard,Low,8.82,8,22,3.33,22,Moderate Delay,43.30
TRIP207288,Rainy,Mini Bus,Severe,10.28,9,10,4.53,23,Severe Delay,91.51
TRIP209040,Rainy,Standard,Low,6.73,6,30,7.82,20,On Time,22.94
TRIP201350,Clear,Mini Bus,Moderate,2.35,3,30,5.13,21,On Time,13.35
TRIP207081,Rainy,Standard,Severe,11.51,14,30,14.49,18,Severe Delay,110.03
TRIP207653,Foggy,Standard,High,7.84,10,37,3.36,9,Severe Delay,65.69
TRIP205273,Clear,Standard,Severe,12.85,13,43,3.78,18,Severe Delay,95.01
TRIP206764,Windy,Standard,Severe,6.86,6,42,15.40,8,Severe Delay,52.83
TRIP201642,Rainy,Express,Severe,18.32,19,29,10.28,17,Severe Delay,150.28
TRIP202941,Clear,Standard,Severe,24.60,32,46,18.00,16,Severe Delay,180.00
TRIP206043,Clear,Standard,High,2.00,3,31,5.78,15,On Time,16.51
TRIP205371,Rainy,Standard,Moderate,12.97,13,33,8.11,10,Moderate Delay,52.54
TRIP201874,Windy,Mini Bus,Low,8.29,5,18,3.35,15,On Time,34.74
TRIP203140,Windy,Standard,Moderate,21.07,23,33,2.16,21,Severe Delay,114.87
TRIP200560,Clear,Express,Low,7.58,8,31,8.72,19,On Time,34.58
TRIP207122,Rainy,,Low,6.01,9,39,3.80,18,Moderate Delay,47.64
TRIP200676,Clear,Mini Bus,Severe,5.85,3,9,3.65,11,On Time,40.80
TRIP204602,Rainy,Mini Bus,Moderate,3.64,3,27,2.30,17,Severe Delay,39.10
TRIP204820,Clear,Standard,Low,12.68,14,26,9.45,13,On Time,43.02
TRIP201632,Rainy,Standard,Moderate,8.54,8,41,0.78,15,Moderate Delay,46.17
TRIP207556,Clear,Standard,High,9.48,10,31,9.00,6,Moderate Delay,58.81
TRIP208784,Clear,Mini Bus,Moderate,21.43,20,26,8.59,7,Severe Delay,122.52
TRIP204301,Clear,Mini Bus,High,6.23,8,35,7.61,8,Severe Delay,52.80
TRIP207925,Clear,Standard,Low,6.06,4,35,3.78,7,On Time,27.17
TRIP204530,Windy,Standard,Moderate,7.40,6,54,0.89,19,Severe Delay,44.30
TRIP200512,Clear,Standard,High,11.78,15,26,8.88,20,Moderate Delay,67.44
TRIP202744,Windy,Standard,High,5.09,9,11,7.60,23,On Time,22.32
TRIP208592,Windy,Standard,Moderate,9.24,6,30,5.37,10,On Time,38.56
TRIP204329,Rainy,Express,High,15.14,15,17,6.48,11,Severe Delay,76.92
TRIP206813,Clear,Standard,Moderate,7.10,11,35,0.94,16,Severe Delay,39.10
TRIP202726,Clear,Express,Moderate,8.05,7,37,6.46,8,Moderate Delay,32.87
TRIP200932,Foggy,Standard,High,5.65,8,30,3.47,23,Severe Delay,37.00
TRIP209529,Rainy,Standard,Low,12.76,10,48,13.52,19,Moderate Delay,56.24
TRIP208591,Clear,Standard,Low,7.04,6,47,,18,Moderate Delay,38.81
TRIP204914,Foggy,Standard,Moderate,10.46,11,45,3.31,18,Severe Delay,69.70
TRIP203130,Clear,Mini Bus,Moderate,12.66,11,27,4.36,6,Moderate Delay,57.03
TRIP202490,Clear,Mini Bus,Low,7.00,6,25,11.71,13,On Time,24.07
TRIP205634,Rainy,Standard,Moderate,2.51,3,39,4.38,10,On Time,20.40
TRIP207640,Clear,Standard,High,6.40,7,21,10.94,10,On Time,25.69
TRIP209285,Windy,Standard,Moderate,20.20,21,36,5.89,7,Severe Delay,115.10
TRIP208644,Windy,Mini Bus,High,2.80,5,8,,23,Moderate Delay,30.61
TRIP200263,Windy,Standard,High,10.51,13,39,3.25,13,Moderate Delay,53.82
TRIP200869,Windy,Mini Bus,Low,3.86,4,19,1.51,6,On Time,28.38
TRIP204449,Clear,Standard,High,5.92,7,31,4.24,12,Moderate Delay,38.96
TRIP208962,Clear,Express,Moderate,14.26,13,22,9.37,10,On Time,53.66
TRIP205386,Clear,Standard,Moderate,7.48,9,50,2.92,7,Severe Delay,49.12
TRIP208375,Clear,Standard,Low,17.59,20,42,1.30,8,Severe Delay,87.05
TRIP200450,Rainy,Express,Moderate,13.29,11,26,4.40,9,Severe Delay,59.86
TRIP207636,Clear,,Moderate,10.87,14,15,9.07,6,On Time,55.46
TRIP206729,Clear,Standard,Low,7.81,11,50,8.68,9,Moderate Delay,41.33
TRIP200482,Clear,Mini Bus,Severe,3.51,4,31,16.19,15,Moderate Delay,25.36
TRIP204003,Rainy,Standard,Moderate,7.21,7,18,6.29,12,On Time,40.55
TRIP200675,Rainy,Standard,High,11.61,11,43,10.35,11,Moderate Delay,81.54
TRIP208111,Clear,Standard,Moderate,19.80,21,45,4.79,16,Severe Delay,103.83
TRIP204396,Rainy,Standard,Low,15.68,15,35,1.69,23,Moderate Delay,70.97
TRIP209438,Windy,Standard,Moderate,12.20,11,36,18.00,5,On Time,54.58
TRIP208626,Rainy,Standard,Moderate,6.77,6,38,1.04,18,Severe Delay,41.16
TRIP209224,Clear,Mini Bus,Severe,13.62,14,,8.20,8,Severe Delay,106.63
TRIP202518,Rainy,Express,Low,15.75,17,36,2.18,18,Severe Delay,70.10
TRIP201877,Clear,Mini Bus,Low,21.87,18,7,4.14,23,On Time,95.53
TRIP206705,Windy,Mini Bus,Moderate,10.73,8,20,10.74,23,On Time,62.07
TRIP201618,Rainy,Standard,High,18.40,22,48,5.64,16,Severe Delay,128.80
TRIP203552,Clear,Express,Moderate,4.26,5,28,3.25,10,On Time,19.09
TRIP200077,Rainy,Standard,Moderate,7.41,11,36,3.76,17,Moderate Delay,52.71
TRIP201834,Clear,Standard,Low,21.21,20,26,8.69,14,Moderate Delay,98.42
TRIP205272,Rainy,Standard,High,9.88,5,42,18.00,17,Severe Delay,67.38
TRIP201713,Rainy,Express,High,8.36,7,16,6.96,5,Moderate Delay,45.72
TRIP201707,Windy,Standard,High,8.81,11,28,2.73,23,Severe Delay,47.78
TRIP203319,Clear,Standard,Low,4.67,7,50,1.62,17,Moderate Delay,30.82
TRIP203817,Clear,Mini Bus,Low,8.66,11,30,11.47,19,On Time,49.29
TRIP205355,Windy,Standard,Moderate,10.13,13,32,2.23,13,Moderate Delay,53.85
TRIP201865,Clear,Standard,Moderate,7.92,11,31,6.53,5,On Time,31.93
TRIP208003,Windy,Mini Bus,Low,6.05,3,21,,14,On Time,31.60
TRIP207013,Clear,Mini Bus,High,,3,13,13.04,23,On Time,25.62
TRIP201674,Clear,Mini Bus,Moderate,5.76,8,32,4.10,18,Moderate Delay,33.90
TRIP203848,Windy,Mini Bus,Moderate,12.29,14,3,10.43,6,On Time,68.10
TRIP201837,Rainy,Express,Low,8.52,11,37,4.34,15,On Time,33.69
TRIP203652,Clear,Express,Moderate,4.31,3,40,9.31,18,On Time,12.00
TRIP207097,Clear,Standard,Low,7.81,4,29,8.78,5,On Time,23.26
TRIP200131,Clear,Express,High,15.42,15,26,2.95,13,Moderate Delay,79.22
TRIP208473,Clear,Standard,Moderate,7.95,9,22,6.26,15,Moderate Delay,39.49
TRIP206966,Clear,Mini Bus,High,14.18,12,20,2.27,12,Moderate Delay,83.75
TRIP209418,Rainy,Express,Moderate,16.47,17,33,1.72,18,Severe Delay,84.42
TRIP203452,Clear,Express,Low,9.39,8,28,18.00,17,On Time,26.83
TRIP207988,Foggy,Mini Bus,High,7.90,7,35,3.63,22,Severe Delay,56.71
TRIP207879,Clear,Standard,Moderate,3.51,4,53,3.03,16,Moderate Delay,29.65
TRIP208463,Clear,Standard,High,5.70,10,40,10.50,11,Moderate Delay,37.47
TRIP204236,Clear,Standard,High,3.15,3,37,3.69,13,On Time,20.15
TRIP200799,,Express,High,2.00,3,30,6.34,17,Moderate Delay,14.35
TRIP202918,Clear,Mini Bus,Moderate,5.42,4,41,2.07,7,Moderate Delay,32.12
TRIP205864,Clear,,Moderate,12.00,15,24,1.58,5,Moderate Delay,58.54
TRIP202363,Rainy,Standard,High,6.52,9,37,7.98,11,Moderate Delay,43.82
TRIP207174,Foggy,Standard,Moderate,8.60,10,61,8.37,18,Severe Delay,62.37
TRIP203908,Rainy,Mini Bus,Low,3.74,5,18,5.33,6,On Time,29.51
TRIP202823,Rainy,Standard,Low,7.55,3,48,4.39,9,Moderate Delay,46.26
TRIP207565,Clear,Mini Bus,Moderate,11.55,14,17,3.44,10,On Time,58.83
TRIP202855,Clear,Standard,Low,,12,54,7.02,5,On Time,53.97
TRIP206882,Rainy,Express,Severe,9.64,7,43,3.17,9,Severe Delay,83.18
TRIP203958,Clear,Express,Moderate,13.18,9,20,4.23,12,On Time,49.18
TRIP207057,Clear,Standard,Low,11.05,15,16,5.88,21,On Time,45.59
TRIP206047,Rainy,Standard,Severe,2.09,3,35,16.37,11,Moderate Delay,35.22
TRIP202390,Clear,Mini Bus,High,5.73,10,19,3.79,15,On Time,45.13
TRIP208796,Clear,Standard,High,13.23,17,38,5.65,20,On Time,76.31
TRIP201211,Rainy,Standard,Moderate,7.30,8,39,11.01,15,On Time,30.84
TRIP202883,Foggy,Standard,Severe,5.46,7,38,6.10,21,Moderate Delay,51.24
TRIP205502,Rainy,Standard,Low,6.55,13,17,3.75,21,On Time,30.49
TRIP206011,Rainy,Mini Bus,Moderate,4.33,5,3,18.00,11,On Time,21.75
TRIP205959,Clear,Standard,High,3.31,4,40,8.92,22,On Time,22.36
TRIP200171,Clear,Express,Moderate,6.45,4,46,9.55,9,On Time,28.78
TRIP205989,Clear,Mini Bus,Severe,3.10,6,27,8.97,8,Moderate Delay,37.91
TRIP206956,Windy,Standard,Severe,11.60,13,,2.62,8,Severe Delay,102.74
TRIP205177,Windy,Mini Bus,High,9.24,10,19,5.13,17,Severe Delay,58.41
TRIP201518,Rainy,Standard,Severe,14.83,13,49,14.49,9,Severe Delay,124.61
TRIP202209,Clear,Standard,High,7.31,7,44,0.80,16,Severe Delay,41.63
TRIP205875,Rainy,Mini Bus,Severe,4.58,4,31,6.92,5,Severe Delay,62.67
TRIP202295,Rainy,Express,Moderate,8.24,11,22,5.63,18,Moderate Delay,44.60
TRIP201218,Clear,Mini Bus,High,5.98,3,26,5.94,6,Moderate Delay,33.80
TRIP200970,Clear,Mini Bus,High,9.07,10,3,7.57,14,Moderate Delay,49.93
TRIP202332,Foggy,Standard,Low,8.54,12,43,1.20,18,Severe Delay,46.38
TRIP201493,Clear,Mini Bus,Moderate,9.04,12,5,1.92,12,On Time,40.89
TRIP207441,Windy,Standard,Severe,9.15,8,42,7.48,18,Severe Delay,71.49
TRIP203026,Windy,Standard,Low,8.85,9,50,,18,Moderate Delay,47.01
TRIP205073,Clear,Standard,Moderate,6.38,8,52,7.39,18,Moderate Delay,36.43
TRIP200210,Windy,Express,High,8.63,8,27,3.58,5,On Time,38.86
TRIP200666,Rainy,Standard,Severe,9.98,12,56,5.38,17,Severe Delay,90.17
TRIP204792,Clear,Standard,Low,8.03,10,37,14.56,8,On Time,41.30
TRIP205128,Clear,Standard,High,,10,27,,20,On Time,44.35
TRIP201625,Clear,Standard,Moderate,16.98,22,46,6.29,6,Moderate Delay,84.76
TRIP207382,Foggy,Mini Bus,Low,7.88,7,18,5.02,20,On Time,37.49
TRIP204752,Windy,Standard,Severe,7.60,8,29,10.27,22,Moderate Delay,51.55
TRIP203134,Rainy,Express,Moderate,16.72,17,12,9.42,6,Moderate Delay,67.51
TRIP204028,Clear,Standard,Moderate,,18,28,5.88,7,Severe Delay,73.19
TRIP207737,Clear,Express,Moderate,2.00,3,12,,6,On Time,12.00
TRIP204271,Clear,Standard,Severe,5.45,8,46,,16,Severe Delay,58.08
TRIP203620,Rainy,Mini Bus,High,8.50,12,13,7.72,12,Severe Delay,70.12
TRIP209444,,Standard,Moderate,15.70,16,54,9.55,16,Severe Delay,77.20
TRIP207467,Windy,Express,High,4.61,5,26,9.41,18,Moderate Delay,34.90
TRIP206138,Clear,Express,Severe,14.82,18,8,8.43,22,Moderate Delay,99.44
TRIP207178,Clear,Mini Bus,Low,7.18,9,15,5.69,23,On Time,35.34
TRIP207960,Windy,Standard,Low,22.82,25,49,6.62,6,Severe Delay,107.04
TRIP207084,Clear,Standard,Low,8.08,12,29,9.80,22,On Time,31.90
TRIP209020,Windy,Express,Severe,7.90,9,19,6.45,12,Moderate Delay,45.13
TRIP202696,Clear,Standard,High,10.69,15,43,18.00,18,Severe Delay,67.08
TRIP205116,Clear,Mini Bus,Low,19.15,22,25,2.82,16,Severe Delay,79.08
TRIP208650,Foggy,Standard,Moderate,17.49,18,48,3.73,8,Severe Delay,105.01
TRIP206594,Clear,Mini Bus,Moderate,8.82,9,22,5.91,18,Moderate Delay,39.72
TRIP202099,Clear,Mini Bus,Severe,13.14,12,11,1.95,14,Severe Delay,94.66
TRIP202869,Clear,Mini Bus,Moderate,10.81,8,23,6.75,21,On Time,53.74
TRIP207101,Rainy,Mini Bus,High,12.67,15,15,7.17,22,Severe Delay,84.43
TRIP201310,Clear,Standard,Moderate,13.78,16,25,4.69,20,Moderate Delay,64.63
TRIP203017,Windy,Express,High,8.47,7,19,2.56,11,Moderate Delay,42.71
TRIP207534,Windy,Express,High,18.19,19,34,7.03,18,Severe Delay,112.94
TRIP208092,,Express,Low,16.74,18,19,1.54,20,Moderate Delay,54.82
TRIP201721,Clear,Express,Severe,13.74,15,,1.56,17,Severe Delay,104.58
TRIP206334,Rainy,Standard,Low,6.07,5,33,2.48,13,Moderate Delay,30.84
TRIP201589,Foggy,Standard,Low,23.79,25,42,3.83,22,Moderate Delay,136.05
TRIP200474,Rainy,Standard,Low,13.43,15,17,3.19,12,Moderate Delay,48.69
TRIP209170,Rainy,Mini Bus,Low,10.00,6,28,8.09,8,Moderate Delay,45.43
TRIP203510,Foggy,Standard,High,13.23,12,36,2.21,9,Severe Delay,82.69
TRIP209449,Windy,Standard,Moderate,16.21,13,47,11.64,23,Severe Delay,78.70
TRIP205790,Clear,Express,Moderate,13.78,14,38,3.98,23,Moderate Delay,48.62
TRIP202677,Clear,Standard,High,8.02,14,30,7.64,13,Moderate Delay,41.20
TRIP203035,Clear,Standard,Moderate,4.78,7,45,0.43,8,Severe Delay,37.29
TRIP200274,Clear,Express,High,6.75,3,9,8.01,23,On Time,35.75
TRIP205616,Windy,Mini Bus,High,14.45,13,30,6.81,9,Severe Delay,95.74
TRIP207326,Windy,Mini Bus,Moderate,9.64,9,3,4.23,13,On Time,54.02
TRIP200905,Clear,Mini Bus,Moderate,12.25,9,24,9.18,17,Moderate Delay,56.73
TRIP201111,Clear,Standard,High,3.19,3,46,8.39,16,Moderate Delay,22.16
TRIP208590,Rainy,Standard,Moderate,10.01,11,48,11.16,17,Severe Delay,59.00
TRIP206461,Clear,Standard,Severe,12.14,12,38,12.04,6,Moderate Delay,83.48
TRIP203714,Clear,Express,Severe,9.47,6,15,4.60,15,On Time,54.18
TRIP207492,Windy,Mini Bus,Moderate,24.34,34,11,8.29,23,Moderate Delay,142.97
TRIP203322,Clear,Express,High,2.86,3,5,3.78,22,On Time,12.00
TRIP203193,Rainy,Standard,Moderate,10.41,11,51,2.05,19,Severe Delay,69.67
TRIP202406,Rainy,Standard,Moderate,12.18,8,56,1.71,19,Severe Delay,64.55
TRIP208294,Clear,Mini Bus,Moderate,7.78,9,9,5.20,12,On Time,37.65
TRIP202795,Rainy,Mini Bus,High,11.92,13,33,6.25,16,Severe Delay,99.54
TRIP206295,Rainy,Standard,Low,9.45,6,31,3.95,21,On Time,37.63
TRIP208755,Rainy,Mini Bus,High,12.64,14,35,16.06,17,Severe Delay,92.61
TRIP208385,Rainy,Standard,Moderate,16.60,19,42,10.53,8,Severe Delay,87.71
TRIP209012,Foggy,Mini Bus,Moderate,7.02,7,22,9.91,11,On Time,36.92
TRIP203608,Clear,Mini Bus,Moderate,4.83,9,31,4.19,18,Moderate Delay,33.97
TRIP201630,Windy,Express,Moderate,10.52,14,38,6.47,6,On Time,51.60
TRIP209355,Clear,Standard,Moderate,11.08,13,51,3.69,6,Moderate Delay,58.35
TRIP209033,Clear,Standard,Low,16.59,17,30,16.83,15,On Time,68.78
TRIP205369,Clear,Standard,High,17.70,18,49,8.56,6,Severe Delay,112.31
TRIP202926,Clear,Mini Bus,Moderate,5.57,4,25,6.85,19,Moderate Delay,34.26
TRIP201173,Clear,Standard,Low,5.83,4,32,14.09,11,On Time,20.93
TRIP208292,Clear,Standard,High,12.59,13,31,13.54,11,On Time,71.19
TRIP206485,Rainy,Standard,High,9.33,7,48,6.11,17,Severe Delay,75.49
TRIP208491,Clear,Standard,High,2.00,3,23,5.85,22,On Time,12.00
TRIP200328,Windy,Standard,High,5.66,5,40,5.47,16,Severe Delay,41.93
TRIP205211,Clear,Standard,Moderate,,11,47,16.81,6,On Time,46.89
TRIP203034,Clear,Standard,Low,13.15,14,44,7.93,8,Moderate Delay,65.29
TRIP200766,Windy,Standard,Low,25.14,29,32,6.97,14,Moderate Delay,134.54
TRIP200662,Clear,Mini Bus,High,8.18,12,5,7.40,12,On Time,55.02
TRIP209042,Clear,Standard,Low,14.60,16,37,8.23,20,On Time,54.56
TRIP205811,Clear,Express,Low,7.88,12,15,12.51,19,Moderate Delay,25.75
TRIP209483,Clear,Express,Moderate,2.04,3,27,6.55,18,On Time,12.00
TRIP206511,Clear,Standard,Severe,11.87,12,36,5.60,8,Severe Delay,88.88
TRIP202179,Clear,Standard,Severe,24.17,29,30,8.76,9,Severe Delay,180.00
TRIP203310,,Express,Moderate,16.59,19,16,7.78,6,On Time,80.80
TRIP202432,Rainy,Standard,High,6.15,9,48,1.68,16,Severe Delay,60.84
TRIP201985,Windy,Mini Bus,Low,3.94,3,20,7.91,23,On Time,19.27
TRIP200728,Clear,Express,High,3.83,3,19,5.88,13,On Time,12.00
TRIP204141,Clear,Standard,Moderate,14.10,12,28,6.58,21,On Time,66.59
TRIP209798,Windy,Standard,High,24.71,23,25,4.94,12,Severe Delay,166.48
TRIP203667,Clear,Standard,High,12.24,17,35,0.65,19,Severe Delay,77.54
TRIP207958,Clear,Express,Moderate,8.49,10,23,1.58,15,On Time,36.43
TRIP202434,Rainy,Standard,Severe,3.75,9,,5.03,16,Severe Delay,56.85
TRIP207619,Clear,Standard,Moderate,11.84,9,59,6.75,9,Severe Delay,65.63
TRIP200287,Clear,Standard,Moderate,2.46,3,32,5.23,21,On Time,15.18
TRIP201148,Clear,Mini Bus,High,10.56,11,7,15.22,11,On Time,45.54
TRIP206681,Clear,Express,Moderate,23.89,23,39,4.71,9,Severe Delay,118.79
TRIP209821,Clear,Standard,Moderate,17.99,19,30,,6,Moderate Delay,95.38
TRIP205238,Foggy,Standard,Low,17.48,18,42,3.85,8,Severe Delay,86.61
TRIP209087,Clear,Standard,Severe,7.64,6,24,4.05,21,Moderate Delay,52.76
TRIP200642,Clear,Standard,Moderate,4.32,5,43,4.57,8,Moderate Delay,34.91
TRIP207512,Clear,Express,High,17.07,19,18,10.60,15,Moderate Delay,91.23
TRIP208573,Windy,Mini Bus,Moderate,11.26,14,12,4.42,22,Moderate Delay,47.58
TRIP200356,Clear,Standard,Moderate,12.68,15,45,1.33,9,Severe Delay,67.42
TRIP204700,Rainy,Standard,High,16.64,17,27,13.59,15,Severe Delay,112.54
TRIP203197,Clear,Standard,Moderate,4.18,4,46,7.43,8,Moderate Delay,25.52
TRIP202131,Clear,Express,High,5.04,8,43,3.33,7,Moderate Delay,35.75
TRIP208001,Clear,Standard,Low,14.96,16,20,7.85,5,Moderate Delay,61.86
TRIP208291,Foggy,Standard,Moderate,12.08,13,53,10.02,16,Severe Delay,73.09
TRIP200524,Rainy,Mini Bus,High,12.28,16,24,8.16,21,Severe Delay,86.35
TRIP205574,Clear,Standard,High,15.07,19,48,3.13,18,Severe Delay,103.15
TRIP209038,Foggy,Mini Bus,High,21.21,24,3,,7,Severe Delay,149.10
TRIP203796,Foggy,Standard,High,19.00,21,23,2.83,23,Severe Delay,122.89
TRIP201522,Rainy,Standard,Moderate,10.53,11,22,8.71,15,On Time,51.30
TRIP201897,Clear,Standard,Moderate,15.30,19,31,7.16,12,Moderate Delay,62.01
TRIP205005,Clear,Standard,High,6.07,7,28,7.02,22,On Time,30.44
TRIP204949,Clear,Standard,Moderate,6.87,7,38,2.02,20,Moderate Delay,33.39
TRIP208643,Windy,Standard,Moderate,12.55,13,31,3.19,12,On Time,55.97
TRIP202093,Foggy,Mini Bus,Moderate,15.89,17,20,2.55,18,Severe Delay,90.72
TRIP209386,Clear,Standard,Low,5.51,8,30,3.91,14,On Time,40.30
TRIP206560,Windy,Mini Bus,Moderate,15.16,14,29,2.02,9,Severe Delay,75.79
TRIP207375,Windy,Mini Bus,Severe,19.05,20,37,4.42,9,Severe Delay,162.01
TRIP204917,Windy,Standard,High,8.87,10,47,10.92,8,Severe Delay,58.52
TRIP205588,Clear,Mini Bus,High,8.30,8,32,2.31,19,Severe Delay,61.58
TRIP205910,Clear,Standard,High,12.56,13,37,4.55,22,Moderate Delay,79.44
TRIP208498,Clear,Express,High,24.02,28,23,1.98,9,Severe Delay,148.53
TRIP206373,Clear,Mini Bus,Moderate,5.60,5,17,17.75,11,On Time,20.12
TRIP207635,Rainy,Express,High,5.52,5,14,12.74,14,Moderate Delay,33.78
TRIP209122,Clear,Standard,Moderate,8.57,12,30,5.75,5,On Time,39.35
TRIP201459,Rainy,Standard,High,10.85,11,59,12.56,7,Severe Delay,87.20
TRIP206287,Clear,Standard,Severe,14.64,17,17,14.12,21,Moderate Delay,102.28
TRIP205970,Rainy,Mini Bus,Moderate,10.91,12,34,0.67,9,Severe Delay,62.22
TRIP207141,Windy,Standard,High,14.70,14,35,3.27,12,Severe Delay,88.41
TRIP205934,Clear,Standard,High,9.02,9,30,10.26,13,On Time,45.66
TRIP202207,Windy,,Moderate,18.94,20,34,1.38,19,Severe Delay,86.40
TRIP200751,Clear,Standard,Low,14.22,11,30,1.84,15,On Time,48.56
TRIP203183,Clear,Mini Bus,High,15.68,19,17,7.07,23,Severe Delay,89.94
TRIP200737,,Mini Bus,High,3.15,3,17,4.49,14,On Time,21.99
TRIP201950,Clear,Express,High,6.43,4,27,5.43,17,On Time,39.36
TRIP206209,Rainy,Standard,High,8.93,8,49,4.92,16,Severe Delay,75.24
TRIP203755,Clear,Mini Bus,Moderate,6.14,7,18,4.01,15,On Time,31.16
TRIP200564,Clear,Standard,Low,16.94,16,30,14.79,6,On Time,61.35
TRIP208977,Rainy,Standard,Moderate,8.08,7,,8.61,12,Moderate Delay,41.32
TRIP203973,Clear,Standard,High,9.92,10,25,2.63,22,Moderate Delay,55.63
TRIP202352,Clear,Standard,Moderate,24.12,23,48,1.95,16,Severe Delay,124.62
TRIP205798,Windy,Mini Bus,Moderate,10.16,14,42,10.91,9,Severe Delay,70.81
TRIP208328,Clear,,Moderate,14.43,17,16,0.56,15,Moderate Delay,66.16
TRIP206150,Clear,Mini Bus,Moderate,3.93,5,26,3.42,16,Moderate Delay,33.23
TRIP206119,Clear,Express,Moderate,15.20,18,22,6.33,14,On Time,60.74
TRIP204506,Clear,Mini Bus,High,4.88,3,8,3.57,11,Moderate Delay,23.73
TRIP203626,Foggy,Mini Bus,Low,8.96,8,19,4.45,5,On Time,40.33
TRIP204182,Rainy,Express,Low,5.41,6,30,17.33,8,On Time,29.20
TRIP209634,Clear,Mini Bus,Severe,10.57,9,19,5.19,11,Moderate Delay,80.72
TRIP209163,Clear,Mini Bus,Moderate,6.25,6,13,1.54,14,On Time,39.01
TRIP203750,Clear,Express,Moderate,5.53,9,29,4.17,23,On Time,15.22
TRIP201389,Rainy,Standard,Moderate,6.25,10,21,5.28,14,On Time,30.14
TRIP200704,Windy,Standard,Severe,,21,53,5.50,16,Severe Delay,151.86
TRIP208763,Foggy,Mini Bus,Severe,3.47,12,22,8.08,7,Severe Delay,48.24
TRIP208100,Foggy,Express,Moderate,6.93,9,36,4.59,22,On Time,35.26
TRIP209119,Clear,Mini Bus,Moderate,7.71,12,18,4.88,10,On Time,32.89
TRIP208523,Rainy,Standard,Low,5.19,6,36,1.94,20,Moderate Delay,31.29
TRIP204060,Rainy,Standard,Low,12.61,12,28,4.50,12,Moderate Delay,52.55
TRIP209189,Clear,Mini Bus,Moderate,8.89,5,40,5.79,8,Moderate Delay,45.79
TRIP202496,Foggy,Mini Bus,High,15.55,20,38,5.13,18,Severe Delay,105.47
TRIP209653,Clear,Mini Bus,Low,15.79,18,3,1.10,14,On Time,60.84
TRIP206677,Clear,Standard,High,9.33,8,43,3.27,14,Moderate Delay,53.71
TRIP204154,,Standard,Severe,20.02,18,25,8.86,23,Severe Delay,173.07
TRIP200559,Rainy,Standard,High,7.15,9,51,1.33,9,Severe Delay,75.38
TRIP206584,Windy,Express,High,9.74,11,3,10.15,15,On Time,38.09
TRIP205771,Clear,Standard,Moderate,7.19,8,40,4.62,18,Moderate Delay,36.02
TRIP206431,Clear,Standard,High,4.42,6,42,1.69,16,Severe Delay,30.68
TRIP206390,Clear,Standard,Moderate,6.11,9,30,12.93,11,On Time,30.44
TRIP200140,Windy,Standard,Moderate,25.21,29,38,11.01,13,Moderate Delay,146.68
TRIP207747,Rainy,Standard,Moderate,21.76,21,48,4.26,7,Severe Delay,123.75
TRIP208963,Clear,Mini Bus,Severe,4.71,6,18,5.35,17,Severe Delay,38.38
TRIP207802,Clear,Standard,Low,4.53,7,11,5.16,12,On Time,21.13
TRIP202213,Clear,Standard,Moderate,14.98,15,38,6.79,6,Moderate Delay,66.22
TRIP209153,Clear,Mini Bus,High,10.79,17,28,18.00,16,Severe Delay,65.80
TRIP206230,Clear,Standard,Severe,15.49,16,40,18.00,6,Severe Delay,114.85
TRIP207435,Rainy,Standard,Low,8.55,8,22,4.21,15,On Time,35.01
TRIP202237,Clear,Express,Moderate,6.38,6,39,8.25,23,On Time,24.40
TRIP204860,Clear,Standard,High,2.62,3,30,1.89,20,Moderate Delay,18.27
TRIP207773,Clear,Standard,Moderate,11.11,9,39,4.31,18,Moderate Delay,55.06
TRIP207380,Rainy,Standard,Moderate,23.47,23,16,10.77,11,Moderate Delay,128.59
TRIP202961,Rainy,Express,Severe,10.03,11,41,1.33,8,Severe Delay,75.88
TRIP202871,Clear,Express,Moderate,15.61,15,35,10.01,18,On Time,70.90
TRIP209426,Rainy,Express,Low,10.38,11,5,7.97,12,On Time,38.26
TRIP206273,Clear,Standard,Moderate,12.61,8,20,10.85,22,On Time,50.06
TRIP201063,Rainy,Express,High,24.73,25,12,8.02,11,Severe Delay,149.50
TRIP204923,Clear,Mini Bus,Low,3.32,3,20,5.78,22,On Time,23.35
TRIP205694,Rainy,Standard,Moderate,16.68,18,45,4.40,18,Severe Delay,91.14
TRIP201786,Clear,Mini Bus,Low,12.94,17,30,4.24,5,Moderate Delay,54.36
TRIP203910,Rainy,Standard,Moderate,9.43,10,35,8.90,16,Moderate Delay,55.32
TRIP200288,Clear,Standard,Low,11.24,12,48,4.76,23,On Time,43.02
TRIP207464,Windy,Mini Bus,Severe,11.86,16,9,6.10,22,Severe Delay,94.36
TRIP209491,Windy,Express,Low,10.57,14,25,0.90,23,On Time,30.08
TRIP202892,,Mini Bus,Moderate,7.78,7,22,3.47,14,On Time,46.26
TRIP201161,Foggy,Standard,Low,27.23,25,37,1.30,8,Severe Delay,138.29
TRIP209302,Foggy,Mini Bus,High,13.76,15,14,8.95,15,Severe Delay,78.87
TRIP202734,Rainy,Express,Low,7.87,10,26,10.59,22,On Time,24.51
TRIP200409,Clear,Standard,Moderate,12.07,15,29,,6,Moderate Delay,63.35
TRIP205071,Clear,,Severe,4.96,5,23,,19,Moderate Delay,34.33
TRIP201128,Rainy,Mini Bus,Severe,6.15,9,16,2.73,14,Severe Delay,60.21
TRIP201139,Foggy,Standard,High,7.21,9,45,2.02,7,Severe Delay,61.64
TRIP206127,Clear,Standard,Low,7.15,8,29,0.97,8,Moderate Delay,34.65
TRIP203747,Rainy,Express,High,7.26,6,36,7.23,18,Severe Delay,50.53
TRIP208945,Rainy,Standard,Moderate,21.61,22,30,5.90,23,Severe Delay,120.00
TRIP207633,Clear,Standard,Low,5.41,3,31,2.86,21,On Time,28.46
TRIP200709,Rainy,Standard,Low,7.39,9,46,15.79,18,Moderate Delay,32.89
TRIP209581,Clear,Standard,High,7.79,4,42,4.16,18,Moderate Delay,46.24
TRIP209102,Rainy,Standard,Low,21.93,21,32,8.95,14,Moderate Delay,96.90
TRIP203649,Clear,Standard,High,6.65,11,35,2.64,23,Moderate Delay,45.43
TRIP207323,Clear,Standard,Moderate,9.58,8,19,11.14,7,On Time,41.37
TRIP205841,Rainy,Express,Moderate,4.78,6,21,1.72,18,Severe Delay,30.73
TRIP208253,Rainy,Mini Bus,High,21.80,25,7,11.07,10,Severe Delay,150.02
TRIP204612,Clear,Mini Bus,High,11.28,13,27,2.64,8,Severe Delay,76.29
TRIP200940,Clear,Standard,High,24.19,24,44,5.45,19,Severe Delay,158.79
TRIP208950,Rainy,Standard,High,14.45,13,37,4.79,14,Severe Delay,91.66
TRIP204197,Clear,Standard,High,3.09,3,41,3.34,18,Moderate Delay,36.27
TRIP208035,Clear,Standard,Moderate,15.65,18,39,4.11,19,Severe Delay,79.92
TRIP204628,Clear,Standard,Moderate,8.16,6,28,10.27,6,On Time,37.57
TRIP205159,Clear,Mini Bus,High,7.23,12,42,4.51,9,Moderate Delay,51.17
TRIP207722,Rainy,Mini Bus,Low,13.80,13,12,2.49,14,Moderate Delay,62.10
TRIP203690,Clear,Mini Bus,High,17.80,18,21,8.29,14,Severe Delay,109.97
TRIP203597,Clear,Mini Bus,High,8.54,10,12,2.22,21,Severe Delay,45.40
TRIP208315,Clear,Standard,High,2.90,5,28,0.72,12,Moderate Delay,24.20
TRIP205711,Clear,Mini Bus,Severe,8.73,8,5,10.62,5,Moderate Delay,50.48
TRIP200377,Rainy,Standard,Low,9.75,12,58,7.93,17,Severe Delay,39.73
TRIP205390,Rainy,Mini Bus,Moderate,11.87,14,15,0.97,6,Severe Delay,53.38
TRIP203428,Clear,Express,Low,14.37,15,3,4.77,10,On Time,51.87
TRIP206030,Rainy,Standard,Severe,11.11,10,57,3.66,15,Severe Delay,93.54
TRIP206539,Windy,Standard,High,6.10,8,58,7.02,9,Moderate Delay,52.43
TRIP207930,Windy,Standard,Low,5.02,3,36,8.66,12,On Time,21.48
TRIP206428,Clear,Standard,High,14.56,16,38,2.24,11,Moderate Delay,91.81
TRIP202645,Foggy,Standard,Severe,10.81,10,12,8.14,12,Severe Delay,76.74
TRIP202556,Clear,Standard,High,7.08,10,50,5.68,16,Severe Delay,52.98
TRIP200344,Clear,Standard,Moderate,8.25,9,26,1.82,12,Moderate Delay,31.42
TRIP201534,Clear,Standard,High,9.87,8,36,5.98,12,On Time,52.03
TRIP201297,Windy,Standard,High,8.49,6,42,6.06,7,Severe Delay,50.19
TRIP205729,Windy,Standard,Moderate,6.40,7,29,3.43,13,On Time,32.26
TRIP200235,Clear,Express,High,15.60,16,20,7.65,14,Moderate Delay,75.51
TRIP205966,Rainy,Express,Moderate,3.09,5,17,6.06,20,On Time,12.04
TRIP206975,Rainy,Standard,Severe,20.75,24,28,11.38,21,Severe Delay,175.81
TRIP201621,Clear,Express,High,10.17,14,38,3.89,17,Moderate Delay,59.31
TRIP205760,Windy,Standard,Moderate,14.35,14,28,8.00,9,Moderate Delay,84.95
TRIP201454,Clear,Standard,Severe,6.70,8,37,0.20,23,Moderate Delay,38.46
TRIP204770,Rainy,Standard,High,13.70,16,30,18.00,23,Severe Delay,85.41
TRIP203570,Rainy,Express,Moderate,9.71,12,17,4.14,11,On Time,53.98
TRIP204373,Rainy,Standard,High,13.09,18,21,2.51,15,Severe Delay,89.26
TRIP205346,Windy,Standard,High,6.18,7,27,2.19,5,Moderate Delay,33.80
TRIP201599,Windy,Standard,Low,5.80,4,42,1.17,19,Moderate Delay,35.27
TRIP206336,Clear,Express,Severe,6.98,5,35,4.48,22,Moderate Delay,40.93
TRIP203589,Rainy,Standard,High,10.04,14,27,3.83,13,Severe Delay,66.82
TRIP200220,Clear,Standard,Moderate,14.53,17,52,,16,Severe Delay,77.05
TRIP207424,Rainy,Express,Moderate,22.17,23,24,1.85,8,Severe Delay,125.63
TRIP201756,Windy,Standard,High,11.01,8,36,6.83,12,Moderate Delay,52.62
TRIP209834,Windy,Mini Bus,Severe,6.09,6,4,2.59,21,Severe Delay,47.87
TRIP204785,Clear,Mini Bus,High,,3,9,5.63,12,On Time,28.21
TRIP207165,Windy,Standard,Severe,9.52,15,27,5.32,23,Moderate Delay,73.08
TRIP205751,Foggy,Standard,Moderate,17.59,17,36,9.50,22,Moderate Delay,91.86
TRIP206424,Clear,Standard,Low,5.77,5,,7.59,15,On Time,22.04
TRIP205600,Rainy,Standard,High,10.64,13,33,3.78,14,Moderate Delay,73.75
TRIP205556,Clear,Standard,Severe,10.36,10,24,3.49,16,Severe Delay,80.26
TRIP203290,Clear,Express,Moderate,17.81,20,27,,22,On Time,73.67
TRIP204030,Clear,Mini Bus,Moderate,3.01,3,3,5.28,13,On Time,17.52
TRIP203336,Windy,Standard,Low,4.72,4,10,9.89,10,On Time,17.54
TRIP204875,Clear,Mini Bus,High,9.40,12,18,3.95,23,Moderate Delay,59.23
TRIP200102,Clear,Standard,High,5.41,5,37,5.61,7,Moderate Delay,41.87
TRIP206957,Rainy,Standard,High,9.73,13,35,3.08,7,Severe Delay,73.34
TRIP207696,Windy,Standard,Moderate,12.31,9,28,5.05,15,Moderate Delay,56.25
TRIP202741,Rainy,Mini Bus,High,16.55,17,12,8.83,14,Severe Delay,113.12
TRIP208147,Foggy,Express,High,13.16,16,40,8.59,7,Severe Delay,82.79
TRIP205680,Clear,Standard,High,4.78,5,23,4.77,22,On Time,36.22
TRIP200721,,Mini Bus,Low,14.68,12,9,2.39,14,On Time,56.91
TRIP204470,Clear,Standard,Severe,10.09,15,26,1.71,22,Severe Delay,77.36
TRIP203086,Rainy,Standard,Moderate,9.12,9,35,3.63,16,Severe Delay,53.25
TRIP205888,Clear,Express,Moderate,6.83,8,14,3.47,21,On Time,16.91
TRIP200630,Clear,Standard,Moderate,6.68,5,27,2.82,12,On Time,28.11
TRIP204750,Rainy,Standard,High,16.72,20,31,7.86,12,Severe Delay,114.50
TRIP204211,Clear,Mini Bus,High,8.63,10,9,,13,On Time,52.13
TRIP201880,Clear,Standard,Low,3.78,4,39,6.20,7,On Time,18.90
TRIP206140,Clear,Standard,Moderate,13.79,12,31,2.17,6,Moderate Delay,63.41
TRIP209627,Clear,Express,Moderate,14.34,14,20,3.03,15,On Time,46.63
TRIP202730,Rainy,Express,High,2.81,3,24,4.55,6,Moderate Delay,30.08
TRIP205848,Clear,Standard,Severe,13.01,19,41,3.29,19,Severe Delay,100.48
TRIP206507,Rainy,Standard,Low,2.91,6,49,0.66,17,Severe Delay,33.40
TRIP205599,,Standard,High,16.04,16,38,8.95,8,Severe Delay,123.14
TRIP203683,Clear,Standard,High,11.48,13,38,6.61,21,On Time,57.92
TRIP209574,Clear,Standard,Moderate,3.51,3,45,7.43,23,On Time,25.45
TRIP204681,Windy,Express,High,2.07,3,3,5.98,22,On Time,20.87
TRIP200697,Clear,Standard,High,7.15,10,34,5.67,10,On Time,46.36
TRIP206427,Foggy,Standard,Severe,16.95,21,30,3.91,18,Severe Delay,135.65
TRIP209646,Clear,Standard,High,17.19,18,38,3.74,15,Severe Delay,99.42
TRIP203282,Windy,Standard,Moderate,14.34,12,46,3.61,19,Moderate Delay,79.93
TRIP208237,Rainy,Mini Bus,Moderate,14.37,13,20,5.06,10,On Time,67.82
TRIP201304,Windy,Standard,High,5.83,6,53,4.65,18,Severe Delay,44.67
TRIP206928,Clear,Standard,Moderate,18.99,23,29,4.49,11,Moderate Delay,97.87
TRIP200157,Clear,Mini Bus,Low,,8,22,4.52,10,On Time,23.44
TRIP206905,Rainy,Mini Bus,High,9.67,9,25,7.18,16,Severe Delay,74.20
TRIP207348,Clear,Express,Moderate,17.57,18,26,2.61,20,On Time,72.32
TRIP204152,Rainy,Standard,High,16.67,16,33,5.62,22,Severe Delay,117.92
TRIP203932,Foggy,Standard,High,15.48,15,33,4.46,22,Severe Delay,87.18
TRIP201290,Clear,Standard,High,12.28,10,37,0.43,12,Moderate Delay,67.54
TRIP201394,Clear,Standard,Severe,21.24,22,45,11.83,18,Severe Delay,177.63
TRIP208410,Foggy,Standard,Moderate,5.35,6,27,4.78,13,On Time,35.77
TRIP208539,Clear,Standard,Severe,11.75,13,35,3.73,8,Severe Delay,84.77
TRIP200989,Clear,Express,Severe,11.36,9,19,2.92,10,Moderate Delay,68.94
TRIP203370,Windy,Mini Bus,High,14.00,12,17,3.45,21,Moderate Delay,72.95
TRIP201339,Clear,Mini Bus,Moderate,13.20,10,25,5.41,8,Moderate Delay,78.63
TRIP209591,Windy,Mini Bus,Moderate,9.51,8,15,6.26,10,On Time,44.63
TRIP207209,Foggy,Standard,High,13.31,10,38,0.86,13,Severe Delay,81.09
TRIP206410,Clear,Standard,Severe,13.81,15,,3.55,11,Moderate Delay,103.50
TRIP201109,Windy,Standard,Low,14.43,14,53,7.37,8,Moderate Delay,62.69
TRIP200024,Rainy,Standard,Moderate,7.27,9,9,2.85,13,Moderate Delay,33.89
TRIP207641,Windy,Standard,Moderate,9.49,11,35,7.63,15,On Time,51.17
TRIP209611,Rainy,Mini Bus,High,5.81,6,13,9.65,10,Moderate Delay,42.62
TRIP204786,Clear,Mini Bus,High,11.01,13,29,9.00,9,Severe Delay,65.27
TRIP202553,,Standard,High,5.25,6,47,2.81,16,Severe Delay,44.59
TRIP203764,Clear,Mini Bus,Low,10.07,10,16,9.25,7,On Time,41.20
TRIP208255,Clear,Mini Bus,Severe,9.38,9,3,2.67,15,Moderate Delay,70.94
TRIP201270,Clear,Mini Bus,Moderate,7.71,10,3,9.59,22,On Time,37.41
TRIP209255,Foggy,Mini Bus,High,8.43,8,27,6.75,9,Severe Delay,70.41
TRIP200014,Rainy,Standard,Low,17.48,12,40,7.78,11,On Time,73.06
TRIP204789,Foggy,Express,Severe,9.51,10,35,5.70,9,Severe Delay,72.58
TRIP204872,Clear,Mini Bus,Moderate,4.44,7,26,1.86,8,Severe Delay,43.52
TRIP206168,Clear,Mini Bus,Severe,10.60,8,8,8.83,14,Moderate Delay,74.22
TRIP205780,Rainy,Mini Bus,Moderate,17.29,15,6,9.86,15,Moderate Delay,87.86
TRIP205196,Rainy,Mini Bus,Moderate,8.57,9,49,1.37,9,Severe Delay,65.32
TRIP207274,Windy,Standard,High,11.07,13,43,7.56,16,Severe Delay,82.23
TRIP200533,Clear,,High,8.12,11,34,10.86,8,Moderate Delay,49.11
TRIP200980,Clear,Standard,Moderate,14.99,15,16,1.56,11,Moderate Delay,64.82
TRIP202574,Rainy,Standard,High,21.89,26,,5.85,23,Severe Delay,146.87
TRIP201921,Clear,Standard,Low,12.41,14,19,8.66,5,On Time,46.10
TRIP202423,Rainy,Express,Severe,14.92,11,13,3.23,11,Severe Delay,109.79
TRIP205844,Rainy,Standard,Severe,12.56,12,33,,6,Severe Delay,99.81
TRIP208447,Windy,Standard,High,11.33,15,45,4.37,9,Severe Delay,70.92
TRIP201768,Rainy,Standard,High,6.72,9,31,10.26,10,Severe Delay,57.19
TRIP206151,Rainy,Standard,High,7.51,11,13,12.56,12,Moderate Delay,54.76
TRIP207196,Foggy,Standard,High,10.94,15,44,5.98,10,Severe Delay,63.47
TRIP205280,Foggy,Express,Moderate,8.25,8,18,13.51,21,On Time,38.52
TRIP201572,Windy,Standard,Severe,9.15,7,31,2.25,14,Moderate Delay,69.28
TRIP207848,Windy,Express,Moderate,12.36,16,12,1.65,15,On Time,51.55
TRIP204234,Clear,Mini Bus,Low,9.80,9,34,6.50,16,On Time,46.79
TRIP200365,Rainy,Standard,Low,10.62,9,48,1.88,18,Severe Delay,50.75
TRIP205175,Clear,Standard,Moderate,9.63,10,32,11.87,10,On Time,45.39
TRIP207765,Rainy,Standard,High,5.42,6,27,6.61,16,Severe Delay,62.06
TRIP206078,Clear,Standard,High,15.59,10,35,13.00,19,Moderate Delay,95.67
TRIP205936,Clear,Mini Bus,Low,3.82,3,23,7.46,17,On Time,21.07
TRIP202615,Clear,Standard,Moderate,15.32,20,47,2.71,7,Severe Delay,84.99
TRIP203503,Clear,,Moderate,10.22,13,48,6.57,9,Severe Delay,39.59
TRIP202456,Rainy,Standard,High,5.86,3,44,1.52,23,Moderate Delay,39.57
TRIP204838,Clear,Standard,Moderate,8.56,11,43,14.18,12,On Time,39.39
TRIP206307,Windy,Standard,High,4.96,4,34,10.34,11,On Time,31.12
TRIP207716,Windy,Standard,High,10.78,11,45,4.51,15,Moderate Delay,61.83
TRIP208658,Rainy,Standard,Severe,6.37,8,44,1.21,18,Severe Delay,69.63
TRIP201367,Rainy,Standard,Severe,4.29,4,43,4.46,16,Severe Delay,49.53
TRIP202575,Clear,Standard,Moderate,3.55,10,50,6.46,17,Moderate Delay,44.23
TRIP203199,Windy,Standard,Moderate,8.19,9,30,10.05,21,On Time,33.25
TRIP207197,Rainy,Standard,Low,3.32,5,38,7.08,10,On Time,14.12
TRIP200259,Foggy,Express,High,6.15,8,13,9.00,12,Moderate Delay,37.81
TRIP202340,Clear,Standard,Moderate,4.61,8,33,11.05,14,On Time,28.36
TRIP206467,Rainy,Standard,Moderate,5.83,3,35,6.16,17,On Time,46.23
TRIP207725,Clear,Standard,High,8.42,10,47,6.98,9,Severe Delay,59.71
TRIP204583,Clear,Standard,Severe,10.54,13,45,10.94,17,Severe Delay,80.24
TRIP204758,Foggy,Mini Bus,High,9.01,9,25,5.79,8,Severe Delay,65.34
TRIP207748,Windy,Mini Bus,Severe,7.33,11,24,4.61,21,Moderate Delay,58.89
TRIP204862,Windy,Standard,High,20.87,22,26,2.59,13,Severe Delay,137.10
TRIP201145,Clear,Standard,Moderate,10.57,16,46,6.46,17,Severe Delay,61.34
TRIP205068,Clear,Standard,Moderate,32.00,34,39,9.65,11,Moderate Delay,180.00
TRIP203996,Clear,Standard,High,7.76,10,18,4.71,11,Moderate Delay,36.87
TRIP206236,Clear,Standard,Moderate,10.67,11,45,6.23,10,On Time,57.69
TRIP201719,Clear,Standard,High,14.99,17,27,3.44,6,Moderate Delay,88.07
TRIP200284,Clear,Standard,Low,6.21,6,38,1.07,14,On Time,28.83
TRIP207221,Windy,Express,High,17.53,17,29,3.07,15,Severe Delay,83.87
TRIP209550,Clear,Standard,Moderate,6.23,6,13,5.76,22,On Time,26.87
TRIP207429,Clear,Standard,Moderate,4.96,5,31,4.13,11,On Time,38.17
TRIP206595,Rainy,Express,Low,4.09,3,54,3.90,18,Moderate Delay,29.72
TRIP203794,Clear,Standard,Moderate,9.14,9,51,2.03,19,Severe Delay,49.52
TRIP203414,Windy,Standard,Moderate,9.13,11,25,3.41,15,On Time,40.49
TRIP205466,Clear,Standard,High,4.80,9,31,1.03,11,Moderate Delay,42.17
TRIP207173,Foggy,Standard,High,5.91,8,41,2.64,12,Severe Delay,49.44
TRIP209252,Clear,Mini Bus,Severe,4.71,3,9,1.41,14,Moderate Delay,32.28
TRIP203223,Foggy,Standard,High,12.86,14,40,5.52,6,Severe Delay,79.42
TRIP205038,Foggy,Standard,Low,4.53,6,34,1.66,23,On Time,23.45
TRIP204514,Windy,Standard,Low,6.40,4,35,6.23,20,On Time,28.70
TRIP207245,,Standard,Moderate,6.86,11,54,1.13,9,Severe Delay,42.53
TRIP204765,Clear,Express,Moderate,3.12,3,23,10.58,11,On Time,12.00
TRIP208933,Windy,Mini Bus,Moderate,8.68,3,20,0.79,5,Moderate Delay,33.29
TRIP206596,Rainy,Standard,Moderate,8.36,10,53,9.11,8,Severe Delay,60.71
TRIP201096,Clear,Standard,Moderate,20.52,23,30,4.01,5,On Time,113.13
TRIP205260,Clear,Standard,Severe,5.33,3,32,1.49,16,Severe Delay,40.20
TRIP205195,Clear,Mini Bus,High,10.24,14,9,9.25,15,On Time,56.11
TRIP202472,Clear,Mini Bus,Moderate,7.71,7,18,5.70,11,On Time,45.04
TRIP206473,,Standard,Moderate,22.32,22,15,1.17,23,Moderate Delay,126.08
TRIP203195,Foggy,Standard,High,6.44,9,47,5.10,19,Severe Delay,67.51
TRIP207186,Windy,Mini Bus,Moderate,4.52,5,18,3.05,19,Moderate Delay,34.49
TRIP209430,Clear,Express,High,10.52,12,20,2.74,15,Moderate Delay,47.01
TRIP208853,Clear,Mini Bus,Severe,7.28,4,17,5.04,20,Moderate Delay,50.44
TRIP204064,Rainy,Standard,Moderate,12.60,13,29,13.80,11,Moderate Delay,54.41
TRIP205988,Rainy,Mini Bus,Moderate,9.25,9,3,4.88,20,On Time,51.71
TRIP208252,Clear,Standard,Moderate,7.10,7,44,9.93,13,On Time,21.60
TRIP206922,Foggy,Standard,Moderate,7.87,8,,5.93,17,Moderate Delay,50.56
TRIP208074,Clear,Standard,High,20.08,21,53,2.97,11,Severe Delay,120.69
TRIP203043,Rainy,Standard,High,10.40,13,37,2.83,20,Severe Delay,78.12
TRIP208394,Clear,Standard,Moderate,12.96,13,37,6.06,5,On Time,60.37
TRIP206015,Clear,Standard,Moderate,16.49,17,38,1.88,6,Moderate Delay,78.23
TRIP206704,Clear,Standard,Moderate,7.41,9,36,3.20,23,On Time,36.42
TRIP203788,Foggy,Standard,Moderate,8.31,11,37,6.46,18,Moderate Delay,64.79
TRIP206322,Clear,Standard,High,9.14,8,50,8.12,7,Severe Delay,65.12
TRIP209204,Clear,Standard,Moderate,4.55,3,33,6.34,12,On Time,26.02
TRIP209496,Rainy,Standard,Severe,4.19,6,39,11.70,6,Severe Delay,44.71
TRIP200653,Clear,Mini Bus,Moderate,12.70,13,19,4.27,12,On Time,55.25
TRIP206370,Clear,Mini Bus,High,10.79,14,39,6.90,9,Severe Delay,73.16
TRIP203929,Rainy,Express,Moderate,10.17,10,15,14.96,6,On Time,40.43
TRIP201521,Clear,Mini Bus,Moderate,6.21,9,3,2.77,5,On Time,27.20
TRIP201015,Clear,Standard,Low,10.92,11,55,6.48,17,Moderate Delay,47.78
TRIP208413,Clear,Standard,Moderate,6.12,6,50,2.85,17,Severe Delay,34.14
TRIP207851,Windy,Standard,Severe,13.48,15,33,4.78,13,Moderate Delay,106.00
TRIP204904,Clear,Standard,Low,10.37,7,34,3.65,15,On Time,39.69
TRIP206094,Windy,Mini Bus,Low,19.90,22,12,13.22,12,On Time,89.55
TRIP201223,Clear,Express,Moderate,11.70,14,26,6.45,15,On Time,44.42
TRIP208306,Rainy,Mini Bus,Severe,2.00,4,3,2.86,11,Severe Delay,32.00
TRIP200258,Rainy,Express,High,,17,25,5.26,20,Severe Delay,87.93
TRIP202183,Clear,Mini Bus,Moderate,12.10,16,32,2.61,7,Severe Delay,76.95
TRIP201450,Foggy,Mini Bus,High,8.02,5,17,1.87,18,Severe Delay,55.14
TRIP200202,Clear,Express,Low,5.12,6,3,8.33,23,On Time,17.48
TRIP206436,Foggy,Mini Bus,Low,4.11,3,27,,20,On Time,26.50
TRIP209086,Clear,Mini Bus,Low,2.60,3,13,8.98,15,On Time,12.66
TRIP205992,Windy,Express,Moderate,12.39,12,12,1.87,14,On Time,43.84
TRIP208295,Clear,Standard,Moderate,8.98,12,36,3.16,21,On Time,48.88
TRIP208978,Rainy,Mini Bus,Moderate,14.10,14,33,2.55,19,Severe Delay,85.81
TRIP203562,Clear,Standard,High,11.66,14,31,6.00,14,Moderate Delay,63.79
TRIP201818,Clear,Standard,Moderate,6.81,8,39,0.64,16,Severe Delay,47.85
TRIP206767,Clear,Mini Bus,High,20.91,26,45,9.02,7,Severe Delay,146.54
TRIP208981,Foggy,Standard,Moderate,2.93,4,29,7.14,16,Moderate Delay,30.22
TRIP203854,Rainy,Standard,Low,6.23,6,33,4.55,8,Moderate Delay,35.35
TRIP208953,Clear,Express,Moderate,16.35,16,30,3.24,15,Moderate Delay,61.94
TRIP201292,Clear,Mini Bus,Severe,3.81,5,19,2.29,15,Severe Delay,33.27
TRIP208051,Windy,Standard,Moderate,12.04,11,46,3.09,20,Severe Delay,67.61
TRIP201253,Rainy,Mini Bus,Moderate,8.73,6,18,10.08,15,Moderate Delay,52.05
TRIP204622,Clear,Mini Bus,Moderate,6.72,7,10,0.93,22,On Time,32.05
TRIP200466,Foggy,Mini Bus,Moderate,3.31,4,17,7.12,13,On Time,44.68
TRIP203899,Clear,Standard,Moderate,15.48,18,45,6.15,8,Severe Delay,84.16
TRIP206286,Rainy,Standard,Moderate,9.22,9,53,16.22,11,Moderate Delay,42.79
TRIP209780,Clear,Mini Bus,Low,23.63,27,34,5.93,9,Severe Delay,115.76
TRIP202882,Rainy,Standard,Low,7.71,5,30,5.36,11,On Time,29.50
TRIP200336,Clear,Standard,Moderate,13.47,13,47,4.02,6,Moderate Delay,62.33
TRIP206361,Windy,Standard,Moderate,4.55,4,45,4.23,16,Moderate Delay,32.06
TRIP203271,Clear,Standard,Moderate,14.42,12,41,18.00,23,On Time,65.28
TRIP207165,Windy,Standard,Severe,9.52,15,27,5.32,23,Moderate Delay,73.08
TRIP205743,Clear,Standard,Severe,9.81,7,49,15.60,18,Severe Delay,76.71
TRIP207126,Windy,Standard,Moderate,8.64,11,38,5.33,15,Moderate Delay,46.13
TRIP205029,Foggy,Mini Bus,Low,6.59,6,19,2.09,5,On Time,43.42
TRIP205661,Rainy,Express,High,8.24,7,34,4.59,17,Severe Delay,55.54
TRIP204545,Clear,Express,Low,7.18,10,33,7.46,16,On Time,26.78
TRIP204158,Clear,Mini Bus,High,20.55,16,27,2.28,8,Severe Delay,128.07
TRIP205533,Foggy,Standard,Moderate,8.11,8,33,3.18,20,On Time,48.42
TRIP200201,Clear,Standard,Low,24.00,25,20,4.83,23,On Time,111.06
TRIP206174,Clear,Express,Low,12.87,17,38,9.86,9,Moderate Delay,51.90
TRIP204929,Clear,Mini Bus,High,3.49,3,34,13.09,18,Severe Delay,25.66
TRIP207421,Clear,Mini Bus,High,10.32,16,14,3.89,9,Severe Delay,72.34
TRIP202460,Clear,Express,Low,11.14,17,19,14.60,10,On Time,31.91
TRIP202430,Clear,Standard,Moderate,4.12,3,48,5.27,18,Moderate Delay,33.49
TRIP204467,Windy,Mini Bus,High,9.06,11,4,7.71,12,Moderate Delay,46.74
TRIP202302,Clear,Mini Bus,High,6.98,7,3,13.69,12,Moderate Delay,36.19
TRIP205961,Foggy,Standard,Moderate,7.12,6,31,2.51,12,Moderate Delay,40.50
TRIP203394,Foggy,,Low,18.49,23,18,9.95,13,On Time,67.02
TRIP200050,Clear,Standard,High,5.27,3,33,1.57,6,Moderate Delay,36.53
TRIP209230,Clear,Mini Bus,Severe,12.98,14,19,4.79,5,Moderate Delay,99.36
TRIP209638,Clear,Mini Bus,Severe,12.07,11,32,0.64,7,Severe Delay,82.51
TRIP206035,Rainy,Mini Bus,Moderate,9.82,13,16,3.27,22,On Time,61.21
TRIP206110,Clear,Standard,Moderate,11.24,13,44,4.02,17,Moderate Delay,57.91
TRIP200741,Clear,Express,High,4.10,3,20,3.63,15,On Time,18.45
TRIP204034,Rainy,Standard,Moderate,14.30,12,64,7.71,9,Severe Delay,84.24
TRIP203283,Clear,Standard,Moderate,16.12,17,36,7.69,14,On Time,82.51
TRIP201088,Clear,Express,High,5.65,7,6,0.28,6,On Time,21.01
TRIP204289,Foggy,Express,Severe,3.78,3,23,2.89,23,Severe Delay,28.70
TRIP204160,Clear,Standard,High,12.86,15,47,10.39,7,Severe Delay,89.69
TRIP205581,Windy,Standard,High,12.50,15,27,8.48,20,Moderate Delay,72.11
TRIP207799,Clear,Mini Bus,Severe,7.70,8,18,9.31,15,On Time,61.90
TRIP204730,Windy,Mini Bus,Severe,22.17,23,6,10.45,22,Severe Delay,175.98
TRIP202646,Foggy,Standard,Moderate,12.65,11,40,10.15,12,Moderate Delay,59.21
TRIP202250,Clear,Standard,High,9.34,10,44,5.88,9,Severe Delay,60.03
TRIP202160,Clear,Standard,Moderate,4.90,7,32,0.72,7,Severe Delay,41.59
TRIP209321,Rainy,Standard,Severe,13.56,17,25,2.07,13,Severe Delay,104.81
TRIP209160,Clear,Standard,Moderate,14.96,16,45,2.47,7,Severe Delay,86.37
TRIP200873,Clear,Mini Bus,Moderate,11.99,13,9,3.81,21,Moderate Delay,58.62
TRIP206012,Clear,Standard,High,13.69,18,15,10.21,22,On Time,83.44
TRIP207867,Rainy,Standard,Low,5.91,5,43,2.05,8,Moderate Delay,44.03
TRIP209565,Foggy,Standard,High,22.54,23,39,5.29,20,Severe Delay,158.12
TRIP201209,Rainy,Standard,High,11.51,16,42,2.94,5,Severe Delay,94.84
TRIP205049,Clear,Standard,Low,4.90,6,55,1.16,16,Moderate Delay,25.54
TRIP205058,Clear,Mini Bus,Moderate,11.37,12,16,8.50,9,Moderate Delay,58.93
TRIP208987,Rainy,Express,Severe,4.54,6,28,6.93,5,Severe Delay,39.73
TRIP200941,Clear,Standard,Moderate,5.16,9,38,2.79,21,Moderate Delay,26.45
TRIP205352,Clear,Standard,Low,10.75,14,38,11.82,13,On Time,36.05
TRIP205925,Foggy,Mini Bus,High,13.18,13,13,3.36,8,Severe Delay,91.11
TRIP203373,Clear,Standard,High,16.89,18,17,3.95,22,Moderate Delay,107.00
TRIP202112,Clear,Standard,Moderate,7.09,6,55,5.68,6,Moderate Delay,31.74
TRIP204611,Rainy,Express,Moderate,21.22,25,19,10.81,23,On Time,100.77
TRIP205441,Clear,Mini Bus,Moderate,14.53,15,24,4.86,17,Moderate Delay,74.91
TRIP203378,Clear,Standard,Moderate,3.50,3,28,1.53,6,On Time,19.25
TRIP204714,Rainy,Mini Bus,Severe,11.62,11,14,6.27,6,Severe Delay,95.80
TRIP203128,Clear,Mini Bus,Severe,14.25,17,30,13.08,8,Severe Delay,107.87
TRIP209089,Rainy,Standard,High,5.44,3,39,14.90,12,Moderate Delay,35.72
TRIP206267,Rainy,Standard,Severe,8.05,12,48,2.54,19,Severe Delay,80.28
TRIP204973,Clear,Standard,Moderate,10.79,10,18,4.60,12,On Time,40.17
TRIP209809,Clear,Standard,Moderate,6.50,8,39,5.41,8,Moderate Delay,30.58
TRIP208929,Foggy,Standard,Moderate,8.90,11,65,3.82,9,Severe Delay,62.18
TRIP203036,Windy,Standard,Moderate,7.99,3,42,9.70,10,On Time,33.29
TRIP209697,Clear,Mini Bus,Moderate,4.81,4,21,4.42,6,On Time,24.88
TRIP203269,Foggy,Mini Bus,High,15.51,19,16,,17,Severe Delay,106.25
TRIP201636,Clear,Express,Severe,4.37,8,30,6.76,10,On Time,24.78
TRIP206600,Clear,Express,Low,9.94,11,,7.62,23,On Time,29.25
TRIP204951,Clear,Standard,Low,6.08,4,25,10.98,23,On Time,33.28
TRIP209091,Windy,Standard,Moderate,9.37,7,33,2.66,6,Moderate Delay,42.58
TRIP208392,Windy,Mini Bus,Low,7.36,7,30,3.92,9,Moderate Delay,36.54
TRIP207934,Foggy,Mini Bus,Moderate,13.28,15,22,1.52,11,Moderate Delay,63.05
TRIP203160,Clear,Standard,High,11.83,16,35,5.29,18,Severe Delay,68.61
TRIP204086,Clear,Standard,Moderate,5.65,8,22,6.98,6,On Time,32.47
TRIP203448,Clear,Mini Bus,Low,12.98,14,14,8.42,22,On Time,38.58
TRIP202584,Foggy,Standard,High,7.97,9,24,2.90,15,Severe Delay,52.41
TRIP207986,Foggy,Mini Bus,Low,10.40,11,25,8.27,18,Moderate Delay,57.84
TRIP202616,Clear,Standard,High,7.56,3,29,6.19,12,On Time,37.58
TRIP207128,Rainy,Mini Bus,Low,9.18,13,3,5.07,20,On Time,38.46
TRIP206316,Clear,Standard,High,10.99,11,31,1.75,22,Severe Delay,64.51
TRIP200923,Clear,Express,Moderate,3.82,3,32,5.02,8,Moderate Delay,22.27
TRIP209640,Clear,Mini Bus,Low,22.50,18,49,1.36,16,Severe Delay,108.23
TRIP203671,Windy,,High,7.48,8,47,6.51,7,Severe Delay,51.50
TRIP205521,Clear,Standard,High,13.29,20,27,9.66,17,Severe Delay,93.05
TRIP208999,Rainy,Express,Moderate,4.38,4,6,13.07,10,On Time,18.92
TRIP208119,Rainy,Standard,Severe,11.53,18,21,11.58,11,Severe Delay,101.57
TRIP200532,Clear,Standard,Severe,7.87,10,25,6.11,10,Moderate Delay,53.16
TRIP202905,,Express,High,3.76,3,15,18.00,21,On Time,14.52
TRIP206387,Clear,Standard,High,9.33,9,22,3.84,6,On Time,40.44
TRIP205657,Clear,Standard,High,8.38,11,40,7.22,9,Moderate Delay,61.23
TRIP204119,Windy,Standard,Moderate,9.01,7,33,10.21,15,On Time,35.29
TRIP204293,Clear,Standard,High,6.43,5,35,9.74,20,On Time,29.34
TRIP201840,Clear,Standard,Moderate,6.92,9,55,5.56,8,Severe Delay,51.32
TRIP209501,,,Low,11.83,12,32,3.70,20,On Time,50.82
TRIP208284,Clear,Standard,Moderate,5.85,6,,11.54,13,On Time,19.87
TRIP208018,Rainy,Standard,High,10.99,13,34,3.33,13,Severe Delay,78.43
TRIP202635,Clear,Mini Bus,Moderate,11.58,12,14,1.78,15,Moderate Delay,54.21
TRIP205939,Windy,Standard,Moderate,17.09,17,41,9.01,19,Severe Delay,96.89
TRIP206105,,Standard,Moderate,4.67,4,52,2.80,18,Severe Delay,32.19
TRIP203351,Clear,Express,Moderate,20.49,17,26,3.93,15,On Time,90.11
TRIP208067,Clear,Standard,High,4.36,4,37,1.01,21,Moderate Delay,26.10
TRIP204953,Clear,Standard,Moderate,8.83,6,25,5.32,23,On Time,41.30
TRIP205106,Windy,Standard,Severe,13.47,13,37,4.18,22,Moderate Delay,84.52
TRIP204568,Clear,Express,Moderate,21.72,20,27,7.82,5,On Time,96.34
TRIP208899,Foggy,Express,Moderate,7.58,7,12,3.81,10,On Time,30.05
TRIP203514,Clear,Standard,High,12.17,10,41,1.17,7,Severe Delay,73.08
TRIP208205,Clear,Mini Bus,Low,10.90,10,28,6.47,11,On Time,37.53
TRIP206930,Clear,Mini Bus,Moderate,8.34,6,24,9.79,22,On Time,36.88
TRIP204779,Rainy,Standard,Moderate,21.51,22,42,5.69,9,Severe Delay,123.05
TRIP206613,Clear,Standard,Moderate,7.59,10,51,4.58,18,Severe Delay,47.60
TRIP200444,Rainy,Standard,Moderate,10.45,13,29,2.78,13,Severe Delay,53.36
TRIP206510,Clear,Express,Moderate,8.48,11,46,6.50,19,Moderate Delay,37.74
TRIP201359,Clear,Standard,Moderate,12.57,11,23,13.41,20,On Time,53.36
TRIP202936,Clear,Express,High,11.80,13,13,,10,On Time,59.53
TRIP204061,,Standard,Moderate,6.90,8,45,7.90,13,On Time,41.94
TRIP205993,Clear,Standard,High,25.41,26,53,2.95,6,Severe Delay,174.97
TRIP204334,Clear,Express,Low,12.45,14,24,8.06,12,On Time,40.17
TRIP205322,Rainy,Express,Low,21.45,22,20,3.22,11,Moderate Delay,88.39
TRIP205083,Clear,Mini Bus,Low,4.24,3,38,5.32,18,On Time,30.20
TRIP204222,Rainy,Mini Bus,High,10.65,12,17,,21,Severe Delay,82.57
TRIP205646,Clear,Mini Bus,High,10.26,14,19,4.79,12,Moderate Delay,69.60
TRIP202782,Windy,Standard,Severe,5.92,7,34,14.11,13,Moderate Delay,42.93
TRIP207614,Clear,Mini Bus,Moderate,3.76,3,42,6.99,17,Moderate Delay,22.12
TRIP200966,Clear,Standard,Moderate,,4,21,18.00,12,On Time,30.89
TRIP203585,Clear,Standard,Moderate,12.05,13,50,4.67,7,Severe Delay,58.42
TRIP201037,Clear,Standard,High,12.89,15,25,18.00,14,On Time,72.51
TRIP201784,Rainy,Standard,Severe,10.90,12,56,4.69,7,Severe Delay,93.22
TRIP205361,Foggy,Standard,High,11.16,12,35,4.99,12,Severe Delay,62.60
TRIP209196,Clear,Standard,Low,6.88,7,24,4.44,5,On Time,31.59
TRIP209358,Windy,Mini Bus,Severe,9.09,8,13,10.51,8,Severe Delay,69.74
TRIP205672,Windy,Mini Bus,Severe,4.28,5,21,12.18,17,Severe Delay,42.21
TRIP204959,Rainy,Standard,Low,8.14,5,40,4.96,12,Moderate Delay,28.24
TRIP206541,Rainy,Express,Low,14.35,13,29,4.04,10,On Time,51.28
TRIP200708,Clear,Standard,Moderate,10.64,9,47,13.61,7,Moderate Delay,47.61
TRIP201392,Clear,Mini Bus,Low,9.66,7,15,11.86,12,On Time,34.81
TRIP206883,Rainy,Express,High,8.04,10,18,2.45,14,Severe Delay,46.81
TRIP208652,Clear,Express,High,10.25,7,18,6.00,21,On Time,55.87
TRIP207331,Clear,Mini Bus,Moderate,4.62,3,23,3.18,13,On Time,26.07
TRIP202196,Clear,Standard,Low,3.35,7,51,5.75,8,Moderate Delay,29.42
TRIP203010,Clear,Standard,High,7.37,8,44,9.05,16,Moderate Delay,36.01
TRIP205907,Rainy,Mini Bus,Moderate,17.69,19,14,7.17,11,Moderate Delay,94.35
TRIP205836,Rainy,Express,Low,10.98,12,52,4.91,17,Severe Delay,48.03
TRIP202477,Windy,Express,Low,13.17,12,13,1.20,21,On Time,41.89
TRIP203691,Rainy,Express,Low,15.44,17,25,4.92,21,On Time,70.52
TRIP202366,Windy,Standard,Moderate,6.33,4,34,2.71,22,On Time,42.99
TRIP208106,Clear,Standard,Severe,5.02,6,48,4.33,18,Severe Delay,38.98
TRIP204201,Foggy,Standard,Moderate,6.65,7,45,1.77,11,Moderate Delay,34.76
TRIP205894,Clear,Mini Bus,Severe,4.47,6,17,,8,Severe Delay,40.69
TRIP207822,Clear,Express,High,25.65,29,25,3.42,14,Moderate Delay,154.43
TRIP203812,Clear,Mini Bus,Severe,23.48,27,18,5.13,11,Severe Delay,180.00
TRIP201344,Clear,Standard,Severe,8.12,8,39,13.36,10,Moderate Delay,52.04
TRIP208550,,Standard,Low,2.38,3,34,12.29,23,On Time,15.79
TRIP201159,Clear,Standard,High,4.38,7,48,0.83,19,Severe Delay,32.25
TRIP209753,Rainy,Standard,Moderate,,8,43,4.30,21,Moderate Delay,42.18
TRIP204519,Windy,Standard,Severe,18.66,22,28,7.02,23,Severe Delay,143.93
TRIP206246,Rainy,Standard,Moderate,9.16,12,42,3.76,14,Moderate Delay,56.64
TRIP200362,Rainy,Standard,Low,11.31,10,22,5.67,12,On Time,38.47
TRIP202151,Windy,Standard,Moderate,8.62,10,37,5.01,5,Moderate Delay,52.28
TRIP202030,Clear,Mini Bus,Low,16.86,16,12,6.77,21,On Time,80.61
TRIP208880,Clear,Standard,High,17.64,20,30,2.75,14,Severe Delay,107.22
TRIP201936,Rainy,Standard,High,20.22,22,30,3.34,11,Severe Delay,128.91
TRIP204150,Clear,Standard,Moderate,13.05,13,40,3.00,11,On Time,74.03
TRIP201577,Rainy,Standard,Low,14.08,15,12,3.70,5,On Time,53.29
TRIP207933,Windy,Mini Bus,Severe,11.70,9,20,11.58,13,Moderate Delay,86.63
TRIP205727,Clear,Express,Moderate,28.20,29,20,4.84,11,Moderate Delay,140.29
TRIP207155,Rainy,Standard,High,17.91,19,40,5.03,7,Severe Delay,120.53
TRIP204945,Clear,Standard,Low,24.74,27,44,12.49,12,Moderate Delay,128.17
TRIP205251,Windy,Mini Bus,Moderate,5.60,6,19,3.06,10,On Time,33.96
TRIP205463,Clear,Standard,Low,18.79,19,18,4.44,13,Moderate Delay,75.11
TRIP209190,Clear,Mini Bus,Low,15.30,13,26,3.11,9,Moderate Delay,70.60
TRIP202514,Clear,Standard,High,3.27,10,30,6.25,5,On Time,32.58
TRIP202288,Clear,Standard,Moderate,10.98,12,34,10.76,15,On Time,44.90
TRIP203135,Clear,Express,Moderate,6.80,5,19,1.01,15,On Time,25.13
TRIP200706,Clear,Standard,Moderate,,13,18,3.82,12,On Time,52.45
TRIP203684,Rainy,Standard,Moderate,5.13,7,50,9.41,8,Severe Delay,45.96
TRIP209241,Clear,Mini Bus,High,8.80,9,8,6.24,6,Moderate Delay,55.13
TRIP200648,Clear,Standard,High,7.76,7,29,5.94,15,On Time,55.51
TRIP200188,Clear,Express,Low,9.48,12,6,15.73,15,On Time,19.92
TRIP206742,Clear,Express,High,6.45,10,,0.20,8,Severe Delay,37.57
TRIP201425,Foggy,Standard,Moderate,10.53,11,39,4.67,12,On Time,57.57
TRIP206294,Clear,Standard,Severe,10.28,12,60,13.31,16,Severe Delay,85.66
TRIP200777,Windy,Standard,Low,10.57,13,31,2.15,10,Moderate Delay,39.22
TRIP202511,Clear,Mini Bus,High,27.33,28,10,7.14,21,Severe Delay,180.00
TRIP205531,Clear,Express,Moderate,14.00,15,28,1.92,7,Moderate Delay,65.30
TRIP204315,Foggy,Express,Moderate,10.46,12,37,5.84,9,Moderate Delay,59.79
TRIP206221,Foggy,Standard,High,5.94,5,28,14.92,19,Severe Delay,43.14
TRIP202603,Clear,Standard,High,17.44,19,50,9.05,6,Severe Delay,106.54
TRIP209547,Windy,Standard,Severe,7.41,8,33,4.21,10,Moderate Delay,51.19
TRIP205814,Clear,Standard,High,26.70,30,36,1.68,15,Severe Delay,180.00
TRIP202450,Windy,Standard,Low,13.94,13,39,5.13,5,On Time,59.44
TRIP208064,Clear,Mini Bus,High,6.76,8,16,1.93,6,Severe Delay,39.39
TRIP209787,Foggy,Standard,Severe,12.46,13,19,11.95,12,Severe Delay,98.13
TRIP207731,Clear,Mini Bus,Moderate,10.59,13,20,6.86,20,On Time,53.42
TRIP200270,Foggy,Standard,Moderate,7.85,6,36,10.83,22,On Time,35.72
TRIP204085,Rainy,Mini Bus,Moderate,25.05,23,26,,7,Severe Delay,151.67
TRIP207513,Clear,Mini Bus,Moderate,14.08,15,15,12.18,20,On Time,69.63
TRIP209001,Foggy,Standard,High,13.38,15,24,5.57,15,Severe Delay,78.89
TRIP203435,Clear,Standard,Low,30.92,33,22,2.46,5,Severe Delay,154.61
TRIP202493,Clear,Mini Bus,High,18.11,19,34,4.57,8,Severe Delay,111.39
TRIP203222,Rainy,Standard,Low,18.61,19,57,10.19,8,Severe Delay,97.19
TRIP209334,Foggy,Standard,High,10.71,9,51,6.60,21,Severe Delay,67.83
TRIP204307,Clear,Mini Bus,Low,8.13,8,15,1.82,11,On Time,31.02
TRIP207974,Foggy,Express,Moderate,8.75,8,16,2.67,21,Moderate Delay,38.11
TRIP201213,Windy,Standard,High,13.86,13,35,6.57,20,Moderate Delay,75.99
TRIP202419,Clear,Express,High,12.61,14,31,2.01,7,Severe Delay,57.69
TRIP202342,Clear,Express,Moderate,13.41,13,29,3.53,7,Moderate Delay,56.06
TRIP207056,Windy,Standard,High,20.39,20,25,11.92,15,Severe Delay,124.57
TRIP207161,Clear,Express,Moderate,27.56,29,3,8.75,14,Moderate Delay,145.67
TRIP207655,Foggy,Express,Low,9.67,12,41,2.25,8,Moderate Delay,45.05
TRIP207583,Clear,Standard,Low,10.24,6,34,2.32,5,Moderate Delay,42.44
TRIP200562,Windy,Express,High,19.06,19,26,4.81,11,Severe Delay,111.60
TRIP208651,Clear,Standard,Moderate,14.72,15,47,12.93,9,Moderate Delay,78.13
TRIP200884,Clear,Mini Bus,Moderate,19.82,21,3,8.85,14,Moderate Delay,103.70
TRIP206636,Rainy,Standard,Severe,8.83,10,24,3.20,21,Severe Delay,72.56
TRIP201687,Clear,Standard,Moderate,11.72,17,52,1.38,7,Severe Delay,64.16
TRIP205695,Clear,Standard,High,12.47,11,54,,13,Moderate Delay,75.26
TRIP204587,Clear,Standard,Low,22.05,22,47,5.07,22,Moderate Delay,106.03
TRIP200718,Clear,Express,Moderate,14.65,14,32,1.76,6,On Time,43.21
TRIP202928,Foggy,Mini Bus,Low,8.85,8,22,,19,On Time,48.04
TRIP208133,Clear,Standard,Moderate,6.32,10,32,5.51,6,On Time,35.63
TRIP201473,Foggy,Mini Bus,High,8.45,11,14,2.49,10,Severe Delay,50.44
TRIP200113,Clear,Standard,High,8.26,9,30,11.26,20,On Time,42.35
TRIP202598,Rainy,Standard,Moderate,13.25,17,32,6.39,9,Severe Delay,73.57
TRIP205537,Clear,Standard,Low,5.84,6,34,5.28,5,On Time,24.29
TRIP205301,Clear,Mini Bus,High,10.95,12,27,10.74,12,Moderate Delay,73.78
TRIP207959,Rainy,Standard,Low,6.82,9,48,3.47,23,Moderate Delay,49.06
TRIP209593,Clear,Mini Bus,Low,5.33,5,3,14.00,17,On Time,25.07
TRIP203246,Rainy,Standard,Moderate,,23,40,6.46,10,Moderate Delay,130.83
TRIP208648,Clear,Standard,Moderate,5.50,7,27,5.86,13,On Time,30.68
TRIP207347,Rainy,Express,Low,7.37,6,33,1.28,21,On Time,17.10
TRIP209600,Clear,Mini Bus,Moderate,7.97,13,3,1.36,11,On Time,30.10
TRIP201582,Clear,Mini Bus,Moderate,17.21,16,16,3.14,11,On Time,89.63
TRIP202376,Foggy,Standard,High,13.56,18,41,2.07,16,Severe Delay,103.52
TRIP203985,Clear,Express,Severe,4.08,7,37,10.12,17,Severe Delay,39.95
TRIP203301,Clear,Mini Bus,Moderate,13.37,14,33,2.95,19,Severe Delay,64.52
TRIP208047,Clear,Standard,High,10.02,13,29,2.63,16,Severe Delay,71.00
TRIP208961,Windy,Mini Bus,High,11.24,12,14,12.88,15,Moderate Delay,63.43
TRIP201048,Clear,Mini Bus,Moderate,29.81,34,15,4.87,5,Moderate Delay,173.23
TRIP203215,Clear,Standard,Moderate,22.68,20,41,4.08,17,Severe Delay,126.93
TRIP205366,Clear,Mini Bus,Low,12.13,13,15,15.25,23,On Time,47.06
TRIP205901,Clear,Express,Moderate,6.28,6,27,1.04,11,On Time,29.79
TRIP209079,Windy,Standard,Severe,5.17,3,35,1.05,5,Moderate Delay,33.91
TRIP202420,Rainy,Mini Bus,Moderate,8.26,12,20,5.96,17,Moderate Delay,51.71
TRIP208769,Windy,Mini Bus,High,6.83,9,27,16.51,5,Moderate Delay,46.74
TRIP200744,Windy,Standard,Moderate,7.72,11,45,10.61,9,Moderate Delay,46.95
TRIP207139,Clear,Mini Bus,Moderate,17.55,17,34,,16,Severe Delay,93.37
TRIP206242,Clear,Mini Bus,Low,12.07,8,17,2.42,13,Moderate Delay,44.07
TRIP201497,Clear,Standard,Moderate,7.92,9,35,5.34,9,On Time,36.85
TRIP207829,Windy,Standard,Moderate,18.70,18,46,15.02,19,Severe Delay,95.22
TRIP209476,Clear,Standard,High,4.15,4,48,4.57,9,Severe Delay,34.95
TRIP201138,Clear,Standard,High,4.86,3,34,2.59,23,On Time,27.68
TRIP205060,Foggy,Standard,Low,4.84,5,25,5.14,12,On Time,24.10
TRIP208527,Clear,Standard,Moderate,6.87,9,23,8.23,12,On Time,28.96
TRIP201677,Clear,Standard,Severe,17.81,15,47,1.72,19,Severe Delay,136.43
TRIP209340,Clear,Express,High,11.51,14,44,7.00,8,Severe Delay,65.42
TRIP201491,Clear,Standard,High,6.66,5,7,8.17,20,On Time,33.73
TRIP209326,Clear,Standard,High,11.34,13,34,5.14,16,Severe Delay,72.42
TRIP201754,Clear,,Moderate,31.20,32,25,8.10,22,Severe Delay,180.00
TRIP206426,Clear,Express,High,7.73,8,8,3.43,10,On Time,38.70
TRIP206516,Windy,Express,Low,13.95,13,17,3.01,5,On Time,54.59
TRIP207997,Clear,Mini Bus,Low,7.48,7,31,6.26,7,Moderate Delay,29.57
TRIP204880,Clear,Express,Moderate,17.06,20,16,0.36,23,Moderate Delay,67.57
TRIP202049,Clear,Standard,Moderate,8.29,11,36,6.48,9,On Time,42.22
TRIP204665,Rainy,Standard,Severe,5.27,3,40,4.69,17,Severe Delay,56.47
TRIP209715,Clear,Standard,Moderate,16.47,15,33,7.03,16,Moderate Delay,82.05
TRIP206161,Rainy,Mini Bus,Moderate,15.30,14,24,5.86,16,Severe Delay,88.62
TRIP206450,Clear,Standard,Low,5.74,7,32,5.57,12,On Time,28.80
TRIP206058,Clear,Standard,Severe,11.12,10,11,1.92,21,Moderate Delay,72.28
TRIP205963,Rainy,Standard,High,19.13,25,20,7.81,11,Severe Delay,128.45
TRIP201922,Clear,Mini Bus,Moderate,13.34,16,17,2.98,10,Moderate Delay,61.41
TRIP201702,Windy,Standard,Low,10.17,10,38,14.44,21,On Time,51.38
TRIP205994,Windy,Mini Bus,High,5.75,9,28,8.34,13,On Time,37.45
TRIP201181,Rainy,Mini Bus,Moderate,21.39,21,27,1.12,19,Severe Delay,123.60
TRIP203415,Foggy,Standard,Low,3.34,7,43,10.72,17,On Time,30.72
TRIP200526,Clear,Mini Bus,High,16.52,19,17,,22,Severe Delay,99.98
TRIP202230,Clear,Express,Severe,8.91,11,48,13.26,17,Severe Delay,56.72
TRIP203363,Clear,Standard,Low,17.56,18,13,7.04,5,On Time,75.65
TRIP205705,Clear,Mini Bus,Moderate,,8,14,18.00,6,On Time,32.65
TRIP206369,Foggy,Standard,High,11.38,10,58,5.49,17,Severe Delay,72.77
TRIP201119,Rainy,Mini Bus,Severe,3.95,4,27,10.59,22,Severe Delay,41.34
TRIP206180,Clear,Standard,Moderate,5.69,6,38,3.03,8,Moderate Delay,46.32
TRIP200449,Clear,Mini Bus,Low,4.39,6,20,7.54,6,On Time,20.80
TRIP206816,Clear,Standard,Moderate,18.27,24,24,5.09,20,Moderate Delay,105.68
TRIP207168,Clear,Standard,High,,7,30,5.92,20,Moderate Delay,41.66
TRIP207575,Rainy,Express,High,3.95,3,15,4.64,10,Severe Delay,27.23
TRIP200154,Clear,Mini Bus,Moderate,5.01,4,14,8.16,17,On Time,28.96
TRIP206772,Foggy,Standard,Moderate,14.43,17,31,2.00,14,Severe Delay,86.45
TRIP203470,Clear,Standard,Moderate,21.34,25,57,8.84,18,Severe Delay,117.37
TRIP208132,Clear,Standard,Severe,5.01,5,26,2.26,23,Moderate Delay,36.20
TRIP202764,Rainy,Mini Bus,Severe,12.79,10,17,2.75,6,Severe Delay,102.48
TRIP202533,Windy,Express,Severe,4.89,7,24,2.88,11,Moderate Delay,36.86
TRIP200594,Clear,,Low,13.32,13,19,7.77,6,On Time,50.33
TRIP205663,Rainy,Mini Bus,Moderate,9.53,10,11,10.25,14,On Time,65.44
TRIP207756,Foggy,Express,High,22.15,21,49,10.01,18,Severe Delay,133.04
TRIP209249,Windy,Mini Bus,High,11.05,11,3,6.12,15,Moderate Delay,69.54
TRIP202200,Clear,Mini Bus,Low,7.51,9,15,3.28,8,Moderate Delay,34.43
TRIP205468,Windy,Standard,Low,7.29,6,17,0.57,23,On Time,31.95
TRIP203454,Clear,Mini Bus,Moderate,13.76,19,23,2.31,12,Moderate Delay,76.95
TRIP209367,Windy,Express,High,18.05,19,50,9.90,8,Severe Delay,104.69
TRIP203790,Clear,Standard,Severe,12.04,13,33,14.52,20,On Time,89.17
TRIP203944,,Standard,Low,8.68,6,39,7.31,8,Moderate Delay,42.91
TRIP201923,Clear,Standard,Moderate,9.95,13,22,4.08,15,On Time,49.16
TRIP201808,Windy,Standard,High,2.34,3,35,2.12,13,Moderate Delay,23.64
TRIP202097,Clear,Mini Bus,High,3.21,3,18,4.37,13,Moderate Delay,25.11
TRIP201115,,Express,Severe,5.99,5,19,5.95,22,On Time,32.05
TRIP201003,Clear,Standard,Low,11.52,9,40,3.49,7,Moderate Delay,44.01
TRIP200111,Clear,Standard,Moderate,6.23,9,20,9.94,21,On Time,27.48
TRIP206226,Clear,Standard,Severe,8.63,10,33,6.49,8,Severe Delay,78.10
TRIP200804,Clear,Standard,Moderate,12.98,8,54,3.29,8,Severe Delay,58.72
TRIP209754,Clear,Mini Bus,Moderate,8.86,6,21,4.78,13,On Time,46.80
TRIP205969,Rainy,Standard,Moderate,10.61,9,26,9.03,13,On Time,47.47
TRIP209488,Clear,Mini Bus,High,17.78,19,32,11.17,6,Severe Delay,107.42
TRIP206719,Windy,Mini Bus,Moderate,2.42,3,15,1.85,5,Moderate Delay,12.32
TRIP205577,Rainy,Mini Bus,Moderate,10.38,11,30,2.42,22,Moderate Delay,62.15
TRIP204439,Clear,Standard,Low,6.64,5,25,7.91,10,On Time,29.68
TRIP205109,Clear,Mini Bus,High,3.11,3,14,6.28,20,On Time,15.70
TRIP202464,Foggy,Standard,Moderate,8.11,12,50,5.03,23,Moderate Delay,48.00
TRIP206073,Rainy,Standard,Low,10.85,9,23,0.88,13,On Time,42.80
TRIP207650,Clear,Express,Moderate,6.90,7,18,6.88,17,Moderate Delay,27.72
TRIP200065,Clear,Standard,High,6.84,7,47,1.90,19,Severe Delay,47.77
TRIP204719,Clear,Express,High,5.86,6,34,10.98,10,On Time,20.96
TRIP200413,Windy,Mini Bus,High,4.19,7,22,2.31,22,Severe Delay,38.60
TRIP200425,,Standard,High,6.30,10,34,5.10,8,Severe Delay,62.42
TRIP208167,Windy,Mini Bus,High,5.46,5,18,2.20,22,Moderate Delay,46.37
TRIP205428,Rainy,Standard,Moderate,7.52,6,31,8.51,21,On Time,36.92
TRIP200550,Clear,Mini Bus,Low,10.85,14,26,3.23,23,On Time,50.36
TRIP203284,Clear,Mini Bus,High,6.98,11,38,15.07,17,Moderate Delay,58.22
TRIP202590,Clear,,Low,6.80,5,37,4.53,18,Moderate Delay,28.64
TRIP207804,Clear,Standard,Severe,19.57,21,37,,5,Severe Delay,154.97
TRIP203922,Clear,Mini Bus,Low,4.44,9,7,10.62,10,On Time,25.42
TRIP206602,Foggy,Standard,Moderate,4.10,3,32,2.86,5,Moderate Delay,30.78
TRIP208798,Clear,Mini Bus,Severe,14.59,14,33,6.18,18,Severe Delay,114.86
TRIP203819,Windy,Standard,Moderate,12.80,13,28,5.41,14,On Time,62.99
TRIP205472,Clear,Standard,High,23.86,24,21,7.43,15,Severe Delay,150.76
TRIP203507,Clear,Mini Bus,Moderate,4.43,7,13,3.52,12,On Time,32.85
TRIP202893,Windy,Mini Bus,Severe,12.13,12,33,1.56,9,Severe Delay,104.51
TRIP203632,Foggy,Standard,Low,10.21,11,44,5.59,18,Moderate Delay,54.37
TRIP207542,Clear,Mini Bus,Moderate,8.77,10,23,5.67,22,Moderate Delay,41.99
TRIP200500,Foggy,Mini Bus,High,9.29,12,29,18.00,17,Severe Delay,59.60
TRIP207805,Clear,Express,Low,6.17,9,14,4.51,6,On Time,21.83
TRIP203413,Clear,Mini Bus,Moderate,3.25,4,27,6.72,7,On Time,29.81
TRIP209216,Clear,Express,High,21.30,22,29,1.90,12,Severe Delay,114.68
TRIP203046,Clear,Standard,Severe,5.67,6,34,2.42,21,Moderate Delay,41.10
TRIP208938,Foggy,Express,High,16.62,21,45,7.55,6,Severe Delay,88.30
TRIP200143,Windy,Mini Bus,Moderate,10.70,10,10,16.80,9,On Time,51.58
TRIP202023,Windy,Express,High,11.90,9,44,12.07,18,Moderate Delay,66.51
TRIP204286,Windy,Standard,Low,8.90,15,21,5.99,11,On Time,39.02
TRIP200478,Clear,Express,Severe,2.00,3,17,1.84,11,Moderate Delay,15.83
TRIP205124,Rainy,Mini Bus,Low,4.25,3,28,16.69,6,On Time,30.07
TRIP203475,Clear,Standard,Low,6.80,9,27,2.99,12,On Time,36.00
TRIP205775,Windy,Express,Low,11.34,12,16,1.50,10,On Time,39.15
TRIP202631,Rainy,Mini Bus,Low,4.43,8,32,8.74,19,Moderate Delay,30.12
TRIP207861,Clear,Express,Low,10.08,14,23,3.09,22,On Time,23.50
TRIP200459,Clear,Standard,High,8.12,10,32,8.90,10,Moderate Delay,50.14
TRIP205706,Foggy,Standard,Moderate,20.51,20,29,3.70,22,Moderate Delay,104.36
TRIP209393,Clear,Standard,Moderate,7.99,6,28,2.37,22,Moderate Delay,37.83
TRIP209284,Clear,Standard,High,5.87,8,27,2.80,10,Moderate Delay,36.68
TRIP208182,Clear,Standard,Low,11.72,12,36,2.76,6,On Time,41.17
TRIP204711,Clear,Standard,High,6.84,14,27,13.14,20,On Time,50.22
TRIP204210,Clear,Standard,Severe,11.57,12,31,3.66,12,On Time,82.74
TRIP201487,Clear,Standard,Moderate,17.38,19,21,5.25,11,Moderate Delay,90.28
TRIP206875,Foggy,Express,Moderate,8.20,6,36,18.00,19,On Time,26.82
TRIP206823,Rainy,Mini Bus,Moderate,6.92,7,20,0.84,7,Severe Delay,49.75
TRIP207839,Clear,Standard,Low,9.35,10,43,4.53,13,On Time,36.15
TRIP204661,Clear,Express,Low,9.23,9,35,3.73,19,On Time,38.09
TRIP209103,Windy,Standard,Low,8.93,10,53,,17,Moderate Delay,48.66
TRIP209620,Windy,Express,Moderate,4.83,6,26,1.68,14,On Time,20.30
TRIP209415,Rainy,Express,Moderate,4.50,5,37,4.86,16,Moderate Delay,26.92
TRIP202679,Windy,Standard,Moderate,11.02,12,62,5.64,8,Severe Delay,72.66
TRIP203370,Windy,Mini Bus,High,14.00,12,17,3.45,21,Moderate Delay,72.95
TRIP209687,Windy,Express,Low,3.19,3,9,1.95,22,On Time,15.17
TRIP208117,Clear,Express,High,6.31,5,15,2.42,9,Severe Delay,29.02
TRIP209344,Clear,Mini Bus,Moderate,8.48,6,46,14.48,9,Moderate Delay,53.52
TRIP206001,Clear,Mini Bus,High,4.58,5,29,12.54,22,On Time,22.16
TRIP201216,Clear,Standard,High,10.07,12,25,6.46,6,On Time,48.60
TRIP209808,Clear,Mini Bus,Severe,3.76,6,24,12.57,21,Moderate Delay,32.20
TRIP202016,Windy,Express,High,7.61,4,14,0.48,13,Moderate Delay,39.29
TRIP207283,,Express,High,22.55,22,32,14.77,17,Severe Delay,145.65
TRIP203179,Clear,Mini Bus,High,6.74,9,46,3.48,8,Severe Delay,55.48
TRIP202317,Rainy,Standard,Severe,8.11,8,45,4.88,16,Severe Delay,75.31
TRIP202333,Windy,Standard,High,7.26,7,33,9.31,15,On Time,51.04
TRIP208547,Clear,Standard,Moderate,4.22,3,22,1.78,7,Severe Delay,33.95
TRIP208201,Foggy,Standard,High,8.69,10,,4.92,7,Severe Delay,62.87
TRIP205660,Windy,Standard,Moderate,8.90,3,45,,19,Moderate Delay,42.86
TRIP205807,Clear,Standard,Low,13.33,12,56,0.68,17,Severe Delay,55.73
TRIP205815,Clear,Standard,Severe,15.50,17,32,16.52,6,Severe Delay,106.16
TRIP200204,Clear,Standard,Low,8.55,9,29,1.92,15,On Time,29.62
TRIP206419,Clear,Standard,Severe,9.37,10,43,6.41,8,Moderate Delay,71.61
TRIP200969,Clear,Standard,Moderate,7.55,9,37,9.36,13,On Time,29.25
TRIP201132,Clear,Standard,Moderate,7.04,8,52,4.14,19,Moderate Delay,46.60
TRIP208378,Clear,Express,Severe,3.03,3,44,3.42,7,Moderate Delay,26.88
TRIP200135,Rainy,Mini Bus,Severe,16.50,19,3,3.40,5,Severe Delay,137.45
TRIP200306,Clear,Standard,Low,6.67,12,65,1.83,8,Severe Delay,43.44
TRIP209096,Rainy,Mini Bus,Moderate,7.19,9,40,9.01,16,Moderate Delay,62.26
TRIP201282,Clear,Standard,Moderate,5.64,6,39,2.40,12,Moderate Delay,35.43
TRIP206270,Rainy,Standard,Severe,14.39,9,21,6.33,11,Severe Delay,110.40
TRIP207810,Clear,Standard,Moderate,3.65,5,31,3.65,13,On Time,14.88
TRIP201502,Clear,Standard,Severe,6.43,8,33,5.31,9,Moderate Delay,61.79
TRIP205784,Rainy,Standard,Low,10.40,8,40,15.02,9,Moderate Delay,55.70
TRIP208995,Clear,Standard,Moderate,9.82,10,37,3.13,13,On Time,39.48
TRIP203030,Rainy,Standard,Severe,15.92,17,41,4.59,12,Severe Delay,131.89
TRIP202692,Clear,Mini Bus,Severe,11.09,16,36,3.46,15,Severe Delay,90.42
TRIP206223,Clear,Express,Moderate,5.31,3,29,7.31,14,On Time,18.53
TRIP208488,Clear,Express,Moderate,7.81,9,18,6.00,17,Moderate Delay,24.87
TRIP209117,Windy,Standard,Low,7.34,13,29,3.06,5,On Time,37.72
TRIP203505,Clear,Standard,Severe,4.50,3,36,2.83,10,Severe Delay,53.07
TRIP204659,Clear,Express,Low,7.13,8,32,6.26,17,On Time,25.34
TRIP204558,Clear,Mini Bus,Severe,3.68,6,22,0.88,21,Severe Delay,32.26
TRIP207540,Clear,,Severe,7.30,10,42,4.76,19,Severe Delay,55.12
TRIP201300,Windy,Mini Bus,High,13.34,14,23,11.19,16,Severe Delay,77.95
TRIP205261,Windy,Standard,Low,4.85,3,47,2.17,18,Severe Delay,35.82
TRIP208897,Clear,Mini Bus,Moderate,15.34,21,13,2.26,5,Severe Delay,81.80
TRIP207395,Foggy,Standard,Moderate,,15,39,9.67,19,Moderate Delay,82.82
TRIP205725,Rainy,Express,High,9.23,8,43,5.29,8,Severe Delay,60.84
TRIP200507,Foggy,Express,Moderate,7.34,9,11,4.43,12,On Time,26.41
TRIP208336,Clear,Mini Bus,High,19.96,20,24,2.94,23,Severe Delay,121.05
TRIP202503,Foggy,Standard,High,6.65,7,43,4.58,9,Severe Delay,47.78
TRIP205827,Clear,Express,Severe,14.07,13,45,1.14,8,Severe Delay,96.99
TRIP207676,Rainy,Express,High,7.75,4,,,11,Severe Delay,38.81
TRIP202786,Clear,,Low,6.74,8,14,18.00,14,On Time,30.19
TRIP202056,Clear,Express,Moderate,13.77,11,36,4.36,9,On Time,59.48
TRIP209465,Rainy,Standard,Low,10.05,9,33,9.63,22,On Time,36.47
TRIP208522,Windy,Express,Moderate,4.43,5,27,10.47,9,Moderate Delay,12.00
TRIP203775,Clear,Mini Bus,High,16.54,18,10,5.54,13,Moderate Delay,103.04
TRIP203477,Clear,Mini Bus,High,4.68,4,33,0.55,10,Moderate Delay,36.83
TRIP202865,Windy,Standard,Severe,10.73,5,24,7.14,23,On Time,69.80
TRIP202330,Clear,Mini Bus,Moderate,10.01,13,22,2.29,15,Moderate Delay,49.77
TRIP200447,Clear,Standard,Moderate,9.84,12,26,3.61,12,Moderate Delay,49.39
TRIP204230,Foggy,Express,High,22.57,26,31,5.52,18,Severe Delay,144.31
TRIP202762,Rainy,Express,Moderate,7.47,8,19,13.97,5,On Time,24.48
TRIP207285,Windy,Standard,Moderate,6.55,9,26,2.19,23,Moderate Delay,35.79
TRIP201040,Windy,Express,Moderate,10.47,10,32,5.95,12,On Time,36.35
TRIP202576,Rainy,Standard,High,6.79,5,52,6.85,7,Severe Delay,62.24
TRIP209046,Clear,Express,Low,18.73,19,32,3.86,20,On Time,61.17
TRIP200071,Clear,Mini Bus,Moderate,14.96,18,16,8.87,17,Severe Delay,77.28
TRIP201575,Rainy,Standard,Moderate,13.79,17,30,13.41,14,On Time,72.11
TRIP209505,Clear,Standard,Moderate,17.36,18,31,2.84,23,Severe Delay,82.62
TRIP202828,Windy,Express,Severe,17.02,21,9,5.69,23,Moderate Delay,118.19
TRIP200784,Clear,Standard,Low,6.29,8,36,5.07,12,On Time,22.00
TRIP201710,Clear,Standard,High,16.48,18,36,3.01,9,Severe Delay,100.99
TRIP206676,Clear,,Low,6.63,4,41,2.09,15,Moderate Delay,22.64
TRIP204990,Clear,Mini Bus,High,5.93,8,24,7.12,13,Moderate Delay,43.34
TRIP204441,Rainy,Standard,Severe,23.12,25,50,11.26,17,Severe Delay,180.00
TRIP202925,Clear,Standard,Low,16.75,17,32,,8,Moderate Delay,82.51
TRIP206375,Rainy,Standard,Low,22.97,26,43,7.65,14,Moderate Delay,117.59
TRIP205296,Clear,Standard,Moderate,6.41,8,27,1.95,23,Moderate Delay,29.53
TRIP206181,Clear,Standard,High,7.03,4,31,2.51,18,Severe Delay,47.14
TRIP203909,Windy,Standard,High,13.46,16,41,6.96,5,Moderate Delay,79.57
TRIP206744,Clear,Express,High,4.99,3,34,4.97,5,Moderate Delay,15.26
TRIP201327,Foggy,Standard,Moderate,13.21,11,39,3.51,10,Moderate Delay,45.29
TRIP203323,Clear,Standard,Moderate,12.00,8,54,7.44,8,Moderate Delay,54.01
TRIP202649,Rainy,Standard,Moderate,9.94,12,25,3.96,13,Moderate Delay,43.68
TRIP204674,Foggy,Standard,Moderate,12.18,15,47,9.95,18,Severe Delay,70.99
TRIP203049,Clear,Mini Bus,High,18.99,21,12,4.49,10,Severe Delay,122.03
TRIP204057,Foggy,Standard,Low,4.25,4,49,5.23,10,Moderate Delay,32.43
TRIP202791,Windy,Mini Bus,Low,13.26,15,22,1.59,14,Moderate Delay,52.42
TRIP209538,Clear,Standard,Low,5.70,5,18,18.00,15,On Time,19.43
TRIP203451,Clear,Standard,High,11.17,14,47,7.46,16,Severe Delay,77.21
TRIP205831,Clear,Standard,Low,15.11,15,47,3.20,8,Severe Delay,68.33
TRIP201511,Clear,Mini Bus,High,9.13,10,16,8.80,17,Moderate Delay,66.90
TRIP203595,Rainy,Standard,Severe,10.90,13,26,9.61,9,Severe Delay,95.99
TRIP205294,Clear,Standard,Severe,17.42,17,32,18.00,23,Severe Delay,131.86
TRIP209814,Rainy,Standard,High,,3,39,5.10,8,Severe Delay,52.67
TRIP202735,Clear,Standard,Moderate,13.39,16,46,4.84,17,Severe Delay,74.05
TRIP204135,Clear,Express,Severe,,12,11,3.03,5,Moderate Delay,78.39
TRIP202739,Clear,Standard,Moderate,9.02,8,54,1.19,16,Severe Delay,50.30
TRIP202113,Windy,Express,Moderate,8.02,7,13,,13,On Time,38.37
TRIP200870,Foggy,Mini Bus,High,11.76,11,8,13.25,12,Severe Delay,75.19
TRIP207968,Foggy,Mini Bus,Moderate,5.45,6,17,12.53,5,On Time,32.14
TRIP206687,Clear,Mini Bus,Moderate,10.23,8,27,6.50,18,Moderate Delay,44.16
TRIP202010,Clear,Standard,Moderate,9.98,9,21,6.06,15,On Time,41.75
TRIP201152,Foggy,Standard,Moderate,6.69,8,36,2.97,10,On Time,50.26
TRIP206888,,Mini Bus,High,9.83,12,30,2.49,8,Severe Delay,59.66
TRIP201059,Clear,Standard,Low,17.81,17,31,,23,On Time,83.15
TRIP208345,Foggy,Mini Bus,Moderate,9.28,9,13,2.57,15,On Time,50.79
TRIP206974,Rainy,Standard,Severe,4.55,5,46,5.99,20,Severe Delay,51.30
TRIP209596,Rainy,Standard,Low,5.34,6,54,3.80,8,Moderate Delay,31.11
TRIP203680,Clear,Express,High,8.50,3,19,4.88,11,On Time,45.50
TRIP205131,Rainy,Standard,Low,7.24,4,19,6.92,23,On Time,34.90
TRIP208075,Clear,Express,Moderate,12.01,15,15,9.56,21,On Time,39.59
TRIP205201,Rainy,Mini Bus,Moderate,5.20,8,3,6.61,12,On Time,37.90
TRIP200707,Clear,Standard,Moderate,5.08,5,42,11.35,10,On Time,37.85
TRIP200405,Windy,Standard,Moderate,5.51,6,38,2.31,12,Moderate Delay,27.14
TRIP208059,Clear,Standard,High,8.48,9,40,1.88,11,Moderate Delay,38.87
TRIP208391,Foggy,Standard,Severe,9.00,12,33,4.54,13,Severe Delay,76.01
TRIP203994,Rainy,Express,Low,13.91,12,35,9.73,9,Moderate Delay,43.74
TRIP200109,Rainy,Express,Severe,13.68,14,21,8.09,9,Severe Delay,100.38
TRIP209706,Windy,Express,Moderate,9.78,7,,8.55,5,On Time,37.48
TRIP209747,Windy,Standard,High,10.14,11,27,2.77,10,Moderate Delay,64.34
TRIP204109,Windy,Standard,High,4.10,3,30,4.41,11,On Time,18.22
TRIP202504,Rainy,Mini Bus,Moderate,13.55,18,3,3.26,13,Moderate Delay,69.21
TRIP205120,Rainy,Express,High,6.29,3,29,13.70,12,Moderate Delay,36.47
TRIP203077,Windy,Express,Severe,12.85,16,36,5.47,18,Severe Delay,87.04
TRIP200817,Rainy,Mini Bus,High,8.09,7,10,6.44,21,Severe Delay,59.76
TRIP203092,Clear,Standard,Moderate,4.79,3,44,5.49,16,Moderate Delay,27.15
TRIP203871,Windy,Express,High,30.09,34,20,3.94,21,Severe Delay,180.00
TRIP207343,Windy,Standard,High,8.30,6,33,2.28,19,Moderate Delay,61.23
TRIP207497,Clear,Mini Bus,High,12.43,12,39,15.29,18,Severe Delay,78.34
TRIP206976,Clear,Express,Low,10.76,14,19,5.39,10,On Time,29.77
TRIP204545,Clear,Express,Low,7.18,10,33,7.46,16,On Time,26.78
TRIP209147,Clear,Mini Bus,High,8.69,14,15,6.42,10,On Time,50.45
TRIP201380,Rainy,Standard,High,12.88,14,57,4.49,18,Severe Delay,91.45
TRIP207684,Clear,Standard,High,13.09,15,35,3.93,16,Severe Delay,82.15
TRIP201787,Rainy,Standard,Moderate,29.00,32,46,5.58,16,Severe Delay,179.96
TRIP207185,Clear,Mini Bus,Moderate,11.96,15,18,3.87,14,On Time,57.90
TRIP205403,Rainy,Standard,High,11.98,13,46,1.19,13,Severe Delay,81.37
TRIP207104,Rainy,Mini Bus,Low,14.50,17,23,6.44,21,Moderate Delay,70.10
TRIP201893,Clear,Standard,High,5.37,6,36,7.72,22,On Time,45.17
TRIP202586,Clear,Standard,Moderate,4.61,4,32,11.89,21,On Time,19.66
TRIP201022,Clear,Standard,High,15.06,18,27,6.90,15,Moderate Delay,87.02
TRIP203031,Clear,Standard,Severe,14.39,16,59,4.23,8,Severe Delay,108.64
TRIP203709,Clear,Standard,Severe,4.99,5,40,4.08,5,On Time,31.22
TRIP202594,Clear,Standard,Moderate,6.85,7,40,5.54,23,On Time,25.18
TRIP206298,Rainy,Standard,Moderate,10.58,10,35,5.78,6,Moderate Delay,50.53
TRIP208162,Rainy,Standard,High,31.18,33,25,6.66,5,Severe Delay,180.00
TRIP200825,Clear,Mini Bus,Moderate,14.99,19,19,3.81,14,Moderate Delay,72.29
TRIP206701,Foggy,Standard,Severe,10.09,13,56,3.03,16,Severe Delay,99.10
TRIP202475,Rainy,Express,High,5.84,9,22,5.70,7,Severe Delay,43.71
TRIP207611,Rainy,Standard,High,17.80,15,35,1.42,19,Severe Delay,120.30
TRIP208513,Clear,Standard,Severe,6.16,5,42,6.41,21,Moderate Delay,44.39
TRIP205172,Clear,Standard,Moderate,10.98,10,47,12.56,19,Moderate Delay,49.51
TRIP200615,Clear,Express,High,4.19,4,32,8.68,7,Moderate Delay,12.00
TRIP202746,Clear,Mini Bus,Moderate,6.75,12,32,,9,Moderate Delay,48.61
TRIP205733,Foggy,Standard,Moderate,18.85,23,24,4.17,5,Moderate Delay,101.56
TRIP208785,,Express,High,4.44,3,22,15.99,20,On Time,12.62
TRIP200891,Foggy,Express,Moderate,7.50,6,16,3.17,13,On Time,30.60
TRIP204001,Clear,Standard,High,17.43,18,32,15.21,12,Severe Delay,111.14
TRIP201311,Clear,Standard,High,15.20,18,41,2.81,8,Severe Delay,96.66
TRIP203739,Clear,Standard,Moderate,10.94,14,25,7.04,18,Moderate Delay,55.51
TRIP208756,Clear,Standard,High,18.61,21,53,6.00,6,Severe Delay,103.67
TRIP206162,Rainy,Standard,Severe,6.27,9,44,4.41,16,Severe Delay,71.53
TRIP209082,Windy,Express,Moderate,5.03,5,7,5.84,11,On Time,12.00
TRIP206768,Rainy,Standard,High,8.51,8,12,5.12,15,Severe Delay,62.06
TRIP208554,Windy,Standard,High,7.68,12,46,9.27,8,Severe Delay,60.96
TRIP207543,Clear,Mini Bus,High,12.79,15,24,1.27,19,Severe Delay,84.77
TRIP204475,Clear,Express,Severe,20.74,21,31,5.12,7,Severe Delay,151.83
TRIP204667,Windy,Express,Low,9.20,10,31,0.67,17,On Time,32.89
TRIP208916,Clear,Standard,High,24.83,27,19,6.11,23,Severe Delay,165.41
TRIP209157,Clear,Standard,High,3.86,3,48,1.82,18,Severe Delay,42.07
TRIP200957,Rainy,Mini Bus,Low,8.10,8,8,18.00,23,On Time,41.78
TRIP207216,Clear,Standard,High,11.70,14,22,,20,Moderate Delay,70.14
TRIP200812,Windy,Express,Moderate,12.23,14,18,7.32,11,On Time,53.69
TRIP201646,Clear,Express,Low,4.60,3,10,7.46,14,On Time,16.24
TRIP207596,Windy,Standard,Severe,10.09,9,43,2.12,13,Severe Delay,75.73
TRIP205897,Clear,Mini Bus,High,7.25,4,34,14.30,11,Moderate Delay,42.58
TRIP204901,Rainy,Standard,Moderate,14.34,12,39,1.81,14,Severe Delay,70.91
TRIP209466,Clear,Standard,High,4.50,3,23,4.85,23,On Time,26.02
TRIP201019,Clear,Express,Moderate,4.97,6,31,6.74,18,On Time,23.17
TRIP200049,Windy,Standard,Moderate,4.24,3,53,1.59,19,Severe Delay,24.13
TRIP202952,Clear,Mini Bus,Moderate,5.70,5,10,18.00,12,On Time,17.81
TRIP203192,Clear,Express,High,3.91,3,16,7.64,14,On Time,21.31
TRIP206822,Clear,Express,High,2.00,3,39,4.93,5,On Time,12.00
TRIP206574,Clear,Mini Bus,Severe,12.86,16,35,2.82,7,Severe Delay,100.38
TRIP209405,Clear,Standard,Moderate,12.69,17,45,4.42,14,Moderate Delay,73.36
TRIP207388,Rainy,Mini Bus,Moderate,20.29,23,4,6.28,21,Moderate Delay,105.71
TRIP209043,Rainy,Standard,Low,15.53,13,24,2.21,12,Moderate Delay,71.71
TRIP206193,Clear,Standard,High,8.64,13,29,7.07,14,Moderate Delay,57.41
TRIP206061,Foggy,Standard,Moderate,7.15,5,28,7.44,6,On Time,38.40
TRIP202824,Clear,Express,High,11.29,10,33,10.35,8,Moderate Delay,69.16
TRIP205960,Rainy,Mini Bus,Moderate,22.48,27,17,8.94,13,Moderate Delay,117.19
TRIP209130,Rainy,Standard,Moderate,4.64,5,21,15.32,22,On Time,34.69
TRIP209512,Rainy,Standard,High,8.31,9,40,6.11,13,Severe Delay,52.34
TRIP206917,Clear,Express,Moderate,12.56,15,20,1.26,22,On Time,58.36
TRIP209342,Clear,Standard,Moderate,5.03,4,57,2.31,7,Severe Delay,33.72
TRIP205283,Clear,Mini Bus,High,7.75,7,29,4.49,14,Moderate Delay,40.95
TRIP203374,Clear,Standard,Moderate,20.10,29,59,6.08,8,Severe Delay,121.93
TRIP206355,Foggy,Mini Bus,Moderate,5.50,3,23,6.55,7,Moderate Delay,40.34
TRIP205684,Clear,Standard,Moderate,16.43,18,35,14.78,6,Moderate Delay,76.68
TRIP208022,Windy,Mini Bus,High,5.12,9,3,16.87,15,Moderate Delay,49.89
TRIP204544,Clear,Mini Bus,High,16.39,15,17,,23,Moderate Delay,99.50
TRIP200191,Rainy,Express,Moderate,16.70,17,29,12.77,22,On Time,69.43
TRIP206203,Clear,Standard,Moderate,29.78,30,52,6.05,16,Severe Delay,180.00
TRIP207572,Clear,Express,High,14.91,17,27,4.42,12,Severe Delay,72.60
TRIP202682,Rainy,Standard,Severe,3.52,5,42,3.74,16,Severe Delay,63.43
TRIP207337,Clear,Standard,High,7.38,5,,10.51,18,Moderate Delay,54.25
TRIP202048,Clear,Standard,Severe,9.34,9,44,4.79,16,Severe Delay,63.10
TRIP204125,Windy,Standard,Moderate,11.96,14,,4.85,23,On Time,58.62
TRIP206988,Clear,Standard,Moderate,9.28,10,37,2.98,6,Moderate Delay,34.86
TRIP209397,Foggy,Standard,Moderate,9.38,13,44,16.52,17,Moderate Delay,55.33
TRIP205952,Clear,Mini Bus,Low,12.65,15,5,4.27,7,Moderate Delay,52.79
TRIP206865,Foggy,Standard,High,12.46,13,58,1.69,18,Severe Delay,86.94
TRIP206446,Clear,Express,High,7.93,9,27,12.81,22,On Time,36.68
TRIP200352,Windy,Mini Bus,Moderate,7.93,8,3,5.47,23,On Time,38.65
TRIP201403,Rainy,Standard,High,10.29,10,45,4.10,8,Severe Delay,81.68
TRIP203420,Clear,Standard,Severe,18.43,24,31,4.50,5,Severe Delay,139.36
TRIP205237,Clear,Standard,High,14.85,13,40,6.94,15,Moderate Delay,97.35
TRIP200637,Clear,Mini Bus,Low,7.83,5,23,4.81,19,On Time,29.93
TRIP200010,Windy,Mini Bus,High,6.61,13,21,8.44,15,Moderate Delay,46.90
TRIP208013,Clear,Standard,High,13.44,13,26,6.77,11,Moderate Delay,81.58
TRIP204295,Rainy,Standard,Moderate,11.42,12,40,5.72,8,Moderate Delay,70.38
TRIP200913,Clear,Standard,Low,11.23,9,29,8.99,12,On Time,39.16
TRIP203580,Clear,Standard,High,12.22,11,39,5.97,18,Severe Delay,80.79
TRIP205977,Clear,Standard,High,14.68,17,54,12.58,9,Severe Delay,94.19
TRIP203355,Rainy,Express,Moderate,5.22,6,22,8.05,6,On Time,22.34
TRIP204482,Clear,Express,Moderate,7.01,9,17,11.81,15,On Time,28.71
TRIP201679,Clear,Standard,High,5.77,4,37,7.67,13,On Time,28.30
TRIP203345,Clear,Standard,High,5.98,6,24,3.44,10,On Time,28.75
TRIP201591,Clear,Express,Severe,27.20,31,37,4.65,19,Severe Delay,180.00
TRIP204389,Rainy,Express,Moderate,17.11,22,18,3.23,19,Severe Delay,83.06
TRIP202218,Clear,Standard,Low,6.45,9,25,5.46,10,On Time,28.01
TRIP200250,Clear,Express,Low,16.90,17,17,7.82,13,On Time,60.30
TRIP202731,,Express,Moderate,9.02,10,21,8.03,15,On Time,22.95
TRIP207789,Clear,Standard,High,9.68,9,16,17.63,12,On Time,51.32
TRIP205567,Foggy,Standard,Moderate,16.55,20,24,10.58,22,On Time,80.00
TRIP202417,Clear,Standard,Moderate,7.80,12,46,9.20,23,On Time,47.88
TRIP201570,Clear,Standard,Moderate,10.41,11,28,3.67,20,On Time,37.32
TRIP201366,Foggy,Mini Bus,Moderate,17.68,18,24,1.53,8,Severe Delay,106.54
TRIP201902,,Express,High,13.55,15,24,4.50,22,On Time,84.19
TRIP202381,Clear,Standard,Moderate,10.91,9,53,6.60,9,Moderate Delay,51.55
TRIP204727,Windy,Mini Bus,High,9.97,12,17,6.61,14,Moderate Delay,60.05
TRIP204132,Clear,Mini Bus,Moderate,4.48,3,20,5.23,9,Moderate Delay,27.35
TRIP203186,Rainy,Mini Bus,Severe,5.10,3,14,0.20,20,Severe Delay,53.91
TRIP205345,Windy,Standard,Moderate,8.63,8,35,14.53,8,Moderate Delay,42.95
TRIP203646,Rainy,Express,Severe,10.05,6,28,3.48,15,Severe Delay,63.77
TRIP206238,Foggy,Standard,Low,9.41,11,37,9.01,6,Moderate Delay,49.73
TRIP201106,Clear,Standard,Moderate,9.97,12,33,3.07,6,On Time,40.87
TRIP203341,Clear,Mini Bus,Severe,,13,7,1.55,20,Moderate Delay,101.72
TRIP207889,Clear,Standard,High,12.81,10,19,1.34,6,Moderate Delay,74.70
TRIP205262,Rainy,Express,High,10.68,13,33,5.40,6,Severe Delay,72.81
TRIP200939,Clear,Mini Bus,Moderate,7.32,12,23,4.96,18,Moderate Delay,47.91
TRIP203095,Clear,Standard,Severe,18.38,20,40,4.50,17,Severe Delay,146.34
TRIP207827,Clear,Standard,High,7.60,9,,6.76,7,Moderate Delay,53.50
TRIP208247,Clear,Mini Bus,Low,15.46,13,20,6.66,13,On Time,63.65
TRIP209686,Windy,Mini Bus,Moderate,6.13,6,21,3.83,16,Moderate Delay,43.53
TRIP201191,,Standard,Severe,10.99,11,39,18.00,18,Severe Delay,93.36
TRIP201178,Clear,Standard,Low,30.43,32,33,5.46,21,Moderate Delay,161.58
TRIP207166,Clear,Standard,Moderate,13.59,15,25,1.87,5,Severe Delay,63.75
TRIP205240,Clear,Standard,Low,19.90,27,31,7.48,10,Moderate Delay,93.35
TRIP202421,Clear,Mini Bus,Low,11.98,10,7,18.00,14,On Time,44.78
TRIP204591,Clear,Standard,Low,22.09,24,25,15.24,5,On Time,107.12
TRIP204117,Clear,Mini Bus,Severe,17.13,17,16,18.00,14,Severe Delay,124.18
TRIP202970,Windy,Standard,Severe,17.65,20,57,13.94,18,Severe Delay,142.78
TRIP206621,Clear,Mini Bus,Severe,5.63,4,23,18.00,9,Severe Delay,38.92
TRIP208824,Clear,Standard,High,12.20,12,,3.48,15,On Time,72.53
TRIP204619,Rainy,Standard,Moderate,10.32,11,21,3.76,14,On Time,48.18
TRIP201286,Clear,Express,Low,3.71,3,34,12.43,22,On Time,12.00
TRIP202466,Windy,Standard,Moderate,7.94,12,48,1.27,19,Severe Delay,44.59
TRIP206929,Rainy,Mini Bus,Severe,6.44,7,4,2.59,15,Severe Delay,66.47
TRIP206329,Rainy,,High,23.49,27,36,4.47,7,Severe Delay,173.98
TRIP205316,Clear,Standard,Severe,10.34,10,46,,16,Severe Delay,72.28
TRIP203335,Windy,Standard,High,7.24,6,47,5.52,17,Moderate Delay,51.20
TRIP203113,Clear,Standard,Moderate,15.11,13,50,3.57,8,Severe Delay,74.99
TRIP201089,Windy,Express,Moderate,10.58,11,7,2.30,10,On Time,38.63
TRIP205086,Clear,Standard,High,18.05,21,47,1.67,9,Severe Delay,108.06
TRIP202210,Rainy,Standard,Moderate,17.38,19,49,12.97,16,Severe Delay,100.75
TRIP207701,Clear,Standard,High,5.11,3,29,6.49,10,On Time,25.41
TRIP206808,Clear,Express,Moderate,3.37,5,29,2.08,23,On Time,12.00
TRIP201807,Clear,Standard,High,11.72,8,21,5.95,20,Moderate Delay,60.18
TRIP204797,Rainy,Standard,Moderate,3.32,4,28,2.63,11,Moderate Delay,27.34
TRIP203390,Clear,Standard,High,4.98,8,31,7.78,20,On Time,33.03
TRIP205112,Rainy,Standard,Moderate,4.22,3,44,1.25,8,Moderate Delay,35.29
TRIP200639,Clear,Express,Moderate,6.21,8,37,11.56,14,On Time,22.58
TRIP208274,Clear,Express,Low,13.86,13,40,11.20,17,On Time,49.94
TRIP208842,Clear,Standard,Moderate,4.20,4,31,7.87,15,On Time,23.15
TRIP206452,Foggy,Standard,Severe,6.70,6,22,5.08,19,Severe Delay,51.88
TRIP202965,Clear,Standard,Moderate,21.10,21,49,1.45,17,Severe Delay,115.28
TRIP202087,Clear,Mini Bus,Severe,6.92,4,22,2.90,23,Severe Delay,52.20
TRIP207682,Clear,Standard,Moderate,8.99,8,45,6.25,20,On Time,44.01
TRIP204118,Clear,Standard,High,18.02,20,34,2.44,8,Severe Delay,115.37
TRIP205932,Clear,Standard,Moderate,11.83,13,23,12.63,21,On Time,57.39
TRIP209174,Rainy,Mini Bus,Low,7.76,9,24,10.59,10,On Time,38.90
TRIP206983,Windy,Standard,Severe,17.51,16,42,5.93,19,Severe Delay,132.34
TRIP200249,Clear,Mini Bus,Severe,17.43,18,17,0.99,16,Severe Delay,144.92
TRIP208412,Clear,Standard,Severe,26.45,24,40,6.34,12,Severe Delay,180.00
TRIP208720,Foggy,Mini Bus,Moderate,21.40,22,25,4.74,15,Moderate Delay,114.63
TRIP205130,Foggy,Standard,Moderate,20.90,19,52,2.79,17,Severe Delay,115.31
TRIP205488,Rainy,Express,Severe,2.95,3,17,9.43,23,Moderate Delay,40.78
TRIP201472,Foggy,Express,Moderate,4.41,8,14,3.57,13,On Time,22.11
TRIP204950,Windy,Express,Moderate,4.31,6,19,2.05,14,On Time,21.50
TRIP203988,Clear,Standard,Low,7.13,5,44,4.03,7,Moderate Delay,36.35
TRIP207456,Rainy,Mini Bus,High,20.41,25,21,4.03,19,Severe Delay,145.06
TRIP203072,Clear,Express,Low,15.47,16,30,2.41,18,Severe Delay,57.78
TRIP208390,Clear,Standard,High,5.67,6,47,5.55,9,Severe Delay,33.34
TRIP203221,Clear,Standard,Moderate,6.14,7,49,6.03,19,Moderate Delay,33.40
TRIP202706,Rainy,Standard,Moderate,3.12,3,35,18.00,21,On Time,21.02
TRIP207249,Clear,Mini Bus,Moderate,12.15,13,23,3.96,6,On Time,68.85
TRIP208259,Clear,Mini Bus,High,11.24,9,23,3.08,7,Severe Delay,68.21
TRIP203053,Foggy,Express,Severe,5.76,3,19,10.07,8,Severe Delay,42.73
TRIP209244,Rainy,Standard,Moderate,3.97,3,54,1.94,9,Severe Delay,44.70
TRIP208421,,Mini Bus,High,5.22,5,28,7.87,8,Severe Delay,34.35
TRIP206190,Clear,Standard,High,16.28,17,48,9.00,8,Severe Delay,93.68
TRIP206200,Rainy,Standard,High,28.78,28,31,5.11,13,Severe Delay,180.00
TRIP201989,Clear,Standard,High,6.74,6,15,4.96,13,On Time,50.13
TRIP206580,Clear,Standard,Low,7.13,6,39,1.26,22,On Time,29.15
TRIP203668,Windy,Standard,Low,7.73,7,28,9.54,17,Moderate Delay,33.33
TRIP206543,Windy,Standard,Moderate,13.17,14,41,1.84,5,Moderate Delay,67.96
TRIP202082,Foggy,Standard,Moderate,13.04,16,57,2.37,19,Severe Delay,85.99
TRIP209759,Windy,Standard,High,24.97,27,35,9.82,15,Severe Delay,170.81
TRIP202834,Clear,Express,Severe,17.22,19,24,1.69,14,Severe Delay,125.52
TRIP200423,Windy,Standard,High,5.31,9,25,7.77,15,Moderate Delay,37.04
TRIP208347,Rainy,Standard,Moderate,5.54,8,35,4.10,16,Moderate Delay,44.76
TRIP202993,Clear,Mini Bus,High,5.25,6,39,9.38,17,Severe Delay,35.02
TRIP206516,Windy,Express,Low,13.95,13,17,3.01,5,On Time,54.59
TRIP207214,Rainy,Standard,High,6.38,7,,18.00,18,Severe Delay,56.80
TRIP208272,Windy,Standard,Low,6.34,8,31,8.29,11,On Time,23.17
TRIP203087,Clear,Standard,Moderate,7.53,12,24,2.90,22,Moderate Delay,37.74
TRIP208134,Windy,Standard,High,6.61,5,33,15.65,19,Moderate Delay,52.55
TRIP202777,Clear,Express,High,9.77,11,23,4.68,15,On Time,46.90
TRIP209085,Windy,Standard,Low,12.59,12,21,2.90,13,On Time,47.39
TRIP206418,Foggy,,Moderate,4.88,3,26,,13,On Time,33.13
TRIP200959,Windy,Express,Severe,8.84,9,3,8.55,5,Moderate Delay,46.28
TRIP205748,Foggy,Standard,Moderate,15.93,18,12,,5,Moderate Delay,92.29
TRIP206003,Clear,Standard,Moderate,6.24,6,50,15.01,7,Moderate Delay,31.40
TRIP204124,Rainy,Express,Severe,11.99,13,12,3.79,6,Severe Delay,90.45
TRIP203561,Windy,Mini Bus,Moderate,22.02,24,17,5.42,21,Severe Delay,119.53
TRIP204651,Clear,Standard,Moderate,9.32,12,34,1.54,10,On Time,37.31
TRIP208850,Windy,Express,High,4.66,4,23,4.76,16,Moderate Delay,32.86
TRIP208632,Clear,Standard,High,3.03,3,27,4.16,10,On Time,12.00
TRIP206601,Clear,Express,Severe,8.06,4,9,6.42,5,On Time,33.81
TRIP208087,Rainy,Express,Low,8.18,7,29,6.96,18,Moderate Delay,35.59
TRIP201443,Rainy,Express,Moderate,10.03,11,4,6.93,5,On Time,26.97
TRIP209265,Clear,Standard,Moderate,6.08,4,28,5.82,21,On Time,21.49
TRIP208716,Clear,Standard,Low,9.05,9,43,7.00,11,On Time,31.95
TRIP205643,Rainy,Mini Bus,Low,6.31,4,16,4.60,10,On Time,25.54
TRIP204474,Clear,Standard,Severe,12.85,14,41,9.69,17,Severe Delay,96.06
TRIP208015,Clear,Mini Bus,Low,10.93,13,12,3.10,11,On Time,47.76
TRIP203840,Rainy,Express,High,7.29,12,27,3.20,7,Severe Delay,63.43
TRIP208231,Rainy,Standard,Moderate,5.53,7,38,3.26,22,On Time,38.43
TRIP203853,Clear,Standard,Low,17.61,15,45,7.12,10,On Time,73.73
TRIP202482,Clear,Standard,High,14.53,17,26,7.43,23,Moderate Delay,83.03
TRIP209781,Windy,Mini Bus,Moderate,5.10,9,41,2.50,5,Moderate Delay,35.66
TRIP202690,Foggy,Express,Moderate,9.10,8,27,1.80,9,Severe Delay,49.29
TRIP200093,Foggy,Express,High,5.13,8,29,7.18,18,Severe Delay,38.24
TRIP205442,Clear,Mini Bus,High,7.91,13,21,5.24,8,Severe Delay,53.91
TRIP208647,Windy,,High,,17,48,9.29,14,Moderate Delay,85.12
TRIP209296,Clear,Mini Bus,Moderate,9.87,11,10,7.07,15,On Time,45.71
TRIP205721,Rainy,Mini Bus,Moderate,14.78,14,19,2.81,13,Moderate Delay,78.05
TRIP204157,Rainy,Standard,High,7.78,7,33,3.00,15,Moderate Delay,45.57
TRIP205846,Clear,Standard,Severe,14.90,12,43,10.34,7,Severe Delay,109.83
TRIP200770,Clear,Standard,Severe,10.79,9,33,4.77,19,Severe Delay,80.42
TRIP207200,Rainy,Standard,Moderate,15.36,16,36,3.67,15,Severe Delay,82.31
TRIP205971,Clear,Mini Bus,Severe,4.49,9,,1.43,16,Severe Delay,54.03
TRIP207262,Clear,Express,Moderate,2.95,3,13,7.44,5,On Time,13.11
TRIP207151,,Standard,Severe,21.55,27,22,4.81,14,Severe Delay,163.06
TRIP207721,Windy,Standard,Severe,3.72,5,25,4.14,20,Moderate Delay,39.48
TRIP206654,Clear,Standard,Moderate,4.02,3,32,5.96,22,On Time,28.07
TRIP203141,Rainy,,High,12.54,13,,8.30,9,Severe Delay,86.86
TRIP205813,Clear,Standard,High,4.56,7,38,6.37,19,Severe Delay,39.39
TRIP205435,Windy,Mini Bus,High,9.54,12,5,4.50,14,Severe Delay,59.38
TRIP204625,Windy,Standard,Moderate,16.52,16,34,,22,Moderate Delay,79.62
TRIP204263,Windy,Standard,Moderate,7.11,7,33,3.82,12,On Time,32.53
TRIP201873,Clear,Express,Moderate,10.48,12,5,15.10,5,On Time,34.28
TRIP207980,Windy,Standard,High,7.59,10,36,6.24,21,Moderate Delay,49.35
TRIP205957,Clear,Standard,Moderate,4.10,8,33,6.43,6,On Time,24.21
TRIP201736,Clear,Standard,Severe,4.45,3,55,4.20,18,Severe Delay,40.22
TRIP203151,Clear,Express,Low,8.74,9,46,3.65,19,Moderate Delay,34.98
TRIP205043,Clear,Express,Low,6.58,9,47,18.00,19,On Time,12.73
TRIP202510,Clear,Standard,Severe,,10,31,5.48,11,Moderate Delay,72.80
TRIP208196,Clear,Standard,High,6.60,11,39,12.31,10,On Time,47.70
TRIP207605,Windy,Mini Bus,Severe,7.98,10,31,2.22,23,Severe Delay,63.23
TRIP205459,Rainy,Standard,Low,6.54,6,41,3.77,14,On Time,29.80
TRIP204597,Foggy,Express,Moderate,11.63,11,20,17.64,5,On Time,48.04
TRIP204026,Rainy,Mini Bus,Moderate,7.33,3,30,3.43,10,Moderate Delay,41.50
TRIP207903,,Standard,Moderate,12.91,10,34,1.56,12,On Time,55.98
TRIP207115,Windy,Mini Bus,Moderate,18.11,19,16,6.52,16,Severe Delay,101.20
TRIP205059,Rainy,Standard,Severe,7.57,8,35,2.37,11,Severe Delay,69.39
TRIP201657,Clear,Standard,Low,17.07,16,38,3.60,7,Moderate Delay,84.34
TRIP203731,Clear,Mini Bus,High,7.40,4,13,3.23,15,On Time,38.50
TRIP202377,Rainy,Standard,Low,2.29,7,41,1.04,12,On Time,35.29
TRIP203460,Clear,Standard,Severe,12.96,10,34,12.32,11,Moderate Delay,88.34
TRIP209672,,Standard,Moderate,11.16,9,28,2.60,5,Moderate Delay,62.48
TRIP208466,Windy,Standard,Severe,11.62,13,21,17.86,6,Moderate Delay,83.59
TRIP206034,Clear,Express,High,15.87,17,19,3.01,22,Moderate Delay,71.15
TRIP207192,Clear,Standard,Moderate,8.63,9,,5.46,23,Moderate Delay,39.88
TRIP206528,Windy,Standard,Moderate,12.70,13,43,3.87,7,Moderate Delay,67.87
TRIP208372,Foggy,Standard,High,6.22,5,39,9.64,19,Severe Delay,51.53
TRIP201238,Clear,Mini Bus,High,7.48,5,44,13.08,13,Moderate Delay,40.57
TRIP204998,Windy,Standard,Moderate,9.12,7,37,7.37,11,On Time,36.43
TRIP200359,Windy,Mini Bus,Moderate,20.74,23,27,18.00,19,Severe Delay,118.52
TRIP202956,,Standard,High,9.50,9,27,3.59,19,Moderate Delay,66.22
TRIP207807,Foggy,Express,High,12.30,15,22,4.83,22,Moderate Delay,70.25
TRIP200990,Foggy,Standard,Moderate,16.41,17,37,4.75,15,Moderate Delay,93.83
TRIP201580,Clear,Standard,Moderate,4.47,3,21,5.17,5,On Time,21.65
TRIP204520,Windy,,Low,5.96,6,36,7.69,10,On Time,33.51
TRIP200547,Clear,Standard,High,6.90,7,26,7.83,11,On Time,49.26
TRIP200257,Windy,Standard,High,13.27,12,34,10.55,13,On Time,84.12
TRIP209370,Clear,Standard,Low,6.68,7,43,,7,Moderate Delay,41.77
TRIP204954,Foggy,Standard,Moderate,11.31,15,32,4.51,6,Moderate Delay,57.40
TRIP203242,Clear,Standard,Low,15.98,17,35,9.59,5,On Time,69.22
TRIP204749,Clear,Standard,Moderate,10.47,12,30,2.97,21,On Time,48.39
TRIP200730,Clear,Standard,Moderate,8.75,9,44,3.28,16,Moderate Delay,44.55
TRIP206776,Clear,Express,Moderate,6.93,9,30,12.15,22,On Time,24.76
TRIP207555,Windy,Mini Bus,Severe,15.54,17,18,2.25,15,Severe Delay,123.72
TRIP201193,Clear,Mini Bus,Low,12.62,11,5,7.09,23,On Time,48.20
TRIP201955,Clear,Standard,High,7.97,8,37,5.87,9,Moderate Delay,54.44
TRIP207806,Foggy,Standard,High,10.06,11,15,11.85,14,Moderate Delay,65.47
TRIP201043,Windy,Standard,Severe,10.12,9,29,5.11,21,Moderate Delay,80.42
TRIP207324,Windy,Mini Bus,High,7.67,10,19,9.33,13,Moderate Delay,55.40
TRIP200625,Clear,Mini Bus,Low,8.99,6,3,3.99,14,On Time,31.85
TRIP209398,Clear,Standard,High,9.43,10,26,5.21,13,Moderate Delay,42.49
TRIP200622,Rainy,Standard,Low,5.25,8,48,0.87,23,On Time,36.27
TRIP203498,Clear,Standard,Low,9.11,7,32,7.44,21,On Time,28.42
TRIP203296,Rainy,Mini Bus,High,13.28,17,29,2.63,7,Severe Delay,106.42
TRIP207265,Rainy,Standard,Moderate,2.74,8,35,2.83,13,Moderate Delay,31.06
TRIP207296,Clear,Mini Bus,High,11.13,14,31,1.40,22,Moderate Delay,75.96
TRIP208901,Clear,Express,High,8.31,6,30,2.50,7,Severe Delay,36.42
TRIP202704,Clear,Standard,Moderate,11.36,13,32,12.94,9,Severe Delay,56.06
TRIP200699,Clear,Standard,Low,4.50,5,35,4.67,8,On Time,31.57
TRIP201175,Clear,Standard,Low,16.37,16,48,0.68,19,Severe Delay,85.35
TRIP207052,Clear,Express,High,11.85,13,,6.91,13,On Time,46.26
TRIP208203,Windy,Express,Moderate,4.59,5,29,2.95,6,On Time,20.65
TRIP200351,Clear,Standard,Moderate,10.21,13,33,8.69,13,On Time,48.15
TRIP206201,Clear,Mini Bus,Low,11.73,11,28,13.87,18,Moderate Delay,46.19
TRIP202041,Clear,Mini Bus,Severe,7.84,8,31,,9,Severe Delay,72.34
TRIP209799,Clear,Express,Moderate,7.17,10,14,6.92,13,On Time,37.89
TRIP200700,Foggy,Mini Bus,Moderate,10.93,12,32,1.09,16,Severe Delay,76.48
TRIP205437,Foggy,Mini Bus,High,13.35,16,31,8.69,10,Severe Delay,81.27
TRIP207778,Rainy,Standard,Moderate,11.88,14,27,10.21,15,On Time,62.45
TRIP205523,Windy,Standard,High,13.78,16,48,2.57,16,Severe Delay,90.29
TRIP207798,Clear,Standard,High,7.73,10,32,3.54,12,On Time,48.57
TRIP205709,Windy,,Moderate,5.68,5,44,4.92,8,Moderate Delay,40.74
TRIP209508,Clear,Standard,Moderate,19.22,19,35,7.88,9,Severe Delay,115.54
TRIP207130,Windy,Standard,Low,8.06,8,,8.07,17,Moderate Delay,43.26
TRIP208614,Rainy,Mini Bus,Low,8.38,6,18,1.47,12,Moderate Delay,28.95
TRIP207004,Clear,Mini Bus,Low,19.08,20,44,11.92,18,Moderate Delay,88.46
TRIP207190,Clear,Mini Bus,High,19.40,21,10,7.44,22,Severe Delay,120.07
TRIP207837,Rainy,Mini Bus,Moderate,6.15,7,27,12.00,20,On Time,32.99
TRIP201515,Clear,Standard,Severe,7.40,12,43,6.48,12,Moderate Delay,55.63
TRIP204560,Clear,Standard,High,9.10,6,33,1.38,6,Moderate Delay,52.99
TRIP205399,Rainy,Standard,High,25.52,28,27,9.29,22,Severe Delay,170.39
TRIP207591,Clear,Standard,Moderate,8.11,11,57,4.30,18,Severe Delay,50.59
TRIP202270,Clear,Standard,High,12.57,12,47,10.51,17,Severe Delay,83.23
TRIP208244,Foggy,Mini Bus,High,11.47,16,18,7.53,22,Moderate Delay,75.02
TRIP203774,Windy,Express,Moderate,6.41,8,29,3.13,22,On Time,34.04
TRIP200442,Rainy,Standard,Moderate,6.26,8,22,4.30,11,On Time,38.43
TRIP203558,Clear,Standard,Moderate,9.24,9,46,2.42,16,Severe Delay,50.52
TRIP206924,Clear,Standard,High,3.09,6,29,8.67,5,On Time,29.83
TRIP204009,,Standard,High,6.23,7,44,2.92,17,Severe Delay,46.50
TRIP207904,Rainy,Standard,High,9.13,6,36,10.80,17,Severe Delay,66.90
TRIP200054,Clear,Standard,Moderate,,6,45,4.54,11,On Time,26.77
TRIP200823,Clear,Express,High,3.70,3,15,3.31,5,Moderate Delay,16.00
TRIP202766,Rainy,Standard,High,9.17,10,32,8.54,10,Moderate Delay,60.58
TRIP203993,Clear,Standard,Severe,11.02,11,24,7.86,21,Moderate Delay,77.66
TRIP204636,Clear,Standard,Severe,2.94,3,51,2.51,16,Severe Delay,35.28
TRIP206659,Clear,Mini Bus,High,9.65,12,29,1.62,8,Severe Delay,61.05
TRIP208597,Clear,Standard,Low,10.24,10,56,3.26,23,Moderate Delay,38.06
TRIP200159,Rainy,Mini Bus,Moderate,12.09,11,19,4.36,20,On Time,56.87
TRIP209377,Windy,Mini Bus,Low,4.60,7,14,3.93,11,On Time,35.15
TRIP208380,Rainy,Express,High,3.53,6,25,4.54,9,Severe Delay,35.50
TRIP200030,Foggy,Express,High,5.63,4,26,5.88,22,Moderate Delay,24.63
TRIP201107,Windy,Express,High,6.15,10,37,5.94,6,On Time,35.47
TRIP206398,Windy,Standard,High,7.97,8,38,1.74,9,Severe Delay,51.34
TRIP201281,Clear,Standard,Moderate,13.88,13,29,9.61,5,Moderate Delay,73.29
TRIP207754,Rainy,Standard,Moderate,5.80,7,28,1.70,13,Moderate Delay,27.46
TRIP207755,Foggy,Standard,High,5.39,7,55,2.88,19,Severe Delay,39.20
TRIP202819,Clear,Mini Bus,Moderate,19.35,21,26,7.71,12,Moderate Delay,104.51
TRIP209424,Clear,Standard,Moderate,13.04,14,57,3.65,17,Severe Delay,78.00
TRIP206980,Clear,Mini Bus,Moderate,16.24,15,19,12.29,14,On Time,74.25
TRIP206961,Clear,Standard,Moderate,12.27,14,48,9.11,7,Moderate Delay,75.80
TRIP205400,Clear,Express,Moderate,25.69,28,12,3.67,12,Moderate Delay,125.12
TRIP204374,Foggy,Express,Moderate,21.64,21,26,3.61,12,Moderate Delay,94.73
TRIP205447,Clear,Standard,Low,10.59,8,22,3.28,15,On Time,34.79
TRIP201081,Clear,Express,Moderate,9.47,8,7,0.49,23,On Time,29.08
TRIP202424,Clear,Express,High,10.29,13,42,14.31,17,Moderate Delay,64.40
TRIP204698,Clear,Standard,Moderate,10.24,10,37,4.49,11,On Time,51.57
TRIP202070,Clear,Standard,Moderate,10.44,13,40,6.07,20,On Time,50.44
TRIP204859,Clear,Standard,High,24.61,27,27,6.35,11,Severe Delay,159.79
TRIP209132,Clear,Standard,Moderate,2.59,3,44,3.19,17,On Time,32.48
TRIP202667,Rainy,Standard,High,7.97,7,40,8.88,17,Severe Delay,61.78
TRIP207187,Foggy,Mini Bus,High,12.21,10,22,9.52,12,Severe Delay,84.12
TRIP200282,Clear,Express,Moderate,12.65,10,24,7.48,11,On Time,40.24
TRIP203189,Windy,Mini Bus,Severe,20.88,19,13,4.81,14,Severe Delay,163.79
TRIP202898,Clear,Mini Bus,High,7.02,10,44,2.27,19,Severe Delay,50.33
TRIP209138,Clear,Standard,High,9.57,12,44,1.61,17,Severe Delay,63.76
TRIP208503,Clear,Standard,Moderate,16.67,14,40,17.44,10,Moderate Delay,71.22
TRIP203146,Rainy,,Low,8.52,7,22,11.43,16,Moderate Delay,44.37
TRIP206064,Clear,Standard,Moderate,10.87,15,39,3.04,12,On Time,50.92
TRIP204025,Windy,Standard,Moderate,14.75,14,49,5.40,17,Severe Delay,72.46
TRIP209487,Windy,Standard,Moderate,13.74,16,36,4.66,21,Moderate Delay,72.70
TRIP206943,Foggy,Mini Bus,Severe,9.81,13,19,9.34,11,Moderate Delay,73.19
TRIP200127,Clear,Mini Bus,Moderate,10.77,11,14,5.33,22,On Time,49.09
TRIP200894,,Standard,High,3.76,6,30,,14,On Time,26.09
TRIP207503,Foggy,Standard,Severe,9.99,11,50,5.98,16,Severe Delay,86.62
TRIP204179,Clear,Standard,Moderate,5.04,5,46,5.63,18,Moderate Delay,29.76
TRIP200481,Rainy,Standard,Severe,7.31,6,40,2.07,20,Severe Delay,58.38
TRIP201860,Foggy,Standard,Moderate,7.19,6,29,9.46,10,On Time,42.81
TRIP209084,Windy,Standard,Low,5.88,7,51,2.62,5,Moderate Delay,31.69
TRIP205138,Windy,Standard,Low,7.06,4,47,6.37,19,On Time,29.63
TRIP209545,Clear,Standard,Low,11.64,9,28,14.31,6,On Time,46.36
TRIP201772,Clear,Express,High,8.96,11,27,,17,Moderate Delay,42.22
TRIP208585,Rainy,Mini Bus,Moderate,11.30,10,21,1.83,12,Moderate Delay,58.03
TRIP208937,Foggy,Mini Bus,High,5.75,5,,7.45,10,Severe Delay,49.34
TRIP202457,Clear,Express,Low,10.38,9,31,14.00,8,On Time,35.23
TRIP203144,Clear,Standard,Moderate,18.34,19,62,3.67,7,Severe Delay,102.59
TRIP205303,Windy,Standard,Low,4.19,5,40,4.30,14,On Time,26.19
TRIP207317,Clear,Standard,Moderate,13.52,16,27,3.30,22,On Time,60.77
TRIP207459,Clear,Express,Low,10.29,13,23,7.93,17,On Time,28.40
TRIP208408,Clear,Mini Bus,Severe,8.23,12,30,0.55,22,Severe Delay,61.50
TRIP203831,Windy,Express,Low,4.17,7,11,2.73,5,On Time,15.83
TRIP208754,Windy,Express,High,3.38,3,41,6.72,17,Moderate Delay,27.14
TRIP209656,Rainy,Standard,High,16.88,18,40,4.55,23,Severe Delay,119.03
TRIP205570,Foggy,Mini Bus,High,12.36,14,28,0.89,11,Severe Delay,79.75
TRIP208986,Rainy,Standard,Low,4.00,3,44,1.68,19,Severe Delay,24.32
TRIP208190,Rainy,Standard,Moderate,4.72,6,39,6.23,10,On Time,24.84
TRIP206666,Rainy,Express,Severe,5.82,5,26,18.00,7,Severe Delay,51.97
TRIP206202,Clear,Standard,High,2.23,3,63,7.95,7,Severe Delay,28.28
TRIP205063,Rainy,Standard,High,12.76,10,47,3.84,18,Severe Delay,100.80
TRIP207750,Clear,Mini Bus,High,13.28,12,3,8.09,13,Moderate Delay,73.00
TRIP202897,Foggy,Express,High,12.61,13,32,2.93,23,Severe Delay,62.19
TRIP205338,Rainy,Standard,High,14.29,15,53,16.51,16,Severe Delay,109.30
TRIP202261,Rainy,Standard,High,11.06,13,31,10.64,23,Severe Delay,76.26
TRIP204341,Clear,Standard,Moderate,19.37,19,40,9.90,16,Severe Delay,98.41
TRIP200447,Clear,Standard,Moderate,9.84,12,26,3.61,12,Moderate Delay,49.39
TRIP206282,Foggy,Express,High,21.78,22,28,3.40,19,Severe Delay,146.75
TRIP201123,Windy,Standard,Low,12.28,10,57,8.24,7,Moderate Delay,59.19
TRIP203555,Clear,,High,32.00,32,31,7.41,14,Severe Delay,180.00
TRIP208335,Windy,Standard,Moderate,6.46,8,25,6.85,6,On Time,36.30
TRIP204165,Clear,Standard,High,8.43,6,50,2.81,12,Moderate Delay,52.19
TRIP206653,Clear,Standard,Moderate,10.12,11,26,8.46,23,On Time,42.69
TRIP209793,Clear,Standard,Severe,12.83,15,37,8.47,15,Moderate Delay,97.80
TRIP201811,Windy,Standard,Low,24.97,26,18,3.34,23,Moderate Delay,123.94
TRIP206558,Clear,Express,Low,14.01,16,,8.13,15,On Time,50.70
TRIP202822,Clear,Mini Bus,Moderate,7.08,6,20,2.77,19,Moderate Delay,41.47
TRIP205918,Rainy,Mini Bus,High,12.31,12,24,9.39,12,Severe Delay,83.84
TRIP208922,Clear,Express,Low,5.19,3,17,10.48,9,On Time,20.47
TRIP203214,Rainy,Standard,Moderate,22.34,24,36,7.40,10,Severe Delay,128.34
TRIP206299,Windy,Standard,Moderate,11.81,13,23,2.98,22,Moderate Delay,59.52
TRIP200627,Clear,Standard,Low,2.00,3,32,2.91,6,On Time,12.45
TRIP200608,Windy,Standard,Moderate,21.14,26,54,8.14,23,Severe Delay,116.99
TRIP203097,Rainy,Mini Bus,High,13.39,12,32,8.18,6,Severe Delay,102.34
TRIP200764,Foggy,Standard,High,10.41,12,49,9.47,15,Severe Delay,67.17
TRIP202426,Clear,Mini Bus,Moderate,5.73,7,17,1.57,23,On Time,40.07
TRIP202402,Rainy,Mini Bus,Low,5.19,7,17,1.11,13,On Time,37.28
TRIP202861,Windy,Standard,High,6.14,3,15,3.40,14,On Time,38.28
TRIP208915,Clear,Mini Bus,Low,12.98,12,16,10.55,11,On Time,46.53
TRIP208224,Clear,Express,High,11.70,12,23,10.34,13,On Time,64.94
TRIP205772,Foggy,Standard,Low,4.54,7,30,12.88,14,On Time,13.90
TRIP207971,Clear,Mini Bus,High,16.46,21,,8.65,18,Severe Delay,103.58
TRIP202846,Rainy,Standard,High,29.13,30,33,1.86,21,Severe Delay,180.00
TRIP207038,Windy,Express,Moderate,13.92,13,39,6.44,9,Moderate Delay,56.14
TRIP208096,Rainy,Mini Bus,High,10.24,10,28,3.74,8,Severe Delay,65.17
TRIP209602,Clear,Mini Bus,High,9.69,10,16,5.56,6,On Time,49.02
TRIP200899,,Express,Moderate,6.83,6,20,12.11,14,On Time,12.00
TRIP208882,Clear,Express,High,4.02,6,31,10.32,22,On Time,17.95
TRIP208479,Clear,Standard,Low,10.81,12,32,5.17,19,Moderate Delay,48.55
TRIP205962,Foggy,Standard,High,4.64,7,37,9.78,22,Moderate Delay,38.42
TRIP202513,Windy,Standard,High,5.85,7,32,6.64,9,Moderate Delay,52.54
TRIP201917,Clear,Standard,High,7.83,10,39,9.82,13,On Time,50.20
TRIP209688,Rainy,Mini Bus,Moderate,17.56,21,10,15.63,11,Moderate Delay,84.41
TRIP207458,Clear,Mini Bus,High,10.86,11,36,4.34,18,Severe Delay,69.53
TRIP202003,Clear,Standard,Severe,5.79,7,21,12.95,14,On Time,39.64
TRIP206925,Clear,Standard,Severe,16.40,19,45,2.19,19,Severe Delay,134.22
TRIP202314,Windy,Standard,Moderate,23.77,23,35,3.71,18,Severe Delay,131.49
TRIP205922,Windy,Standard,Low,3.68,3,25,3.45,12,On Time,18.86
TRIP201968,Clear,Express,High,5.55,6,39,5.09,18,Moderate Delay,27.69
TRIP204546,Foggy,Standard,Severe,11.42,12,35,2.62,16,Severe Delay,100.76
TRIP200698,Windy,Express,Moderate,8.04,10,48,3.65,17,Moderate Delay,41.63
TRIP201303,Windy,Standard,Low,9.57,10,24,9.84,23,On Time,37.38
TRIP203815,,Standard,High,4.36,5,24,5.25,13,On Time,32.88
TRIP202702,Clear,Mini Bus,Severe,7.39,7,17,5.88,23,Severe Delay,58.41
TRIP206271,Foggy,Standard,Moderate,5.93,7,39,2.67,23,Moderate Delay,30.84
TRIP204913,Clear,Mini Bus,Moderate,12.17,15,8,2.33,10,Moderate Delay,64.12
TRIP209657,Windy,Mini Bus,Moderate,19.71,21,,4.14,16,Severe Delay,113.39
TRIP208330,Rainy,Standard,Moderate,19.31,22,39,17.88,16,Severe Delay,113.08
TRIP207011,Rainy,Standard,Moderate,20.86,22,53,3.15,16,Severe Delay,125.40
TRIP204112,Clear,Standard,Moderate,12.78,11,18,2.18,20,Moderate Delay,52.33
TRIP202951,Windy,Standard,High,7.41,8,29,2.81,14,Moderate Delay,48.37
TRIP205378,Clear,Standard,Severe,3.76,3,35,4.89,21,Moderate Delay,25.43
TRIP209073,Rainy,Standard,Moderate,21.41,20,31,1.69,22,Severe Delay,116.23
TRIP203700,Clear,Express,Moderate,3.37,6,16,8.78,23,On Time,13.51
TRIP201203,Clear,Mini Bus,Moderate,6.79,6,21,2.21,14,On Time,35.81
TRIP208204,Clear,Standard,Severe,8.32,10,21,7.42,21,On Time,53.47
TRIP203453,Windy,Express,Moderate,15.69,20,14,,7,Moderate Delay,66.17
TRIP209099,Windy,Express,High,18.66,17,33,1.17,8,Severe Delay,107.21
TRIP204155,Clear,Mini Bus,Severe,6.20,5,20,5.51,5,Moderate Delay,39.97
TRIP200178,Clear,Standard,Moderate,4.32,5,49,7.48,7,Moderate Delay,30.70
TRIP206547,Windy,Mini Bus,Moderate,4.32,7,17,12.13,17,On Time,35.52
TRIP207468,Clear,Standard,Moderate,6.11,5,37,8.57,21,On Time,26.75
TRIP201595,Windy,Standard,High,5.88,8,39,9.53,6,On Time,39.15
TRIP202202,Rainy,Mini Bus,Moderate,10.37,10,36,4.78,18,Severe Delay,57.72
TRIP206811,Clear,Standard,High,10.40,12,50,3.59,6,Moderate Delay,59.54
TRIP202053,Rainy,Standard,High,3.40,3,31,3.76,14,Moderate Delay,33.47
TRIP206941,Clear,Express,Low,15.90,16,18,12.19,12,On Time,53.27
TRIP208212,Windy,Express,High,5.90,3,17,1.56,13,Moderate Delay,38.25
TRIP205377,Clear,Express,High,6.23,5,20,,5,On Time,22.29
TRIP202536,Clear,Express,High,7.76,7,25,6.41,5,On Time,35.34
TRIP206663,Clear,Standard,High,16.49,17,24,3.20,12,Moderate Delay,105.78
TRIP208918,Clear,Express,Moderate,7.31,7,36,9.68,9,On Time,24.02
TRIP207137,Rainy,Standard,Moderate,13.76,14,26,6.88,16,Severe Delay,68.01
TRIP202799,Rainy,Mini Bus,High,9.41,11,12,2.81,23,Severe Delay,65.87
TRIP203317,Windy,Mini Bus,Low,5.12,3,15,6.38,6,On Time,23.82
TRIP201887,Clear,Standard,High,17.96,20,41,3.45,20,Severe Delay,117.19
TRIP206785,Clear,Standard,High,12.64,13,44,9.49,19,Severe Delay,73.55
TRIP201083,Clear,Mini Bus,High,6.74,5,5,6.96,20,On Time,37.26
TRIP209211,Rainy,Standard,Low,11.26,8,40,4.03,14,On Time,52.44
TRIP205199,Clear,Mini Bus,High,15.26,16,19,6.84,19,Severe Delay,104.36
TRIP204626,Rainy,Mini Bus,High,14.53,14,32,6.92,7,Severe Delay,99.20
TRIP206457,Clear,Standard,Low,7.51,9,49,4.56,15,On Time,39.01
TRIP206338,Clear,Standard,High,4.32,3,37,6.48,17,Severe Delay,28.78
TRIP201626,Windy,Standard,Severe,7.17,10,45,2.06,8,Severe Delay,53.87
TRIP204766,Rainy,Standard,Moderate,6.59,7,8,8.21,15,On Time,30.55
TRIP202858,Windy,Express,Moderate,28.15,31,40,6.17,16,Severe Delay,154.09
TRIP207090,Clear,Standard,Moderate,11.25,9,37,0.62,12,Severe Delay,49.40
TRIP209127,Clear,Standard,Moderate,7.71,9,32,2.47,14,On Time,35.78
TRIP200299,Clear,Standard,Moderate,4.63,3,29,2.11,7,Moderate Delay,29.30
TRIP203625,Clear,Standard,High,4.17,7,50,12.51,8,Severe Delay,42.45
TRIP200247,Clear,Mini Bus,High,13.66,13,30,6.14,7,Moderate Delay,88.72
TRIP203598,Clear,Mini Bus,Moderate,9.69,10,16,10.27,15,On Time,52.22
TRIP201299,Clear,Standard,Moderate,5.22,4,29,4.25,22,Moderate Delay,24.92
TRIP208069,Windy,Express,Moderate,4.73,6,,4.18,16,Moderate Delay,25.06
TRIP207504,Clear,Standard,Moderate,6.88,7,32,1.93,8,Moderate Delay,41.62
TRIP206153,Clear,Mini Bus,High,18.71,18,11,,9,Severe Delay,114.87
TRIP200711,Clear,Standard,Moderate,6.28,12,53,8.55,16,Moderate Delay,41.99
TRIP206805,Clear,Mini Bus,High,10.61,12,14,6.48,19,Severe Delay,64.56
TRIP202129,Clear,Mini Bus,High,8.35,7,31,3.26,8,Severe Delay,57.23
TRIP203722,Rainy,Standard,Low,9.80,15,44,11.51,19,Moderate Delay,53.60
TRIP207400,Windy,Mini Bus,Moderate,5.18,6,14,2.81,6,On Time,21.07
TRIP208607,Clear,Standard,High,12.18,12,64,13.99,9,Severe Delay,69.15
TRIP205610,Clear,Standard,Severe,10.67,8,58,4.97,8,Severe Delay,75.17
TRIP201064,Clear,Standard,Moderate,17.38,16,39,3.79,13,Moderate Delay,86.16
TRIP209843,Clear,Standard,High,10.70,11,36,6.48,22,Moderate Delay,60.98
TRIP203256,Foggy,Mini Bus,High,8.59,9,17,8.62,6,Moderate Delay,59.58
TRIP200332,Clear,Standard,High,6.43,10,34,6.68,6,On Time,45.73
TRIP209292,Rainy,Express,Low,11.84,11,10,5.07,15,On Time,29.36
TRIP206112,Rainy,Standard,Low,6.68,7,31,18.00,16,On Time,37.98
TRIP201397,Clear,Standard,Moderate,18.26,22,45,8.63,23,Moderate Delay,89.10
TRIP208982,Clear,Standard,Low,3.65,3,42,6.54,18,Moderate Delay,18.91
TRIP207325,Rainy,Mini Bus,High,9.41,7,20,6.55,7,Severe Delay,68.38
TRIP208975,Clear,Standard,High,17.82,20,35,2.21,22,Severe Delay,113.21
TRIP205800,Clear,Standard,High,14.34,13,44,5.74,22,Moderate Delay,82.51
TRIP204342,Clear,,High,10.70,11,37,5.37,9,Moderate Delay,66.31
TRIP209116,Windy,Mini Bus,Severe,14.99,15,10,5.11,12,Moderate Delay,107.11
TRIP202299,Clear,Express,High,6.06,10,38,17.90,8,Moderate Delay,33.13
TRIP205222,Rainy,Mini Bus,Moderate,7.12,6,18,11.90,7,Moderate Delay,45.51
TRIP201268,Clear,Express,Low,7.38,12,19,5.04,13,On Time,12.00
TRIP209642,Foggy,Standard,High,12.03,16,44,1.30,7,Severe Delay,99.30
TRIP203044,Rainy,Standard,Moderate,10.53,11,52,12.56,12,Moderate Delay,51.82
TRIP206857,Foggy,Mini Bus,Severe,10.34,11,31,9.33,9,Severe Delay,84.24
TRIP207687,Clear,Mini Bus,Low,9.04,7,17,7.03,6,On Time,38.42
TRIP203938,Rainy,Standard,Moderate,7.97,10,45,2.73,9,Severe Delay,56.37
TRIP200582,Clear,Express,Low,2.85,3,29,1.43,20,On Time,13.83
TRIP204910,Clear,Standard,Severe,12.17,10,31,4.51,23,Severe Delay,91.20
TRIP209461,Clear,Mini Bus,Moderate,11.58,8,37,8.95,9,Moderate Delay,49.65
TRIP202098,Rainy,Express,Low,5.78,9,16,2.17,13,On Time,24.68
TRIP208558,Clear,Express,High,15.93,15,22,4.32,8,Severe Delay,88.31
TRIP209844,Clear,Express,Low,17.44,21,22,5.82,11,On Time,53.59
TRIP203524,Foggy,Mini Bus,Severe,13.64,12,13,0.77,21,Severe Delay,104.52
TRIP206087,Clear,Standard,Low,16.89,19,44,14.04,5,On Time,66.29
TRIP204933,Windy,Standard,Moderate,16.86,17,47,3.10,19,Severe Delay,90.28
TRIP203014,Clear,Mini Bus,Moderate,9.20,10,30,12.23,6,On Time,57.13
TRIP200037,Clear,Mini Bus,Moderate,5.39,7,20,5.24,15,On Time,35.65
TRIP203742,Clear,Standard,High,7.73,9,45,16.47,13,On Time,41.89
TRIP206755,Rainy,Standard,Severe,4.46,3,32,5.96,15,Severe Delay,53.28
TRIP205559,Rainy,Standard,Moderate,16.07,17,46,8.80,9,Severe Delay,90.09
TRIP204498,Foggy,Standard,Low,11.93,11,46,1.79,9,Severe Delay,68.79
TRIP207995,Clear,Mini Bus,Moderate,7.79,6,32,10.92,16,Moderate Delay,43.60
TRIP206542,Clear,Standard,Severe,12.91,15,42,10.00,22,On Time,96.65
TRIP201227,Rainy,Standard,High,19.94,23,37,3.12,17,Severe Delay,140.66
TRIP205286,Clear,Standard,High,20.44,20,38,15.99,11,Severe Delay,135.16
TRIP206099,Clear,Standard,High,14.25,16,38,5.50,5,Moderate Delay,82.08
TRIP201042,Windy,Express,Severe,11.64,12,42,18.00,23,Moderate Delay,77.86
TRIP209004,Rainy,Standard,High,12.49,11,42,9.17,16,Severe Delay,85.28
TRIP205847,Clear,Standard,Moderate,9.47,13,47,4.08,6,Moderate Delay,46.87
TRIP206745,Rainy,Standard,Severe,10.34,6,31,0.47,9,Severe Delay,90.22
TRIP209222,Windy,Express,Moderate,4.30,9,14,9.27,6,On Time,29.36
TRIP204059,Clear,Standard,Moderate,16.55,15,18,8.02,5,Moderate Delay,83.15
TRIP206005,Rainy,Mini Bus,Moderate,17.91,12,3,3.36,12,On Time,83.47
TRIP204186,Clear,Standard,Low,18.95,21,50,8.15,17,Severe Delay,94.50
TRIP207863,Rainy,Standard,Low,12.79,13,40,3.37,5,On Time,40.06
TRIP206716,Clear,Mini Bus,Moderate,6.34,4,21,1.30,19,Severe Delay,35.84
TRIP203509,Clear,Standard,High,9.57,8,37,6.71,22,Moderate Delay,47.12
TRIP208789,Rainy,Standard,Low,7.15,6,43,3.17,18,Moderate Delay,40.49
TRIP201601,Clear,Express,Low,6.73,7,28,,21,On Time,14.94
TRIP208895,Rainy,Mini Bus,High,12.17,11,22,5.29,11,Severe Delay,80.38
TRIP206250,Clear,Mini Bus,High,6.45,3,9,4.30,14,Moderate Delay,40.49
TRIP209535,Clear,Express,Moderate,5.28,3,38,6.47,7,On Time,26.98
TRIP204697,Clear,Mini Bus,Severe,12.28,10,32,8.91,17,Severe Delay,81.15
TRIP208424,Rainy,Standard,Low,12.18,9,39,13.14,5,On Time,44.52
TRIP204782,Clear,Express,High,19.66,20,36,2.63,7,Severe Delay,108.93
TRIP202240,Windy,Standard,Moderate,6.20,6,34,11.30,13,On Time,30.14
TRIP204863,Windy,Mini Bus,High,4.87,7,16,7.55,19,Severe Delay,44.45
TRIP209062,Clear,Standard,High,23.25,24,,3.45,22,Severe Delay,154.68
TRIP200775,Rainy,Standard,Low,8.62,10,17,5.30,15,On Time,40.11
TRIP201724,Clear,Mini Bus,High,8.62,9,10,1.91,13,Severe Delay,54.17
TRIP203940,Windy,Express,High,13.85,12,13,14.05,17,Severe Delay,72.54
TRIP205467,Rainy,Standard,Severe,5.68,6,42,15.66,13,Severe Delay,51.44
TRIP200965,Rainy,Standard,Moderate,9.64,9,35,0.66,8,Severe Delay,55.05
TRIP204854,Clear,Mini Bus,Moderate,9.29,8,3,5.36,12,On Time,33.08
TRIP205676,Clear,Standard,High,14.64,15,40,1.52,12,Moderate Delay,86.53
TRIP201395,Clear,Standard,Moderate,5.46,6,50,1.95,8,Severe Delay,34.63
TRIP201147,Foggy,Standard,Severe,9.18,13,49,2.69,7,Severe Delay,92.93
TRIP209723,Foggy,Standard,Moderate,5.52,8,31,14.03,16,Moderate Delay,36.73
TRIP204458,Rainy,Standard,Moderate,5.39,6,41,13.12,7,Severe Delay,37.15
TRIP206916,Clear,Express,Moderate,19.74,19,26,4.58,20,On Time,82.88
TRIP204964,Windy,Mini Bus,Low,5.84,9,20,5.00,12,On Time,30.80
TRIP202571,Clear,Mini Bus,High,19.79,22,32,8.78,18,Severe Delay,133.81
TRIP205742,Windy,Standard,High,9.69,8,55,5.53,18,Severe Delay,60.22
TRIP200331,Clear,Standard,Moderate,5.08,6,14,4.84,15,On Time,26.17
TRIP207112,Rainy,Standard,Low,3.21,3,35,5.23,11,On Time,22.02
TRIP209209,Rainy,Mini Bus,High,9.46,13,22,6.17,6,Severe Delay,68.37
TRIP200534,Clear,Express,Severe,8.41,8,24,,10,Moderate Delay,45.27
TRIP200584,Clear,Mini Bus,High,27.94,32,9,2.94,23,Severe Delay,180.00
TRIP202132,Clear,Standard,High,9.19,9,53,2.82,7,Severe Delay,64.60
TRIP205231,Foggy,Mini Bus,Moderate,16.68,17,,8.21,10,Moderate Delay,83.75
TRIP200147,Clear,Express,Low,13.37,10,3,4.94,20,On Time,32.72
TRIP202549,Windy,Mini Bus,High,11.33,13,20,12.13,19,Severe Delay,73.84
TRIP208574,Rainy,Standard,High,13.23,16,30,6.63,6,Severe Delay,89.32
TRIP205019,Clear,Standard,High,13.92,16,41,2.91,19,Severe Delay,83.11
TRIP202821,Foggy,Standard,Low,4.29,4,42,5.73,12,On Time,20.83
TRIP204517,Clear,Standard,High,8.12,10,47,2.92,18,Severe Delay,58.96
TRIP203610,Rainy,Standard,High,11.75,12,27,6.75,12,Severe Delay,76.14
TRIP201767,Windy,Mini Bus,Severe,6.67,3,5,3.18,15,Moderate Delay,51.92
TRIP208617,Foggy,Mini Bus,Moderate,10.63,8,21,2.46,19,Severe Delay,58.60
TRIP207664,Clear,Standard,Moderate,8.48,9,51,2.83,16,Severe Delay,40.40
TRIP208836,Rainy,Standard,Severe,13.60,12,44,9.28,8,Severe Delay,124.13
TRIP208628,Rainy,Standard,Moderate,12.89,12,39,1.98,20,Moderate Delay,62.91
TRIP204646,Clear,Standard,High,4.82,4,36,4.77,5,On Time,41.08
TRIP206803,Rainy,Standard,Moderate,5.44,9,54,5.03,21,Moderate Delay,40.30
TRIP209168,Rainy,Standard,Low,,4,36,1.85,13,On Time,12.78
TRIP201005,Rainy,Standard,Low,10.15,12,39,8.75,21,On Time,51.60
TRIP209589,Clear,Standard,Low,12.01,14,40,11.00,5,On Time,46.83
TRIP203754,Windy,Express,High,10.17,11,,3.29,17,Severe Delay,60.19
TRIP200378,Windy,Standard,High,8.56,9,49,2.58,21,Severe Delay,60.29
TRIP207888,Clear,Mini Bus,High,12.19,14,8,4.83,6,Moderate Delay,72.87
TRIP208436,,Standard,Severe,6.29,8,27,7.07,12,Moderate Delay,67.66
TRIP207726,Clear,Standard,Moderate,5.71,6,23,5.17,7,Moderate Delay,40.38
TRIP207838,Foggy,Mini Bus,High,21.02,23,12,,7,Severe Delay,150.23
TRIP208163,Clear,Mini Bus,High,12.66,10,34,1.54,19,Severe Delay,79.43
TRIP206632,Clear,Express,Low,10.67,8,45,7.41,8,On Time,36.39
TRIP205986,Clear,Standard,Moderate,27.58,31,37,8.21,16,Severe Delay,161.60
TRIP202297,Clear,Express,Moderate,19.49,20,23,9.34,19,Moderate Delay,86.80
TRIP204837,Clear,Mini Bus,Severe,,18,31,2.09,19,Severe Delay,147.02
TRIP200830,Rainy,Standard,Moderate,8.70,12,21,1.56,12,Moderate Delay,44.77
TRIP202863,Clear,Standard,High,16.30,17,41,16.22,18,Moderate Delay,99.35
TRIP200785,Windy,Standard,Low,20.75,26,28,9.68,23,Moderate Delay,96.73
TRIP205080,Windy,Standard,Severe,9.39,10,,1.65,7,Severe Delay,82.08
TRIP206401,Windy,Standard,Low,3.64,6,27,2.93,6,On Time,35.27
TRIP202176,Rainy,Standard,Moderate,5.04,4,49,12.85,16,Severe Delay,30.58
TRIP203260,Clear,Standard,Severe,11.28,10,54,10.91,23,Moderate Delay,76.89
TRIP207866,Clear,Mini Bus,High,3.76,5,22,4.08,7,Moderate Delay,40.18
TRIP204292,Windy,Mini Bus,Moderate,16.39,18,26,6.71,17,Severe Delay,102.65
TRIP209378,Rainy,Standard,Severe,16.40,16,18,6.73,23,Severe Delay,131.38
TRIP200025,Clear,Standard,Moderate,18.09,23,36,17.35,20,Moderate Delay,94.55
TRIP205281,Clear,Standard,Moderate,12.71,15,57,6.90,17,Severe Delay,70.06
TRIP206963,Clear,Standard,Moderate,9.86,8,50,14.81,7,Moderate Delay,43.34
TRIP206124,Windy,Standard,High,20.48,22,30,3.63,19,Severe Delay,130.49
TRIP202286,Foggy,Express,Severe,8.64,13,5,4.24,5,Severe Delay,69.16
TRIP207972,Clear,Mini Bus,Moderate,20.26,22,36,12.58,19,Severe Delay,99.82
TRIP206800,Windy,Express,High,28.44,31,15,2.78,5,Severe Delay,180.00
TRIP209511,Clear,Standard,Moderate,8.11,12,32,1.46,15,Moderate Delay,49.66
TRIP204550,Clear,Express,Moderate,5.96,3,3,4.53,5,On Time,20.06
TRIP209191,Clear,Standard,Moderate,14.36,15,55,8.62,16,Moderate Delay,75.68
TRIP205233,Clear,Mini Bus,High,12.35,15,47,8.81,18,Severe Delay,80.04
TRIP207175,Clear,Standard,High,4.69,5,43,7.13,13,Moderate Delay,26.80
TRIP206841,,Standard,Moderate,7.30,11,36,14.94,7,Moderate Delay,40.69
TRIP203187,Foggy,Standard,High,5.78,7,29,2.36,11,Severe Delay,42.32
TRIP209347,Clear,Mini Bus,Low,6.81,5,16,18.00,13,On Time,24.61
TRIP204916,Clear,Standard,Low,19.39,20,64,0.90,7,Severe Delay,92.89
TRIP209026,Clear,Express,Moderate,10.82,13,29,4.48,16,Moderate Delay,42.59
TRIP201489,Clear,Mini Bus,Low,7.20,8,33,3.58,19,On Time,41.81
TRIP200033,Clear,Standard,Low,10.50,9,38,15.56,9,Moderate Delay,42.93
TRIP208213,Rainy,Mini Bus,Moderate,12.46,11,33,5.50,8,Moderate Delay,65.01
TRIP203849,Clear,Express,Low,10.80,9,19,9.24,12,On Time,30.58
TRIP203963,Clear,Standard,Low,10.28,7,35,5.09,22,On Time,38.29
TRIP207103,Clear,Express,Severe,11.29,14,48,7.48,18,Severe Delay,68.76
TRIP205926,Clear,Express,Low,11.06,14,,7.24,17,On Time,41.89
TRIP204185,Rainy,Standard,Low,9.78,5,45,1.07,16,Moderate Delay,49.44
TRIP203120,Clear,Mini Bus,Low,8.72,13,26,10.51,15,On Time,37.43
TRIP203550,Rainy,Standard,High,8.95,9,51,10.94,22,Severe Delay,58.36
TRIP205465,Clear,Standard,Severe,8.84,9,47,11.91,9,Severe Delay,61.22
TRIP205596,Clear,Mini Bus,Moderate,11.57,10,30,15.01,10,On Time,53.44
TRIP204260,Windy,Express,Moderate,4.57,3,19,1.34,11,On Time,25.91
TRIP203887,Clear,Standard,Moderate,6.93,8,53,6.21,23,On Time,29.79
TRIP209368,Clear,Standard,Low,7.37,10,30,5.26,21,On Time,42.11
TRIP203868,Clear,Standard,Low,6.76,9,29,4.23,12,On Time,20.17
TRIP205645,Rainy,Standard,Low,10.50,10,48,3.57,17,Moderate Delay,47.31
TRIP203957,Windy,Standard,Moderate,8.52,8,41,4.41,23,Moderate Delay,49.27
TRIP208723,Clear,Standard,High,5.56,8,46,11.82,16,Moderate Delay,35.02
TRIP201711,Rainy,Standard,Low,8.94,10,36,2.56,22,Moderate Delay,52.84
TRIP203852,Clear,Standard,Severe,14.75,14,25,7.05,14,Moderate Delay,105.79
TRIP203897,Clear,Standard,High,16.94,18,24,2.64,6,Severe Delay,100.62
TRIP208782,Rainy,Standard,Moderate,9.33,12,42,9.85,11,On Time,54.78
TRIP204257,Windy,Standard,Moderate,9.94,13,27,12.12,21,On Time,48.32
TRIP207017,Rainy,Standard,Low,11.58,9,34,13.34,8,Moderate Delay,51.29
TRIP208749,Windy,Standard,Severe,18.17,22,15,2.15,22,Severe Delay,142.49
TRIP202153,Foggy,Express,Moderate,17.15,15,8,4.99,10,Moderate Delay,85.84
TRIP203792,Clear,Standard,Severe,29.15,28,29,5.71,12,Severe Delay,180.00
TRIP209744,Clear,Express,High,8.96,7,30,4.71,9,Moderate Delay,50.10
TRIP202394,Windy,Standard,High,8.60,10,32,9.14,13,On Time,58.74
TRIP200645,Clear,Express,Low,14.93,19,23,10.19,12,On Time,48.81
TRIP209585,Windy,Standard,Moderate,14.63,15,53,18.00,15,On Time,77.25
TRIP203638,Rainy,Standard,Low,16.47,15,56,2.75,9,Severe Delay,84.01
TRIP206128,Rainy,Standard,Moderate,4.57,7,46,3.82,7,Severe Delay,43.20
TRIP204995,Clear,Mini Bus,Severe,11.33,10,3,12.09,9,Severe Delay,80.26
TRIP207551,Clear,Mini Bus,Moderate,12.39,11,27,1.54,10,Moderate Delay,58.03
TRIP205915,Clear,Mini Bus,Moderate,17.67,18,32,4.19,8,Severe Delay,89.05
TRIP201888,Foggy,Standard,Moderate,10.16,11,11,10.74,12,On Time,57.84
TRIP205423,Clear,Mini Bus,Moderate,10.09,10,21,3.74,18,Moderate Delay,48.97
TRIP204771,Windy,Standard,Low,22.30,27,50,7.30,11,Moderate Delay,114.39
TRIP200703,Foggy,Express,High,8.62,9,27,4.55,19,Severe Delay,46.58
TRIP203660,Clear,Standard,Low,23.43,24,41,4.16,7,Severe Delay,115.21
TRIP202315,Clear,Standard,Severe,,8,24,1.83,22,Moderate Delay,51.06
TRIP206453,Clear,Standard,Moderate,20.83,21,29,2.62,11,Moderate Delay,105.47
TRIP205457,Clear,Express,Moderate,5.37,5,27,1.35,15,On Time,12.00
TRIP200390,Clear,Standard,Moderate,6.43,7,29,2.73,12,Moderate Delay,35.28
TRIP205489,Clear,Express,High,17.46,16,27,2.34,23,Severe Delay,90.34
TRIP207892,Rainy,Standard,Moderate,10.12,12,19,4.17,23,On Time,50.77
TRIP204947,Windy,Standard,Moderate,10.64,8,36,12.86,16,Moderate Delay,41.86
TRIP205257,Clear,Standard,Moderate,14.53,15,21,6.25,14,On Time,79.12
TRIP205451,Clear,Express,Moderate,7.91,9,,2.17,15,On Time,30.01
TRIP200095,Clear,Standard,Moderate,28.87,35,58,0.95,9,Severe Delay,180.00
TRIP204115,Clear,Standard,Moderate,4.17,7,25,11.03,21,On Time,20.90
TRIP207136,Clear,Express,Severe,12.62,15,20,10.81,13,Moderate Delay,80.74
TRIP200978,Windy,Standard,Low,7.91,10,53,7.72,11,On Time,32.05
TRIP205708,Clear,Express,High,18.20,21,12,17.03,10,Moderate Delay,85.30
TRIP205092,Rainy,Standard,High,11.99,15,25,10.09,17,Severe Delay,89.39
TRIP202537,Rainy,Standard,Moderate,2.53,3,42,9.46,17,Moderate Delay,18.87
TRIP202966,Rainy,Mini Bus,Moderate,11.45,16,19,12.07,17,Severe Delay,60.34
TRIP203511,Windy,Express,Low,8.35,7,22,13.05,22,On Time,20.62
TRIP206477,Windy,Standard,Low,2.34,3,38,11.65,16,On Time,27.81
TRIP207005,Windy,Standard,Moderate,10.63,12,42,7.00,6,On Time,55.70
TRIP206909,Rainy,Standard,Moderate,6.73,9,46,4.95,8,Severe Delay,45.74
TRIP203159,Clear,Mini Bus,High,5.33,3,5,11.84,13,Moderate Delay,30.22
TRIP203321,Rainy,Standard,Severe,32.00,33,31,6.69,12,Severe Delay,180.00
TRIP207689,Clear,Standard,Moderate,24.57,29,52,5.36,9,Severe Delay,146.02
TRIP206710,Foggy,Express,Moderate,8.27,8,32,3.85,9,Moderate Delay,45.48
TRIP204896,Clear,,High,11.13,11,34,1.99,23,Severe Delay,53.02
TRIP204743,Clear,Mini Bus,Moderate,22.98,25,4,1.01,23,Moderate Delay,122.99
TRIP204657,Rainy,Express,Severe,6.89,7,35,14.22,20,Moderate Delay,53.84
TRIP200865,Clear,,Severe,13.83,19,24,2.58,10,Severe Delay,97.26
TRIP207466,Clear,Express,Severe,14.44,15,31,1.55,18,Severe Delay,101.86
TRIP201062,Rainy,Standard,High,26.50,27,23,8.09,22,Severe Delay,180.00
TRIP204259,Clear,Standard,Severe,16.32,18,48,3.50,7,Severe Delay,124.52
TRIP209185,Clear,Standard,Severe,16.13,19,65,3.42,9,Severe Delay,132.42
TRIP208949,,Standard,Moderate,6.63,4,40,10.78,23,Moderate Delay,39.35
TRIP204969,Clear,Standard,Severe,9.10,11,35,10.81,22,Moderate Delay,56.24
TRIP201995,Clear,Standard,Moderate,9.26,10,36,5.49,11,On Time,50.59
TRIP207227,Clear,Express,Low,6.50,8,18,7.29,9,On Time,13.93
TRIP204702,Clear,Standard,Moderate,5.80,7,30,4.63,14,On Time,32.47
TRIP208287,Rainy,Express,Low,6.01,5,15,3.48,18,On Time,19.29
TRIP208131,Clear,Standard,High,,14,33,7.55,15,Moderate Delay,48.95
TRIP205668,Clear,Standard,Low,5.26,6,32,3.50,14,On Time,29.27
TRIP205885,Rainy,Express,Moderate,15.39,14,23,2.55,16,Severe Delay,69.68
TRIP203338,Clear,Standard,Moderate,5.94,5,36,4.30,18,On Time,37.07
TRIP202789,Clear,Standard,High,8.32,11,39,1.85,15,Moderate Delay,47.82
TRIP201758,Clear,Standard,High,7.37,7,37,4.07,13,Moderate Delay,48.21
TRIP208875,Clear,Express,High,13.85,11,17,9.18,6,Moderate Delay,59.70
TRIP205047,Clear,Standard,High,5.41,5,21,,19,Moderate Delay,45.58
TRIP204443,Clear,Standard,High,10.83,10,44,12.49,6,Moderate Delay,56.81
TRIP200611,Clear,Mini Bus,Moderate,5.64,7,32,8.24,9,On Time,32.88
TRIP205129,Rainy,Standard,High,10.59,10,47,7.17,19,Severe Delay,83.62
TRIP203220,Clear,Mini Bus,Low,9.43,8,12,2.35,20,On Time,34.51
TRIP205606,Foggy,Standard,Severe,11.54,11,43,4.66,21,Severe Delay,82.72
TRIP207251,Clear,Standard,High,6.88,8,27,4.18,8,Moderate Delay,44.35
TRIP203048,Windy,Standard,Low,8.39,9,47,11.46,9,Moderate Delay,42.47
TRIP201095,Clear,Standard,Moderate,12.27,17,23,4.77,22,Moderate Delay,70.52
TRIP206691,Clear,Mini Bus,High,5.43,3,23,1.28,5,Severe Delay,38.86
TRIP207793,Clear,Standard,Moderate,20.33,25,30,1.48,13,Moderate Delay,113.47
TRIP203785,Clear,Standard,High,4.48,5,41,10.72,16,On Time,39.34
TRIP206603,Clear,Mini Bus,High,7.52,7,23,6.92,14,Moderate Delay,41.18
TRIP208316,Clear,Mini Bus,Low,2.49,5,38,1.86,9,Moderate Delay,38.68
TRIP203575,Clear,Standard,High,7.89,9,46,18.00,6,Moderate Delay,42.72
TRIP204640,Rainy,Express,Low,3.00,5,29,3.51,10,On Time,17.06
TRIP202155,Clear,Express,High,8.88,11,24,3.01,22,Moderate Delay,46.98
TRIP208587,Foggy,Express,High,4.89,3,38,6.45,7,Severe Delay,35.09
TRIP203264,Rainy,Standard,High,6.05,9,29,17.75,21,Moderate Delay,37.88
TRIP205163,Clear,Standard,Low,13.84,15,65,10.67,9,Moderate Delay,57.53
TRIP200994,Clear,Standard,High,16.68,20,48,4.61,17,Severe Delay,107.78
TRIP209333,Foggy,Express,High,7.09,7,17,5.36,22,Moderate Delay,35.26
TRIP208742,Rainy,Standard,Moderate,2.96,7,37,9.62,22,On Time,27.25
TRIP201078,Clear,Express,High,2.00,3,30,5.27,17,On Time,32.29
TRIP201848,Rainy,Mini Bus,Low,9.20,10,22,1.22,21,Moderate Delay,40.60
TRIP204890,Clear,Standard,Severe,10.05,14,28,1.44,21,Severe Delay,69.87
TRIP201361,Clear,Standard,Moderate,6.91,4,45,6.50,9,Moderate Delay,43.56
TRIP200581,,Standard,High,7.88,11,40,1.06,23,Moderate Delay,37.84
TRIP201283,Clear,Mini Bus,High,4.09,3,21,18.00,11,Moderate Delay,16.72
TRIP208449,Clear,Mini Bus,Moderate,11.14,13,24,18.00,10,On Time,56.74
TRIP203447,Rainy,Standard,Moderate,9.71,6,45,5.01,23,On Time,51.86
TRIP204156,Clear,Standard,Low,14.58,15,51,4.99,17,Moderate Delay,63.77
TRIP201509,Clear,Standard,Moderate,6.76,7,30,7.64,13,On Time,31.15
TRIP207414,Rainy,Standard,High,12.90,13,40,2.03,22,Severe Delay,87.42
TRIP201334,Clear,Standard,Moderate,6.43,9,30,5.20,12,On Time,33.76
TRIP202254,Clear,Mini Bus,Severe,5.15,6,29,2.05,16,Severe Delay,51.60
TRIP208608,Rainy,Standard,High,12.57,12,42,0.33,20,Severe Delay,93.13
TRIP209215,Windy,Standard,High,13.74,17,22,4.28,15,Moderate Delay,75.17
TRIP206718,Clear,Mini Bus,Moderate,18.61,17,23,11.51,13,Moderate Delay,93.11
TRIP208569,Windy,Express,Moderate,9.45,11,44,5.00,9,Moderate Delay,52.02
TRIP201432,Windy,Standard,High,8.96,7,65,1.99,17,Severe Delay,59.97
TRIP201391,Foggy,Standard,Moderate,30.75,31,28,10.71,16,Severe Delay,180.00
TRIP206395,Rainy,Express,Moderate,3.31,5,38,4.78,19,On Time,24.70
TRIP209431,Windy,Express,Low,5.16,8,34,2.41,9,Moderate Delay,21.88
TRIP205228,Rainy,Express,Severe,13.13,14,13,5.18,12,Severe Delay,89.13
TRIP205343,Rainy,Standard,Low,11.08,9,46,6.11,15,Moderate Delay,38.49
TRIP204548,Clear,Standard,Moderate,7.28,11,33,3.84,20,On Time,32.45
TRIP208869,Clear,Mini Bus,High,5.40,6,4,2.52,11,Moderate Delay,39.39
TRIP204452,Clear,Mini Bus,High,7.50,8,7,1.47,23,Moderate Delay,42.66
TRIP202546,Windy,Standard,High,10.76,13,58,8.07,16,Severe Delay,89.19
TRIP208733,Clear,Standard,Moderate,11.54,14,34,3.20,11,On Time,47.42
TRIP208661,Clear,Standard,Moderate,11.30,9,15,4.61,23,On Time,38.96
TRIP202445,Rainy,Standard,Low,19.95,20,34,4.80,12,Moderate Delay,91.70
TRIP208919,Clear,Express,Moderate,5.51,3,24,6.27,8,On Time,25.33
TRIP204713,Rainy,Standard,High,5.24,9,37,3.42,6,Moderate Delay,62.18
TRIP205714,Clear,Standard,Moderate,11.14,11,17,9.34,13,On Time,43.30
TRIP207618,Clear,Express,Moderate,,9,28,10.88,16,Moderate Delay,37.86
TRIP200026,Clear,Standard,Moderate,5.04,5,30,6.19,10,On Time,26.49
TRIP207819,Clear,Mini Bus,Severe,18.09,15,12,3.01,12,Moderate Delay,138.81
TRIP201429,Rainy,Standard,Low,15.33,14,39,2.53,21,Moderate Delay,71.79
TRIP200641,Clear,Express,High,9.07,7,23,6.64,20,On Time,34.69
TRIP200457,Clear,Standard,Severe,4.77,8,33,10.97,7,Severe Delay,39.76
TRIP206921,,Standard,Moderate,7.28,7,18,7.24,20,On Time,25.31
TRIP205323,Rainy,Standard,High,9.25,9,56,8.61,17,Severe Delay,70.72
TRIP201978,Clear,Standard,Severe,6.23,7,52,5.80,7,Moderate Delay,42.09
TRIP201896,Rainy,Mini Bus,High,4.95,4,19,,8,Severe Delay,48.29
TRIP205911,Clear,Express,Moderate,5.83,8,39,2.18,8,Moderate Delay,28.77
TRIP204401,Clear,Express,High,18.23,23,24,7.11,12,Severe Delay,105.71
TRIP201110,Rainy,Mini Bus,Moderate,15.62,17,16,14.78,20,Moderate Delay,83.28
TRIP208801,Rainy,Mini Bus,Moderate,3.67,7,15,1.23,13,On Time,29.73
TRIP200934,,Express,High,7.02,5,14,3.97,19,Moderate Delay,29.52
TRIP207462,Clear,Mini Bus,High,21.79,28,13,3.56,13,Severe Delay,147.06
TRIP209349,Clear,Standard,Severe,5.37,5,26,2.53,6,Severe Delay,43.23
TRIP200640,Clear,Standard,Moderate,10.98,15,23,6.21,6,On Time,36.56
TRIP202143,Clear,Mini Bus,Low,10.61,12,16,9.61,22,On Time,45.93
TRIP208091,Clear,Mini Bus,Severe,28.04,25,28,4.79,14,Severe Delay,180.00
TRIP205440,Foggy,Express,Moderate,16.85,14,40,13.08,9,Moderate Delay,72.70
TRIP200835,Clear,Mini Bus,Severe,15.15,14,21,5.57,13,Severe Delay,112.63
TRIP202885,Clear,Mini Bus,Moderate,10.31,7,37,5.42,19,On Time,53.51
TRIP209810,Rainy,Mini Bus,Low,15.43,16,21,5.96,8,Severe Delay,59.39
TRIP205945,Windy,Standard,High,3.20,5,43,7.45,9,Moderate Delay,38.28
TRIP202203,Windy,Express,Moderate,21.30,26,28,2.03,21,Severe Delay,118.51
TRIP208600,Windy,Standard,Moderate,10.71,13,44,3.40,19,Severe Delay,64.39
TRIP200920,Clear,Standard,High,5.35,7,45,2.33,17,Severe Delay,37.50
TRIP200285,Clear,Mini Bus,High,15.24,15,4,6.24,5,Moderate Delay,85.27
TRIP200038,Foggy,Standard,High,19.42,22,48,0.94,6,Severe Delay,131.32
TRIP207803,Clear,Mini Bus,Moderate,13.43,18,37,2.63,7,Severe Delay,74.69
TRIP206784,Clear,Mini Bus,Moderate,12.69,13,18,3.52,20,On Time,57.87
TRIP208102,Clear,Mini Bus,High,8.53,8,10,3.90,10,Moderate Delay,39.50
TRIP208485,Clear,Mini Bus,Moderate,,6,12,12.64,22,On Time,28.35
TRIP205024,Clear,Standard,Moderate,6.78,5,34,10.42,17,Moderate Delay,30.43
TRIP209022,Clear,Standard,Severe,13.50,18,36,1.93,7,Severe Delay,108.52
TRIP201249,Rainy,Mini Bus,Moderate,10.48,9,16,2.24,9,Severe Delay,62.16
TRIP204499,Rainy,Standard,High,19.00,15,39,,9,Severe Delay,133.04
TRIP201727,Clear,Standard,High,17.18,20,35,8.73,5,Severe Delay,105.24
TRIP202052,Clear,Standard,Severe,3.89,3,41,2.68,11,Moderate Delay,38.94
TRIP206540,Foggy,Standard,High,21.47,26,24,4.39,9,Severe Delay,150.59
TRIP208127,Windy,Standard,Moderate,6.14,5,31,8.16,13,On Time,37.29
TRIP205660,Windy,Standard,Moderate,8.90,3,45,,19,Moderate Delay,42.86
TRIP202409,Windy,Standard,Low,12.17,13,43,18.00,17,On Time,55.52
TRIP209712,Rainy,Mini Bus,Severe,13.95,15,7,3.17,15,Severe Delay,123.17
TRIP206669,Clear,Express,Severe,18.62,15,30,2.88,5,Severe Delay,126.30
TRIP201605,Windy,Standard,High,6.36,4,55,3.84,15,Moderate Delay,41.76
TRIP203729,Foggy,Mini Bus,Moderate,10.00,11,15,6.85,11,On Time,46.91
TRIP206002,Clear,Standard,Moderate,9.33,15,,2.50,9,Moderate Delay,58.60
TRIP209730,Foggy,Standard,Moderate,7.35,5,26,3.66,13,On Time,38.23
TRIP202361,Windy,Standard,Low,9.96,13,22,3.27,6,On Time,42.50
TRIP209543,Rainy,Standard,Low,4.14,6,47,10.25,23,On Time,24.39
TRIP206746,Clear,Mini Bus,High,6.03,5,35,3.02,10,Moderate Delay,31.28
TRIP203402,Rainy,Standard,Low,25.91,26,25,7.90,6,Moderate Delay,137.59
TRIP203992,Rainy,Mini Bus,High,11.79,11,24,6.77,8,Severe Delay,91.36
TRIP207808,Foggy,Express,Moderate,15.48,17,28,10.17,6,On Time,72.49
TRIP206159,Windy,Mini Bus,Moderate,8.08,8,7,6.17,22,On Time,32.29
TRIP206425,Clear,Express,High,11.58,11,37,7.72,19,Moderate Delay,52.73
TRIP208814,Foggy,Express,Moderate,5.29,5,11,4.13,20,On Time,19.02
TRIP209303,Clear,Mini Bus,High,7.57,9,30,4.36,13,Moderate Delay,34.13
TRIP205943,Clear,Standard,Severe,5.07,7,41,4.13,13,Moderate Delay,34.58
TRIP200376,Rainy,Express,Moderate,9.39,11,16,4.42,5,On Time,45.14
TRIP206029,Foggy,Standard,Severe,21.12,18,45,5.56,16,Severe Delay,166.24
TRIP208664,Foggy,Standard,Moderate,14.92,16,42,4.81,18,Severe Delay,92.49
TRIP206531,Rainy,Mini Bus,High,11.82,13,7,5.99,11,Severe Delay,77.73
TRIP209551,Clear,Mini Bus,Moderate,8.10,3,5,6.04,11,On Time,22.89
TRIP203499,Clear,Standard,Moderate,10.09,11,27,4.57,11,On Time,41.80
TRIP209756,Clear,Express,Moderate,13.31,15,32,9.62,17,Moderate Delay,49.09
TRIP209306,Clear,Express,Moderate,7.87,9,45,7.36,18,Moderate Delay,35.35
TRIP203735,Rainy,Standard,Low,11.21,14,52,7.48,18,Moderate Delay,51.92
TRIP202887,Rainy,Express,Severe,8.81,10,7,8.15,6,Moderate Delay,62.64
TRIP202127,Clear,Standard,High,9.02,10,39,7.23,6,Moderate Delay,51.15
TRIP201849,Clear,Standard,High,18.82,18,28,13.23,21,Severe Delay,106.70
TRIP208048,Rainy,Standard,High,10.61,11,33,5.63,14,Severe Delay,68.70
TRIP208313,Rainy,Mini Bus,High,2.64,3,16,2.94,21,Severe Delay,29.96
TRIP200493,Rainy,Mini Bus,High,8.42,11,12,4.87,11,Severe Delay,63.80
TRIP203412,Clear,Mini Bus,Low,13.75,12,18,3.70,10,On Time,51.74
TRIP201538,Clear,Standard,Low,15.66,15,37,2.72,7,Moderate Delay,60.88
TRIP201435,Rainy,Express,Severe,8.89,9,29,3.89,19,Severe Delay,61.73
TRIP201941,Rainy,Standard,Moderate,10.71,13,34,11.37,9,Moderate Delay,59.44
TRIP206211,Clear,Standard,High,16.30,16,29,5.09,22,Moderate Delay,104.31
TRIP207297,Foggy,Standard,Moderate,19.19,20,19,0.97,22,Severe Delay,94.80
TRIP202053,Rainy,Standard,High,3.40,3,31,3.76,14,Moderate Delay,33.47
TRIP208947,Rainy,Express,Moderate,6.40,7,18,4.01,12,Moderate Delay,32.26
TRIP208367,Clear,Mini Bus,Low,10.34,10,10,3.85,21,On Time,48.06
TRIP208318,Foggy,Express,High,13.83,13,16,7.98,11,Moderate Delay,70.66
TRIP200225,Windy,Standard,High,14.16,16,30,17.87,23,On Time,86.51
TRIP200628,Windy,Express,High,6.78,5,21,3.14,21,On Time,32.67
TRIP200427,Rainy,Express,Moderate,6.74,6,15,2.88,20,Moderate Delay,30.80
TRIP202835,Windy,Standard,Severe,9.55,8,50,0.66,8,Severe Delay,78.32
TRIP201940,Windy,Express,Moderate,6.87,6,28,3.78,19,On Time,30.89
TRIP200487,Foggy,Standard,Moderate,13.70,18,31,18.00,5,Moderate Delay,71.43
TRIP209178,Rainy,Mini Bus,High,3.74,3,21,6.39,14,Moderate Delay,46.25
TRIP206659,Clear,Mini Bus,High,9.65,12,29,1.62,8,Severe Delay,61.05
TRIP201510,Windy,Mini Bus,Moderate,7.22,5,11,4.18,21,On Time,37.59
TRIP201584,,Mini Bus,Moderate,5.59,7,,8.50,8,On Time,32.02
TRIP204488,Clear,Mini Bus,Moderate,11.05,8,8,1.13,14,Moderate Delay,45.51
TRIP207116,Clear,Standard,Moderate,5.56,6,46,0.51,6,Severe Delay,29.34
TRIP209524,Clear,Standard,Moderate,9.64,12,35,1.15,15,Moderate Delay,45.13
TRIP208384,Clear,Express,High,7.01,9,20,8.74,21,On Time,31.77
TRIP205182,Clear,Standard,High,9.37,10,38,18.00,19,Moderate Delay,62.50
TRIP202182,Clear,Standard,Low,7.20,7,34,4.47,9,Moderate Delay,36.15
TRIP203695,Foggy,Express,Low,12.23,15,12,5.50,10,On Time,47.32
TRIP200683,Rainy,Express,Moderate,8.95,5,28,2.30,22,On Time,34.65
TRIP201914,Clear,Standard,High,17.22,18,43,16.19,8,Severe Delay,105.90
TRIP205677,Rainy,Mini Bus,Moderate,3.01,3,21,10.05,11,On Time,30.96
TRIP202248,Clear,Standard,Moderate,23.29,24,36,9.44,5,Moderate Delay,127.93
TRIP206664,Clear,Standard,Moderate,12.69,13,26,7.78,20,Moderate Delay,50.82
TRIP200176,Clear,Standard,Moderate,7.81,12,34,4.87,21,On Time,36.91
TRIP202149,Windy,Standard,Moderate,,8,54,2.52,21,Severe Delay,43.20
TRIP204881,Clear,Standard,High,6.60,6,39,3.71,15,On Time,31.54
TRIP205097,Clear,Standard,High,18.28,20,39,5.05,14,Moderate Delay,109.63
TRIP200052,Foggy,Mini Bus,High,24.96,23,10,10.99,14,Severe Delay,165.31
TRIP203741,Clear,Standard,Severe,11.76,16,31,14.86,6,Moderate Delay,84.16
TRIP203212,Clear,Standard,Moderate,12.03,13,42,5.97,21,On Time,60.65
TRIP206968,Clear,Standard,High,12.51,15,44,11.59,19,Moderate Delay,84.71
TRIP201427,Rainy,Standard,Severe,9.96,11,44,10.11,18,Severe Delay,83.36
TRIP200197,Clear,Mini Bus,Moderate,9.32,8,32,7.91,14,On Time,45.83
TRIP207260,Clear,Standard,Moderate,6.06,7,35,4.33,12,On Time,23.44
TRIP204047,Clear,Standard,Severe,3.38,3,28,11.29,13,Moderate Delay,27.76
TRIP203962,Clear,Express,Low,14.67,20,18,5.55,5,On Time,41.67
TRIP206017,Rainy,Express,Severe,8.76,5,34,2.47,15,Severe Delay,64.98
TRIP202178,Rainy,Express,Moderate,10.18,15,42,4.39,18,Severe Delay,60.12
TRIP201576,Rainy,Standard,Moderate,11.86,10,33,11.24,22,On Time,49.50
TRIP203382,Clear,Express,Moderate,10.44,8,24,0.22,11,On Time,40.87
TRIP204224,Clear,Express,High,4.58,8,10,4.21,10,On Time,23.95
TRIP207577,Rainy,Express,Moderate,7.85,8,20,4.51,12,On Time,29.34
TRIP209667,Clear,Standard,Moderate,8.78,12,7,3.42,10,On Time,43.89
TRIP206640,Windy,Standard,Moderate,12.24,17,34,4.21,5,Moderate Delay,55.63
TRIP200211,Clear,Standard,Low,12.66,12,54,5.16,10,On Time,48.82
TRIP203987,Rainy,Standard,Moderate,16.49,19,46,6.81,5,Severe Delay,82.89
TRIP203398,Clear,Standard,High,10.45,11,26,13.12,14,On Time,57.12
TRIP207374,Windy,Mini Bus,High,17.17,19,18,9.81,19,Severe Delay,109.93
TRIP202578,Clear,Standard,Moderate,10.04,15,50,5.83,8,Severe Delay,53.78
TRIP205015,Rainy,Standard,High,6.60,7,37,2.94,20,Severe Delay,49.16
TRIP203716,Windy,Mini Bus,Moderate,8.37,7,23,8.93,23,On Time,38.55
TRIP203277,Clear,Express,High,10.72,9,32,,21,On Time,47.03
TRIP204571,Windy,Standard,Moderate,13.19,14,40,7.61,14,On Time,76.72
TRIP208537,Clear,Standard,Severe,11.73,12,31,6.94,13,Moderate Delay,76.36
TRIP209235,Rainy,Standard,Severe,18.91,21,34,2.95,11,Severe Delay,167.67
TRIP207223,Clear,Standard,Moderate,8.86,11,36,9.46,18,Moderate Delay,55.75
TRIP203066,Clear,Standard,High,8.94,10,33,12.78,13,Moderate Delay,49.70
TRIP201252,Foggy,Standard,Moderate,10.78,13,46,3.79,18,Severe Delay,67.38
TRIP203325,,Standard,Moderate,9.61,6,42,9.75,5,On Time,40.65
TRIP201183,Clear,Standard,High,4.79,3,38,6.03,15,On Time,27.59
TRIP201205,Windy,Express,Low,5.17,4,11,4.87,7,On Time,20.53
TRIP204908,Windy,Mini Bus,High,2.22,3,31,9.84,8,Severe Delay,33.26
TRIP204978,Rainy,Standard,Severe,6.61,4,22,4.71,13,Severe Delay,59.68
TRIP208045,Clear,Standard,High,5.64,6,43,4.70,19,Severe Delay,44.70
TRIP203779,Foggy,Express,Low,4.82,5,31,4.67,12,On Time,21.43
TRIP205707,Clear,Mini Bus,Severe,3.78,3,15,2.25,10,Moderate Delay,33.43
TRIP201729,Clear,Mini Bus,High,15.04,18,27,3.34,19,Severe Delay,99.42
TRIP208381,Clear,Mini Bus,Severe,11.73,9,10,4.07,23,Moderate Delay,93.97
TRIP201530,Rainy,Standard,High,8.57,5,33,1.38,15,Moderate Delay,58.39
TRIP204694,Rainy,Standard,Moderate,13.16,11,48,2.62,9,Severe Delay,76.52
TRIP202998,Clear,Standard,Moderate,3.33,3,40,0.71,8,Moderate Delay,27.46
TRIP209070,Rainy,Mini Bus,Low,17.88,17,23,4.47,12,Moderate Delay,83.03
TRIP203567,Clear,Express,High,14.95,17,21,9.90,23,Moderate Delay,77.95
TRIP206089,Rainy,Express,Moderate,11.34,12,31,11.28,8,On Time,43.54
TRIP200912,Rainy,Standard,Low,7.29,8,30,4.49,5,On Time,40.79
TRIP209433,Clear,Mini Bus,Moderate,17.79,16,16,2.65,23,Severe Delay,86.98
TRIP206179,Clear,Standard,Low,13.33,12,38,4.62,12,On Time,55.74
TRIP208056,,Standard,Moderate,9.66,8,32,2.75,15,Moderate Delay,34.32
TRIP205230,Clear,Standard,Moderate,5.01,4,41,6.10,22,On Time,25.73
TRIP207592,Clear,Standard,Low,6.26,7,26,8.83,23,On Time,25.32
TRIP207179,Clear,Mini Bus,Low,16.84,15,19,10.09,7,Moderate Delay,69.81
TRIP203177,Clear,Express,Severe,15.45,18,14,5.04,13,Moderate Delay,91.68
TRIP201742,Clear,Mini Bus,Low,10.33,12,13,4.77,10,On Time,36.86
TRIP205321,Clear,Standard,Moderate,13.83,15,21,3.79,20,Moderate Delay,70.78
TRIP204660,Foggy,Standard,High,8.62,6,41,7.62,15,Moderate Delay,49.80
TRIP209690,Windy,Mini Bus,Moderate,12.19,15,29,5.40,18,Moderate Delay,67.12
TRIP208660,Foggy,Mini Bus,Moderate,11.38,13,20,2.18,10,Moderate Delay,64.22
TRIP209039,Foggy,Standard,Moderate,10.87,12,42,4.78,7,Severe Delay,70.26
TRIP202137,Clear,Standard,High,5.23,8,39,5.67,14,Moderate Delay,38.66
TRIP206863,Clear,Mini Bus,Severe,5.97,3,13,4.53,22,Moderate Delay,39.24
TRIP206067,Rainy,Mini Bus,High,14.93,15,5,4.98,20,Severe Delay,98.27
TRIP206529,Clear,Standard,Low,13.18,14,51,7.48,23,On Time,48.40
TRIP202605,Clear,Standard,High,4.98,9,38,1.16,13,Moderate Delay,35.71
TRIP200506,Clear,Standard,High,,15,40,3.47,9,Severe Delay,67.16
TRIP204233,Windy,Express,Moderate,14.32,16,25,5.53,16,Moderate Delay,72.41
TRIP207951,Clear,Standard,Moderate,9.40,6,34,9.08,12,On Time,48.03
TRIP206598,Clear,Express,Low,9.75,6,46,5.47,18,Moderate Delay,42.41
TRIP206289,Foggy,Standard,Low,10.17,12,51,10.34,9,Severe Delay,60.71
TRIP203004,Foggy,Standard,Moderate,3.26,3,55,0.92,16,Severe Delay,41.85
TRIP203168,Clear,Standard,Severe,5.89,10,33,3.38,14,Moderate Delay,46.09
TRIP204273,Windy,Express,Low,2.58,3,14,18.00,13,On Time,12.00
TRIP207530,Rainy,Express,High,32.00,37,46,9.68,18,Severe Delay,180.00
TRIP205923,Clear,Standard,Moderate,2.32,3,29,3.86,20,On Time,17.16
TRIP206344,Windy,Standard,High,13.06,13,53,2.66,19,Severe Delay,82.82
TRIP204637,Rainy,Standard,High,7.24,9,34,13.33,7,Severe Delay,61.31
TRIP200909,Rainy,Standard,Moderate,11.73,11,,7.72,8,Severe Delay,74.88
TRIP203627,Rainy,Standard,Low,2.73,3,42,18.00,5,On Time,14.74
TRIP209248,Clear,Standard,High,7.55,6,44,18.00,9,On Time,38.01
TRIP205341,Windy,Standard,Moderate,8.26,9,28,,6,Moderate Delay,37.54
TRIP200128,Clear,Standard,High,13.66,14,29,4.32,21,On Time,74.41
TRIP209336,Clear,Mini Bus,Moderate,7.40,9,31,11.91,16,Moderate Delay,38.52
TRIP204979,Windy,Express,High,7.18,9,30,4.42,14,Moderate Delay,38.88
TRIP203725,Foggy,Express,High,6.55,10,8,8.02,14,Moderate Delay,39.34
TRIP209789,Clear,Standard,Moderate,18.89,20,41,7.57,13,Moderate Delay,109.25
TRIP202543,Rainy,Mini Bus,Severe,17.38,16,18,2.48,11,Severe Delay,137.67
TRIP202161,Clear,Mini Bus,Low,5.23,4,3,10.52,23,On Time,28.31
TRIP203661,Clear,Standard,High,8.77,9,38,3.41,9,Moderate Delay,52.25
TRIP204194,Windy,Mini Bus,Severe,8.99,9,11,6.56,15,Moderate Delay,60.74
TRIP201102,Rainy,Express,Moderate,24.88,25,39,3.99,14,Moderate Delay,125.24
TRIP206544,Clear,Standard,Moderate,17.59,18,50,13.99,16,Severe Delay,101.27
TRIP206394,Windy,Express,High,8.84,10,22,12.11,22,On Time,38.07
TRIP204781,Foggy,Mini Bus,Severe,14.80,16,17,11.81,22,Severe Delay,115.34
TRIP209203,Clear,Standard,Moderate,11.04,10,,7.10,8,On Time,47.01
TRIP204905,Rainy,Standard,High,14.12,18,31,4.04,23,Severe Delay,93.42
TRIP206292,Rainy,Mini Bus,Low,7.66,11,34,9.48,17,Severe Delay,52.95
TRIP200956,Rainy,Standard,Low,13.09,13,34,1.36,11,Moderate Delay,58.78
TRIP202902,Foggy,Standard,High,8.15,7,38,2.96,21,Moderate Delay,52.83
TRIP203564,Clear,,Low,10.19,8,35,4.46,8,Moderate Delay,45.48
TRIP202851,Clear,Mini Bus,Moderate,5.10,6,31,,8,Moderate Delay,29.38
TRIP202636,Clear,Standard,Moderate,3.53,3,43,13.66,14,On Time,13.54
TRIP204828,,Express,Moderate,10.83,12,34,3.26,8,Moderate Delay,59.97
TRIP205648,Clear,Mini Bus,Moderate,10.15,10,22,1.59,9,Moderate Delay,55.98
TRIP201190,,Express,Moderate,12.38,8,6,2.12,14,On Time,44.37
TRIP206204,Clear,Standard,Moderate,14.13,14,20,4.22,15,On Time,59.96
TRIP202587,Rainy,Mini Bus,Severe,7.94,10,25,8.25,6,Severe Delay,59.47
TRIP202412,Rainy,Standard,High,20.58,22,45,2.50,7,Severe Delay,148.46
TRIP203753,Clear,Standard,Moderate,11.05,12,36,6.60,21,On Time,46.89
TRIP201825,Rainy,Mini Bus,Moderate,15.78,18,4,1.44,11,Severe Delay,87.68
TRIP201526,Clear,Mini Bus,Moderate,14.97,16,20,3.34,22,On Time,72.75
TRIP201188,Rainy,Standard,High,10.28,14,52,10.86,9,Severe Delay,86.42
TRIP209242,Clear,Express,Severe,8.08,10,6,1.54,20,Moderate Delay,43.32
TRIP207080,Clear,Standard,Moderate,12.21,11,19,5.31,23,On Time,52.74
TRIP209841,Clear,Express,High,6.05,4,23,5.39,23,On Time,15.99
TRIP205139,Clear,Express,High,2.78,3,34,6.28,18,On Time,14.97
TRIP201916,,Standard,Moderate,6.07,6,21,2.78,10,On Time,28.61
TRIP203022,Rainy,Mini Bus,Severe,13.50,10,11,0.51,14,Severe Delay,103.67
TRIP208790,Clear,Mini Bus,Moderate,10.09,11,34,16.42,7,Moderate Delay,60.33
TRIP206505,Clear,Standard,Moderate,7.40,8,25,7.70,15,On Time,35.39
TRIP204045,Foggy,Express,Severe,15.35,17,21,1.51,6,Severe Delay,108.30
TRIP203628,Clear,Mini Bus,Moderate,9.89,12,21,2.45,15,Moderate Delay,46.36
TRIP205066,Clear,Mini Bus,Moderate,14.01,14,20,0.91,19,Moderate Delay,80.83
TRIP201628,Clear,Standard,Moderate,8.00,9,32,10.73,11,On Time,51.68
TRIP200566,Rainy,Express,Low,12.43,9,16,1.83,21,On Time,45.79
TRIP203824,Clear,Mini Bus,Low,18.79,22,34,2.54,13,Moderate Delay,80.75
TRIP209527,Clear,Standard,Low,11.30,13,25,2.27,5,On Time,42.55
TRIP206506,Foggy,Standard,Moderate,6.40,7,24,3.40,22,On Time,40.06
TRIP205929,Clear,Standard,Severe,6.57,3,34,1.25,16,Severe Delay,44.58
TRIP203489,Clear,Standard,Severe,12.97,15,59,4.06,18,Severe Delay,105.27
TRIP201467,Clear,Standard,High,2.23,3,30,1.71,18,Moderate Delay,33.35
TRIP205051,Clear,Standard,Low,14.07,10,33,8.29,21,On Time,39.40
TRIP205326,Rainy,Standard,Moderate,6.05,7,54,11.36,9,Severe Delay,39.94
TRIP207527,Rainy,Standard,Low,5.50,8,26,4.03,5,On Time,32.33
TRIP206036,Windy,Mini Bus,Severe,7.96,9,31,8.01,20,Moderate Delay,73.90
TRIP204478,Rainy,Standard,Low,13.56,15,36,2.29,18,Severe Delay,77.93
TRIP204751,Clear,Standard,Moderate,6.99,5,51,8.81,21,On Time,36.38
TRIP203525,Windy,Mini Bus,High,9.84,11,3,1.24,5,Severe Delay,59.96
TRIP208879,Clear,Standard,Low,3.74,5,37,1.21,23,On Time,28.43
TRIP206046,Clear,Express,High,14.06,15,23,2.13,7,Severe Delay,75.45
TRIP203568,Rainy,Express,Low,7.41,9,21,8.20,11,On Time,18.93
TRIP201927,Rainy,Standard,Moderate,5.98,4,51,4.20,7,Moderate Delay,40.97
TRIP207047,Clear,Standard,High,13.27,12,28,7.33,21,Moderate Delay,71.51
TRIP200316,Clear,Express,Low,21.77,23,19,15.92,10,On Time,84.65
TRIP206368,Clear,Standard,Low,8.32,7,17,4.70,11,On Time,27.06
TRIP208374,Clear,Standard,Moderate,5.14,3,42,7.25,17,Moderate Delay,26.07
TRIP201684,Clear,Mini Bus,Severe,8.36,7,31,6.13,17,Severe Delay,67.36
TRIP200167,Clear,Express,High,10.75,12,31,0.69,19,Severe Delay,62.30
TRIP207176,Clear,Standard,High,12.74,17,30,7.68,10,Moderate Delay,71.86
TRIP203713,Clear,Standard,Moderate,24.13,22,37,11.37,23,Moderate Delay,125.92
TRIP200214,Clear,Mini Bus,Moderate,18.77,20,29,8.74,22,Moderate Delay,91.74
TRIP208373,Clear,Mini Bus,Moderate,19.67,18,29,0.94,5,Moderate Delay,106.00
TRIP201513,Clear,Standard,Moderate,7.26,10,48,3.73,14,On Time,45.52
TRIP200386,Windy,Standard,Low,9.23,10,36,10.81,5,On Time,43.18
TRIP206417,Clear,Mini Bus,Low,13.32,14,3,2.32,20,On Time,60.07
TRIP208906,Foggy,Mini Bus,High,6.58,8,21,4.56,5,Severe Delay,44.72
TRIP209619,Foggy,Standard,Low,12.53,14,34,3.63,22,On Time,58.43
TRIP205675,Clear,Mini Bus,High,2.93,4,43,7.16,16,Moderate Delay,39.40
TRIP201546,Clear,Mini Bus,High,9.14,7,27,,12,Moderate Delay,50.55
TRIP205871,,Standard,Severe,6.45,9,39,7.75,5,Moderate Delay,62.51
TRIP201539,Windy,Standard,Low,10.71,12,31,7.53,17,On Time,52.77
TRIP206326,Clear,Mini Bus,Moderate,4.34,7,23,8.41,10,On Time,25.28
TRIP200317,Foggy,Standard,Low,6.58,5,28,2.60,5,On Time,33.70
TRIP203254,Rainy,Mini Bus,Moderate,7.33,4,35,5.00,17,Moderate Delay,47.74
TRIP204033,Clear,Standard,Moderate,22.70,23,52,6.04,17,Severe Delay,129.85
TRIP201261,Rainy,Standard,Low,13.66,17,30,3.07,6,Moderate Delay,54.76
TRIP208576,Clear,Standard,High,4.65,3,40,4.99,22,Moderate Delay,16.84
TRIP206091,Clear,Standard,Severe,9.68,8,41,1.15,9,Severe Delay,71.82
TRIP207442,Rainy,Mini Bus,Moderate,6.45,8,35,,5,On Time,36.90
TRIP200103,Clear,Standard,Low,6.46,7,42,3.91,19,On Time,33.80
TRIP203445,Clear,Express,Low,7.75,10,3,4.30,23,On Time,12.00
TRIP202159,Foggy,Standard,Low,9.63,7,34,1.71,21,Moderate Delay,50.11
TRIP204459,Foggy,Mini Bus,High,14.35,18,24,2.27,10,Severe Delay,100.90
TRIP207305,Windy,Express,Moderate,8.00,10,11,3.91,20,On Time,19.89
TRIP202856,Clear,Express,High,3.49,4,40,3.82,13,On Time,14.99
TRIP204554,Windy,Mini Bus,Moderate,9.40,11,14,11.06,6,On Time,47.64
TRIP206341,Clear,Standard,High,,3,38,0.56,16,Severe Delay,37.97
TRIP209107,Clear,Express,Moderate,9.99,12,16,4.32,11,On Time,36.65
TRIP206040,Rainy,Standard,Moderate,21.18,22,52,6.13,21,Moderate Delay,118.01
TRIP209817,Clear,Standard,Low,6.42,3,30,5.50,20,On Time,25.94
TRIP206997,Clear,Mini Bus,High,26.25,26,11,3.33,19,Severe Delay,180.00
TRIP207293,Clear,Mini Bus,High,18.47,17,,2.67,20,Severe Delay,111.82
TRIP208976,Windy,Standard,High,8.74,8,46,8.75,21,Severe Delay,60.73
TRIP207547,Clear,Standard,High,6.56,6,29,14.95,14,On Time,29.01
TRIP208834,Rainy,Standard,Moderate,,9,26,4.05,23,On Time,40.99
TRIP201862,Clear,Standard,Moderate,9.64,11,18,1.31,6,Moderate Delay,43.68
TRIP201568,Clear,Mini Bus,Moderate,2.31,3,16,4.89,21,On Time,12.00
TRIP200075,Windy,Express,Low,11.44,9,25,6.27,10,On Time,32.03
TRIP209801,,,Severe,7.06,8,42,4.29,12,Moderate Delay,65.91
TRIP200120,Foggy,Standard,Moderate,14.72,17,31,11.10,6,On Time,75.82
TRIP208909,Clear,Standard,Low,4.36,7,60,3.55,8,Moderate Delay,28.29
TRIP202840,,Standard,Low,10.21,10,58,2.02,16,Severe Delay,52.59
TRIP205837,Clear,Standard,Moderate,15.81,19,28,1.19,13,Severe Delay,71.54
TRIP203281,Rainy,Express,Moderate,4.70,3,17,1.68,22,On Time,12.00
TRIP205354,Clear,Standard,Moderate,6.31,6,,5.11,13,On Time,26.00
TRIP203008,Clear,Standard,Moderate,13.44,16,53,3.65,9,Severe Delay,77.10
TRIP203573,Clear,Standard,Moderate,7.88,10,55,14.27,17,Severe Delay,41.12
TRIP202803,Clear,Express,Low,9.96,12,22,2.97,11,On Time,33.50
TRIP200963,Windy,Express,High,10.22,13,17,4.43,20,Moderate Delay,51.10
TRIP203953,Rainy,Standard,Low,10.37,17,51,6.18,17,Severe Delay,53.90
TRIP208278,Clear,Express,Severe,3.67,4,37,8.47,8,Moderate Delay,32.38
TRIP202728,Windy,Mini Bus,High,13.34,14,10,11.98,12,Severe Delay,83.63
TRIP209549,Clear,Mini Bus,Moderate,5.70,3,4,17.35,21,On Time,27.75
TRIP200315,Clear,Express,Low,10.24,11,28,1.75,15,On Time,29.01
TRIP201276,Windy,Standard,High,4.79,3,31,10.59,14,Moderate Delay,28.10
TRIP209000,Clear,Standard,Severe,7.88,8,32,3.11,22,Moderate Delay,61.36
TRIP207291,Clear,Standard,High,5.26,3,33,5.62,21,On Time,30.86
TRIP207626,Rainy,Standard,Moderate,7.43,8,24,2.90,21,Moderate Delay,40.77
TRIP209728,Rainy,Express,Low,12.20,12,40,8.25,18,On Time,52.64
TRIP209659,Clear,Express,Severe,6.12,4,36,8.51,20,On Time,37.17
TRIP202084,Clear,Standard,High,18.97,19,41,5.35,14,Severe Delay,113.89
TRIP202660,Rainy,Standard,Severe,12.06,10,40,9.12,9,Severe Delay,107.22
TRIP201841,Rainy,Standard,Moderate,4.21,10,41,4.81,22,Moderate Delay,29.46
TRIP201257,Clear,Standard,Severe,3.48,4,19,2.90,5,Moderate Delay,37.80
TRIP201514,Clear,Standard,Severe,4.99,5,33,4.73,5,On Time,42.84
TRIP203830,Clear,Standard,Moderate,12.60,16,,2.06,11,On Time,54.06
TRIP202581,Rainy,Standard,High,6.78,5,25,7.24,12,Moderate Delay,48.58
TRIP203895,Windy,Express,Moderate,3.71,6,25,11.55,5,On Time,12.00
TRIP200779,,Express,High,6.70,12,37,2.02,16,Severe Delay,39.01
TRIP208674,Rainy,Standard,High,9.58,11,29,7.62,11,Moderate Delay,70.59
TRIP208492,Windy,Standard,Low,4.49,8,35,3.63,8,Moderate Delay,32.60
TRIP208657,Clear,Standard,Severe,8.71,10,31,4.21,9,Moderate Delay,62.93
TRIP204347,Rainy,Express,Moderate,16.88,15,18,4.12,17,Moderate Delay,83.55
TRIP209709,Clear,Standard,Moderate,15.77,16,43,18.00,18,Moderate Delay,71.31
TRIP202681,Rainy,Standard,High,7.60,11,10,5.84,5,Severe Delay,57.76
TRIP204510,Clear,Express,Moderate,10.82,13,33,3.80,12,On Time,30.66
TRIP206050,Foggy,Mini Bus,Severe,7.32,9,41,5.26,9,Severe Delay,76.40
TRIP209695,Clear,Standard,High,6.40,3,45,9.37,22,On Time,47.17
TRIP201362,Clear,Standard,High,6.13,5,40,4.39,9,Moderate Delay,43.24
TRIP207295,Clear,Mini Bus,Low,5.66,6,27,1.96,15,On Time,24.45
TRIP207272,Windy,Express,High,8.74,12,25,4.59,5,Moderate Delay,34.80
TRIP206256,Rainy,Mini Bus,Moderate,18.62,21,25,16.59,9,Severe Delay,110.13
TRIP207822,Clear,Express,High,25.65,29,25,3.42,14,Moderate Delay,154.43
TRIP207030,Clear,Express,Moderate,6.68,10,10,10.98,15,On Time,25.18
TRIP208144,Rainy,,High,9.79,9,20,1.77,15,Severe Delay,72.75
TRIP202192,Rainy,Standard,Moderate,15.94,17,29,2.39,12,Severe Delay,74.65
TRIP201383,Rainy,Standard,Moderate,5.64,8,35,5.41,5,Moderate Delay,34.15
TRIP200687,Windy,Standard,High,7.30,7,25,,23,On Time,47.59
TRIP207066,Foggy,Standard,Low,9.67,9,45,2.57,23,Moderate Delay,35.02
TRIP206520,Clear,Mini Bus,High,15.26,16,31,7.38,7,Severe Delay,90.81
TRIP202458,Rainy,Express,Low,5.44,8,11,2.55,15,On Time,19.39
TRIP200063,Clear,Standard,High,10.99,14,37,9.31,16,Moderate Delay,63.22
TRIP205244,Rainy,Express,Severe,10.68,12,32,2.13,11,Severe Delay,67.48
TRIP200943,Clear,Standard,Moderate,6.32,7,39,3.39,17,Moderate Delay,46.42
TRIP203966,Clear,Express,Moderate,12.74,15,42,3.36,5,On Time,53.38
TRIP205348,Foggy,Express,Moderate,14.04,13,40,8.13,6,On Time,62.16
TRIP202150,Clear,Standard,Low,7.79,7,42,5.03,15,On Time,25.12
TRIP200849,Clear,Mini Bus,Low,13.18,14,11,3.21,22,On Time,53.22
TRIP205632,Clear,Express,Low,8.58,7,4,2.93,23,On Time,19.93
TRIP208888,Clear,Standard,High,12.83,13,50,7.01,19,Severe Delay,84.95
TRIP202790,Clear,Express,Moderate,13.74,15,30,6.07,12,On Time,49.77
TRIP206545,Clear,Standard,Severe,5.73,8,42,1.81,13,Moderate Delay,49.19
TRIP205149,Clear,Standard,High,4.69,3,,2.22,8,Moderate Delay,34.01
TRIP209304,Clear,Standard,Moderate,9.35,10,33,10.84,20,On Time,39.13
TRIP208745,Clear,Standard,Moderate,6.26,11,28,11.68,11,On Time,42.29
TRIP200979,Clear,Mini Bus,High,3.37,3,16,6.53,20,On Time,29.33
TRIP202038,Foggy,Standard,High,9.67,10,28,2.22,23,Severe Delay,61.26
TRIP205835,Windy,Standard,Low,2.25,3,39,4.18,18,Moderate Delay,35.79
TRIP204600,Rainy,,Moderate,15.27,18,21,4.41,20,Moderate Delay,81.48
TRIP205713,Windy,Standard,High,10.96,11,40,9.73,9,Severe Delay,86.42
TRIP205662,Clear,Standard,Low,6.09,7,29,8.98,20,On Time,16.62
TRIP205056,Clear,Standard,High,8.48,8,28,13.26,13,On Time,48.48
TRIP206890,Clear,Standard,Low,3.09,3,44,13.10,9,On Time,30.25
TRIP201066,Clear,Standard,Severe,25.70,24,27,11.94,23,Severe Delay,180.00
TRIP205840,Foggy,Standard,Severe,31.59,31,26,6.65,14,Severe Delay,180.00
TRIP206873,Rainy,Standard,Severe,10.73,11,25,3.20,15,Severe Delay,104.08
TRIP204980,Rainy,Standard,Low,6.67,8,35,4.81,13,On Time,30.75
TRIP200610,Clear,Standard,Moderate,13.38,13,39,11.31,6,On Time,61.90
TRIP208540,Clear,Express,Severe,9.04,9,22,3.75,20,Moderate Delay,54.47
TRIP208222,Clear,Standard,Moderate,14.67,15,50,2.00,7,Severe Delay,79.02
TRIP202272,Clear,Standard,High,18.93,16,30,3.59,8,Severe Delay,125.95
TRIP200747,Foggy,Standard,Severe,19.20,19,40,1.59,21,Severe Delay,158.60
TRIP209408,Rainy,Standard,High,13.59,14,29,10.09,21,Severe Delay,88.59
TRIP206698,Clear,Express,High,8.75,10,34,2.28,21,Moderate Delay,48.38
TRIP207580,Clear,Standard,Moderate,16.65,19,47,7.89,19,Severe Delay,82.74
TRIP202047,Windy,Standard,Low,12.52,9,20,1.46,23,On Time,61.12
TRIP201165,Clear,Mini Bus,Severe,10.27,12,37,8.79,18,Severe Delay,82.67
TRIP201739,Windy,Standard,Low,10.22,14,42,2.29,10,Moderate Delay,45.25
TRIP205289,Rainy,Mini Bus,High,5.00,5,28,4.67,20,Severe Delay,41.99
TRIP208415,Clear,Express,Moderate,16.09,20,23,4.83,12,On Time,58.26
TRIP201749,Rainy,Express,Severe,9.42,9,23,3.87,22,Severe Delay,60.08
TRIP204889,Windy,Standard,Severe,12.33,15,46,6.94,7,Severe Delay,98.41
TRIP200501,Rainy,Express,Moderate,28.43,27,32,7.73,9,Severe Delay,166.06
TRIP209199,Clear,Mini Bus,Low,19.78,21,7,5.50,10,On Time,89.75
TRIP200871,Clear,Standard,High,23.36,22,23,6.82,22,Severe Delay,145.72
TRIP209769,Clear,Standard,Severe,14.02,11,31,0.67,21,Severe Delay,93.45
TRIP204848,Windy,Standard,Moderate,5.54,8,33,8.53,5,On Time,31.67
TRIP201246,Clear,Standard,High,8.22,10,30,3.88,14,On Time,32.56
TRIP203401,Rainy,Mini Bus,Low,9.40,15,9,4.45,20,On Time,47.82
TRIP201370,Clear,Standard,Low,5.13,8,54,0.94,15,Moderate Delay,25.38
TRIP208753,Foggy,Standard,Moderate,7.80,6,33,4.40,17,Moderate Delay,37.07
TRIP208267,,Mini Bus,Low,9.34,6,3,14.90,20,On Time,30.64
TRIP204456,Rainy,Mini Bus,High,9.77,10,20,1.48,22,Severe Delay,72.59
TRIP204829,Clear,Standard,Severe,5.31,5,38,3.23,22,Moderate Delay,41.40
TRIP203240,Rainy,Standard,Moderate,12.72,17,47,1.88,11,Severe Delay,72.31
TRIP202761,Clear,Mini Bus,Moderate,11.76,14,34,18.00,17,Moderate Delay,53.57
TRIP206076,Clear,Mini Bus,Moderate,10.69,9,14,11.05,12,On Time,52.55
TRIP209732,Clear,Standard,Moderate,16.22,15,35,3.26,8,Moderate Delay,81.90
TRIP206252,Rainy,Mini Bus,Moderate,3.93,3,24,16.87,16,Moderate Delay,29.48
TRIP209442,,Standard,Moderate,10.58,14,31,5.72,19,Moderate Delay,53.59
TRIP200808,Windy,Mini Bus,High,10.27,14,39,7.44,8,Severe Delay,69.13
TRIP209643,Windy,Mini Bus,High,14.85,18,9,3.34,21,Severe Delay,88.00
TRIP202759,Windy,Standard,Moderate,8.04,10,56,4.48,18,Severe Delay,43.88
TRIP200130,Clear,Express,Moderate,5.37,6,28,11.33,19,On Time,16.67
TRIP200177,Clear,Standard,High,13.11,15,39,1.38,23,Moderate Delay,77.62
TRIP204559,Clear,Mini Bus,High,10.75,9,32,6.57,17,Severe Delay,70.71
TRIP203791,Clear,Express,High,15.81,18,14,0.36,10,Moderate Delay,80.02
TRIP205147,Clear,Standard,High,5.67,5,28,2.65,14,On Time,34.34
TRIP202907,Clear,Standard,High,8.48,11,22,5.93,15,On Time,54.29
TRIP205133,Rainy,Standard,Severe,4.26,3,35,0.86,16,Severe Delay,57.40
TRIP205429,Rainy,Mini Bus,Moderate,,9,8,4.71,10,On Time,33.57
TRIP200132,Foggy,Standard,Moderate,15.29,15,36,5.06,22,On Time,75.45
TRIP205842,Clear,Mini Bus,Severe,14.49,16,29,2.16,9,Severe Delay,107.42
TRIP202107,Clear,Standard,Moderate,9.21,4,33,1.87,22,Moderate Delay,33.15
TRIP208155,Windy,Mini Bus,Low,5.80,5,35,5.38,16,Moderate Delay,35.56
TRIP201285,Clear,Mini Bus,High,14.69,18,19,15.80,9,Severe Delay,74.54
TRIP201121,Clear,Standard,Moderate,4.03,3,38,0.25,17,On Time,39.64
TRIP203675,Windy,Mini Bus,Moderate,13.78,15,16,3.76,16,Moderate Delay,76.23
TRIP200297,Windy,Express,High,6.44,7,8,18.00,5,On Time,31.26
TRIP202950,Clear,Standard,Moderate,13.57,15,21,5.03,20,On Time,67.40
TRIP208058,Clear,Mini Bus,Moderate,10.17,17,13,1.89,13,Severe Delay,54.83
TRIP206715,Clear,Standard,Severe,8.33,4,23,3.15,23,Severe Delay,67.11
TRIP207027,Clear,Standard,Moderate,13.26,12,33,10.67,9,Moderate Delay,65.94
TRIP202657,Foggy,Express,High,15.25,18,24,,16,Severe Delay,94.10
TRIP208771,Clear,Standard,Moderate,8.65,8,43,1.40,18,Moderate Delay,52.69
TRIP205274,Clear,Express,Low,7.95,8,20,3.19,12,On Time,18.50
TRIP203773,Clear,Standard,Low,6.37,3,25,1.94,6,On Time,22.76
TRIP203174,Clear,Standard,Moderate,9.40,14,33,8.39,6,On Time,35.87
TRIP202718,Windy,Mini Bus,Moderate,4.60,3,5,7.86,14,On Time,26.79
TRIP200042,Foggy,Standard,High,11.70,16,44,3.86,9,Severe Delay,86.09
TRIP209371,Clear,Standard,Severe,22.71,24,31,4.48,12,Severe Delay,175.93
TRIP203860,Rainy,Standard,Severe,7.54,8,31,12.65,22,Moderate Delay,60.40
TRIP203696,Clear,Standard,High,11.66,14,46,1.89,16,Severe Delay,78.96
TRIP200047,Foggy,Express,Moderate,13.13,11,20,6.95,14,On Time,51.19
TRIP207105,Clear,Standard,Moderate,4.06,3,16,13.20,22,On Time,19.56
TRIP204472,Foggy,Standard,High,26.63,25,29,0.82,5,Severe Delay,180.00
TRIP201975,Rainy,Standard,Moderate,9.57,10,30,8.20,11,On Time,48.74
TRIP204314,Rainy,Standard,High,24.66,28,41,12.90,20,Severe Delay,175.86
TRIP203979,Clear,Express,Severe,7.06,9,27,2.11,14,Moderate Delay,45.45
TRIP206807,Clear,Standard,Moderate,6.38,6,29,5.68,5,On Time,24.87
TRIP204237,Rainy,Mini Bus,Low,10.45,14,3,4.94,23,On Time,47.83
TRIP208093,Clear,Mini Bus,High,7.32,7,21,11.85,15,Moderate Delay,41.56
TRIP206671,,Standard,Low,5.81,5,43,2.40,23,Moderate Delay,33.52
TRIP209736,Clear,Mini Bus,Moderate,4.03,3,31,5.24,9,Moderate Delay,30.67
TRIP207864,Windy,Mini Bus,Moderate,14.50,15,27,1.50,23,Moderate Delay,82.87
TRIP207726,Clear,Standard,Moderate,5.71,6,23,5.17,7,Moderate Delay,40.38
TRIP202565,Foggy,Express,Moderate,12.88,18,18,9.66,19,Moderate Delay,59.00
TRIP205690,Foggy,Mini Bus,Moderate,13.57,11,14,16.13,11,On Time,68.39
TRIP208786,Windy,Standard,Severe,18.60,18,40,11.30,23,Severe Delay,134.75
TRIP201799,Clear,Standard,High,5.98,8,45,9.43,18,Severe Delay,41.83
TRIP205081,Clear,Standard,Severe,5.87,6,52,5.40,14,Moderate Delay,54.82
TRIP200606,Clear,Mini Bus,Moderate,4.53,5,36,6.99,7,On Time,26.54
TRIP203074,Windy,Standard,Moderate,19.35,20,36,11.77,15,Moderate Delay,102.88
TRIP208744,Clear,Express,High,11.87,13,26,2.71,12,Moderate Delay,42.18
TRIP202068,Clear,Standard,Moderate,16.09,18,49,1.32,13,Severe Delay,76.69
TRIP200882,Clear,Mini Bus,High,11.42,10,18,9.41,15,Moderate Delay,62.51
TRIP208095,Rainy,Express,Moderate,12.62,15,35,2.46,8,Severe Delay,71.62
TRIP205724,Clear,Mini Bus,Low,4.46,3,17,2.69,9,Moderate Delay,30.10
TRIP207332,Rainy,Standard,Low,11.15,12,21,3.66,5,On Time,45.08
TRIP208060,Rainy,Standard,Moderate,20.49,18,33,2.32,11,Severe Delay,116.35
TRIP205037,Clear,Express,Moderate,10.87,13,18,3.25,10,On Time,39.17
TRIP202375,Windy,Standard,Severe,10.98,11,21,12.90,13,On Time,75.93
TRIP207998,Clear,Mini Bus,Moderate,12.71,13,12,6.32,16,Moderate Delay,65.19
TRIP204212,Clear,Mini Bus,High,20.59,22,38,3.31,10,Severe Delay,132.91
TRIP203205,Clear,Standard,Moderate,19.09,21,39,3.38,8,Severe Delay,106.30
TRIP205620,Clear,Standard,High,10.61,13,29,3.38,23,On Time,62.24
TRIP207241,Clear,Mini Bus,Moderate,9.94,10,21,7.89,6,On Time,48.31
TRIP207645,Rainy,Standard,Moderate,5.60,10,33,7.96,10,Moderate Delay,34.72
TRIP206682,Foggy,Standard,Moderate,2.55,6,,9.80,9,Moderate Delay,25.02
TRIP206536,Clear,Express,Moderate,7.67,9,28,5.14,21,On Time,29.64
TRIP205508,Clear,Mini Bus,Severe,3.69,3,15,12.26,23,Moderate Delay,39.11
TRIP206245,Windy,Standard,High,12.27,16,,7.25,19,Severe Delay,90.88
TRIP209498,Clear,Standard,Moderate,8.34,7,5,15.97,11,On Time,32.40
TRIP206006,Clear,Express,High,13.64,16,19,8.40,11,Moderate Delay,78.07
TRIP203491,Clear,,Moderate,21.10,27,12,3.80,14,Moderate Delay,100.53
TRIP204481,Rainy,Standard,Moderate,9.62,13,20,2.82,6,Moderate Delay,54.76
TRIP207599,Clear,Standard,Severe,,4,52,10.15,6,Severe Delay,39.40
TRIP207669,Clear,Standard,High,8.79,7,35,8.42,9,Severe Delay,57.71
TRIP201782,Clear,Mini Bus,Moderate,6.20,3,19,1.00,11,Moderate Delay,33.20
TRIP205512,Clear,Mini Bus,High,7.38,10,43,16.87,18,Moderate Delay,51.29
TRIP202826,Windy,Standard,Severe,4.71,5,41,6.97,18,Severe Delay,33.48
TRIP200346,Foggy,Standard,Moderate,4.20,4,42,10.90,6,On Time,28.78
TRIP206122,Clear,Mini Bus,Moderate,16.19,14,7,4.49,13,On Time,72.61
TRIP209803,Foggy,Express,Moderate,4.65,4,26,13.86,11,On Time,17.54
TRIP209310,Windy,Mini Bus,Moderate,17.15,19,21,3.34,19,Severe Delay,101.32
TRIP202480,Windy,Express,Moderate,10.58,12,46,1.49,18,Moderate Delay,45.45
TRIP201367,Rainy,Standard,Severe,4.29,4,43,4.46,16,Severe Delay,49.53
TRIP209623,Clear,Standard,High,4.75,3,38,8.45,6,On Time,26.32
TRIP203655,Clear,Standard,Moderate,3.76,3,19,7.31,13,On Time,12.00
TRIP202680,Foggy,,High,17.65,20,31,3.05,21,Severe Delay,109.04
TRIP208148,Clear,Standard,Moderate,16.18,19,34,12.92,5,Moderate Delay,74.03
TRIP202354,Windy,Express,Moderate,6.29,9,17,6.60,22,On Time,22.79
TRIP200743,Clear,Standard,High,5.13,4,54,9.40,19,Severe Delay,40.65
TRIP207478,Foggy,Standard,High,7.09,13,41,7.78,16,Severe Delay,61.80
TRIP204327,Clear,Express,Severe,13.59,14,41,,14,Moderate Delay,90.94
TRIP201573,Rainy,Standard,High,8.04,6,49,9.73,21,Moderate Delay,64.86
TRIP202243,Rainy,Standard,Moderate,14.52,15,43,1.03,17,Severe Delay,74.19
TRIP209361,Clear,Mini Bus,Moderate,10.17,10,28,6.14,19,Moderate Delay,54.24
TRIP203388,Clear,Standard,High,8.01,11,31,11.50,20,On Time,37.03
TRIP200190,Rainy,Mini Bus,Severe,32.00,34,14,2.35,5,Severe Delay,180.00
TRIP200673,Clear,Standard,Moderate,5.35,7,62,9.77,9,Moderate Delay,43.37
TRIP200180,Clear,Standard,Moderate,3.92,6,43,4.88,7,On Time,34.58
TRIP201100,,Standard,High,,7,32,11.19,14,On Time,49.28
TRIP207045,Rainy,Standard,Moderate,7.45,8,24,10.11,21,On Time,44.17
TRIP204202,Windy,Express,Moderate,15.87,15,35,1.14,9,Moderate Delay,65.73
TRIP200986,Clear,Mini Bus,High,11.15,12,23,2.05,16,Severe Delay,60.91
TRIP204826,Windy,Standard,Low,7.41,9,19,4.17,5,On Time,29.79
TRIP205933,Windy,Standard,Moderate,17.27,17,38,2.57,17,Severe Delay,91.77
TRIP204110,Clear,Standard,Moderate,18.70,16,20,2.57,23,Moderate Delay,88.69
TRIP202251,Clear,Mini Bus,Moderate,14.22,16,17,7.28,14,Moderate Delay,70.14
TRIP205361,Foggy,Standard,High,11.16,12,35,4.99,12,Severe Delay,62.60
TRIP202191,Clear,Mini Bus,Severe,7.27,5,20,6.07,18,Severe Delay,62.22
TRIP200152,Clear,Standard,Low,7.20,4,45,9.96,23,On Time,29.71
TRIP200726,Foggy,Express,Low,6.89,7,34,1.80,7,Moderate Delay,31.47
TRIP205439,Clear,Standard,High,10.29,14,42,3.68,5,Moderate Delay,63.77
TRIP206840,Rainy,Mini Bus,High,4.06,3,13,7.71,20,Moderate Delay,48.59
TRIP209651,Rainy,Standard,High,17.22,18,34,0.56,18,Severe Delay,115.57
TRIP209818,Clear,Standard,High,4.42,5,48,2.29,15,Severe Delay,31.65
TRIP207666,Clear,Express,Moderate,3.98,5,26,2.85,20,On Time,14.18
TRIP206466,Rainy,Standard,Moderate,10.52,13,45,8.13,7,Moderate Delay,60.96
TRIP204126,Windy,Standard,Low,7.30,10,24,5.27,23,On Time,29.93
TRIP203766,Clear,Express,Low,6.83,6,38,8.36,7,On Time,14.48
TRIP200554,Rainy,Express,Low,14.46,16,20,6.43,12,On Time,52.80
TRIP208175,Clear,Standard,Low,2.00,3,37,2.69,8,Moderate Delay,23.20
TRIP209575,Clear,Standard,High,19.84,23,43,2.57,22,Severe Delay,123.54
TRIP200056,Clear,Standard,High,9.38,12,63,5.56,8,Severe Delay,55.26
TRIP200705,Clear,Standard,Severe,8.89,13,48,4.37,16,Severe Delay,84.13
TRIP208098,Clear,Standard,Moderate,5.08,6,29,5.07,13,On Time,41.29
TRIP209776,Windy,Standard,Low,13.44,20,48,3.97,8,Severe Delay,77.83
TRIP208621,Rainy,Mini Bus,High,6.11,3,23,4.74,17,Severe Delay,44.85
TRIP207674,Foggy,Standard,Moderate,3.93,3,36,9.79,20,On Time,36.75
TRIP205558,Clear,Standard,High,21.74,20,38,6.87,16,Severe Delay,134.73
TRIP201629,Clear,Standard,Moderate,6.46,6,32,2.54,5,On Time,42.05
TRIP206093,Clear,Express,Severe,7.18,8,22,7.35,6,On Time,35.20
TRIP208902,Clear,Standard,Moderate,3.52,4,30,1.14,23,Moderate Delay,19.99
TRIP200476,Rainy,Express,High,6.32,9,26,11.85,21,Severe Delay,49.48
TRIP202017,Clear,Standard,High,16.90,20,53,0.92,18,Severe Delay,105.58
TRIP205168,Clear,Standard,Moderate,4.67,6,41,13.61,21,On Time,19.85
TRIP203976,Rainy,Standard,Moderate,4.93,3,25,12.07,9,Moderate Delay,34.44
TRIP200842,Rainy,Standard,Severe,7.63,10,44,4.22,7,Severe Delay,83.32
TRIP209213,Clear,Standard,Moderate,29.80,31,46,7.16,23,Severe Delay,178.97
TRIP201351,Foggy,Standard,Moderate,11.12,7,37,6.72,16,Severe Delay,59.83
TRIP204244,Windy,Standard,Severe,18.98,17,25,2.40,14,Severe Delay,146.15
TRIP205188,Rainy,Standard,Moderate,6.40,8,26,6.25,11,On Time,29.92
TRIP205141,Rainy,Standard,Severe,20.52,20,39,11.79,13,Severe Delay,179.93
TRIP203941,Foggy,Express,Moderate,4.62,3,14,3.17,14,On Time,23.85
TRIP209324,Windy,Mini Bus,Moderate,15.81,10,,11.28,7,Severe Delay,87.82
TRIP203879,,Standard,Severe,7.75,10,25,4.39,13,Moderate Delay,54.40
TRIP200015,Clear,Standard,High,13.85,13,20,1.08,15,Moderate Delay,93.13
TRIP205594,Windy,Express,Moderate,5.12,3,17,2.08,20,On Time,14.67
TRIP201239,Rainy,Standard,Low,13.38,15,39,3.83,5,Moderate Delay,59.08
TRIP206070,Rainy,Mini Bus,Moderate,6.79,6,10,4.85,6,On Time,45.85
TRIP200607,Windy,Standard,Severe,12.33,9,39,5.78,19,Severe Delay,96.31
TRIP206348,Foggy,Mini Bus,Severe,8.08,12,24,7.42,23,Severe Delay,67.90
TRIP208395,Clear,Mini Bus,Severe,6.52,10,21,,18,Severe Delay,53.75
TRIP201373,Clear,Standard,Moderate,8.64,5,49,14.18,11,Moderate Delay,35.97
TRIP202344,Clear,Standard,Moderate,16.24,17,39,1.66,7,Severe Delay,94.87
TRIP204940,Rainy,Standard,Low,9.11,9,40,16.93,10,On Time,42.40
TRIP208693,Clear,Standard,High,13.22,9,10,5.82,23,On Time,69.24
TRIP201316,Rainy,Standard,Low,17.94,20,37,11.28,21,Moderate Delay,77.09
TRIP208383,Rainy,Mini Bus,Low,10.10,10,5,2.26,23,On Time,44.18
TRIP202957,Clear,Standard,Low,6.86,9,16,7.62,11,On Time,33.59
TRIP206789,Windy,Standard,High,6.42,7,31,10.77,20,Moderate Delay,43.56
TRIP201631,Clear,Express,Moderate,11.15,11,23,3.75,14,On Time,43.68
TRIP200256,Clear,Mini Bus,Moderate,10.43,11,28,3.61,21,On Time,50.45
TRIP207189,Clear,Standard,Moderate,5.86,9,40,2.86,17,Severe Delay,41.48
TRIP207777,Clear,Standard,High,11.38,9,42,4.40,19,Moderate Delay,60.21
TRIP200716,Clear,Standard,High,12.83,13,46,1.69,17,Severe Delay,77.68
TRIP201944,Clear,Express,Moderate,8.57,10,26,12.21,22,On Time,24.99
TRIP202235,Foggy,Standard,High,24.09,27,41,9.28,21,Severe Delay,164.55
TRIP203971,Clear,Mini Bus,Low,6.26,8,16,9.18,7,Moderate Delay,35.00
TRIP208430,Clear,Express,Low,17.62,18,26,8.28,21,On Time,56.28
TRIP202213,Clear,Standard,Moderate,14.98,15,38,6.79,6,Moderate Delay,66.22
TRIP201052,Clear,Standard,High,9.15,9,34,9.77,5,On Time,54.17
TRIP204934,Clear,Express,Moderate,7.74,6,25,3.03,6,On Time,20.79
TRIP206444,Clear,Mini Bus,Low,3.93,5,12,2.06,12,On Time,31.23
TRIP205170,Windy,Standard,Low,25.20,27,37,3.08,6,Moderate Delay,132.64
TRIP207914,Clear,Express,High,5.53,4,14,2.99,6,On Time,24.50
TRIP200434,Clear,Mini Bus,Moderate,12.28,16,27,2.27,9,Severe Delay,62.73
TRIP200125,Clear,Mini Bus,High,5.43,3,14,9.88,15,On Time,42.37
TRIP209621,Rainy,Standard,Low,6.84,8,36,8.12,11,On Time,30.23
TRIP207403,Windy,Mini Bus,Moderate,22.38,23,16,5.63,9,Severe Delay,123.74
TRIP200690,Clear,Mini Bus,High,7.18,7,26,1.34,21,Moderate Delay,48.87
TRIP208584,Windy,Standard,Moderate,8.02,11,45,3.82,6,Moderate Delay,51.95
TRIP207553,Foggy,Standard,High,32.00,37,34,15.39,15,Severe Delay,180.00
TRIP206495,Windy,Standard,High,3.54,3,21,10.63,5,On Time,30.06
TRIP206948,Rainy,Mini Bus,High,4.29,8,29,2.76,17,Severe Delay,53.41
TRIP205104,Rainy,Standard,High,9.00,11,31,1.42,21,Severe Delay,65.01
TRIP207706,Rainy,Standard,Moderate,9.73,11,39,0.98,11,Moderate Delay,59.63
TRIP207670,Rainy,Standard,Low,16.23,18,53,2.12,16,Severe Delay,78.08
TRIP208535,Rainy,Standard,Moderate,6.79,5,29,3.08,22,Moderate Delay,32.19
TRIP208619,Foggy,Express,High,17.51,16,9,4.45,14,Severe Delay,87.45
TRIP209247,Clear,Standard,Moderate,20.53,21,42,2.51,19,Severe Delay,122.50
TRIP208845,Rainy,Standard,Moderate,15.70,15,63,1.86,17,Severe Delay,90.88
TRIP203777,Clear,Standard,Moderate,5.18,10,36,2.58,13,On Time,33.70
TRIP203752,Clear,Standard,Severe,6.28,3,37,1.86,14,Moderate Delay,42.75
TRIP206493,Clear,Standard,Low,12.30,13,38,10.57,20,On Time,41.52
TRIP206498,Clear,Express,Moderate,6.01,9,20,4.16,8,On Time,29.52
TRIP202895,Foggy,Standard,Low,9.53,9,34,2.73,15,On Time,39.34
TRIP207486,Clear,Mini Bus,Moderate,10.83,9,13,3.86,12,On Time,45.42
TRIP200110,Rainy,Mini Bus,High,3.69,3,25,3.46,16,Severe Delay,60.14
TRIP207477,Foggy,Standard,High,12.61,14,13,2.75,14,Severe Delay,81.01
TRIP207041,Rainy,Standard,Low,6.58,7,30,1.20,15,On Time,31.86
TRIP202995,Windy,Express,High,8.42,7,31,4.58,14,On Time,43.58
TRIP205806,Clear,Mini Bus,High,14.46,12,13,8.05,6,Moderate Delay,84.10
TRIP208680,Clear,Standard,Low,10.06,10,56,6.76,7,Moderate Delay,47.65
TRIP205291,Rainy,Standard,Moderate,28.75,27,33,1.43,21,Severe Delay,173.19
TRIP204551,Rainy,Standard,High,5.27,3,,6.96,15,Moderate Delay,45.96
TRIP209630,Clear,Standard,High,9.31,12,42,3.88,17,Moderate Delay,66.30
TRIP202105,Rainy,Mini Bus,Moderate,13.71,18,9,13.70,15,Moderate Delay,67.40
TRIP204615,Clear,Mini Bus,Severe,6.66,6,34,7.79,19,Severe Delay,57.72
TRIP204403,Foggy,Standard,Moderate,10.90,10,59,7.29,18,Severe Delay,66.13
TRIP202881,Rainy,Mini Bus,Moderate,15.34,13,39,4.51,9,Moderate Delay,86.77
TRIP204716,Clear,Mini Bus,High,3.10,3,15,6.04,21,On Time,22.23
TRIP206214,Clear,Mini Bus,High,6.29,10,12,10.46,15,Moderate Delay,35.83
TRIP200672,Clear,Express,Moderate,11.69,14,28,3.00,14,On Time,49.62
TRIP208740,Clear,Mini Bus,High,7.78,9,52,3.57,7,Severe Delay,63.51
TRIP202632,Clear,Standard,Low,21.98,27,22,3.97,10,Moderate Delay,101.13
TRIP204756,Rainy,Standard,High,3.25,5,57,,9,Severe Delay,55.70
TRIP200104,Foggy,Standard,High,13.04,12,43,1.77,8,Severe Delay,90.22
TRIP209345,Clear,Standard,Moderate,22.71,23,25,7.72,19,Severe Delay,118.09
TRIP207182,Clear,Mini Bus,Severe,8.43,10,19,4.08,5,Severe Delay,67.74
TRIP205891,Clear,Mini Bus,Severe,16.65,19,14,0.80,21,Severe Delay,127.31
TRIP208841,Clear,Standard,Moderate,5.61,6,40,8.69,21,On Time,28.14
TRIP200294,Clear,Express,High,16.04,20,12,3.49,20,Moderate Delay,84.52
TRIP204042,Clear,Express,Low,26.67,27,31,2.13,19,Severe Delay,132.29
TRIP209280,Clear,Standard,Moderate,10.45,12,28,2.68,21,Moderate Delay,61.58
TRIP206347,Foggy,Standard,Moderate,18.68,20,44,10.60,8,Severe Delay,101.40
TRIP204599,Clear,Standard,Low,2.76,3,40,3.12,19,On Time,21.36
TRIP205822,Clear,Standard,High,6.71,7,17,2.45,20,Moderate Delay,42.34
TRIP207582,Foggy,Mini Bus,Severe,4.87,3,7,4.53,11,Severe Delay,54.71
TRIP200003,Rainy,Express,Moderate,3.89,6,20,5.78,21,On Time,25.52
TRIP208524,Rainy,Standard,High,27.06,28,44,1.33,9,Severe Delay,180.00
TRIP203252,Clear,Express,High,9.96,13,29,6.79,16,Moderate Delay,48.67
TRIP200203,Foggy,Standard,High,6.22,5,41,4.79,8,Severe Delay,50.95
TRIP203121,Clear,Standard,Moderate,6.88,9,40,1.88,5,Moderate Delay,38.52
TRIP208870,,Standard,Moderate,4.33,7,52,7.55,19,Moderate Delay,40.35
TRIP201293,Windy,Standard,Moderate,2.79,4,,3.45,18,Moderate Delay,33.16
TRIP205734,Rainy,Standard,Moderate,13.94,17,34,6.51,5,Moderate Delay,75.46
TRIP202785,Clear,Standard,Severe,5.67,9,12,3.57,23,On Time,41.16
TRIP204525,Clear,Standard,Severe,10.80,10,34,3.21,18,Severe Delay,87.51
TRIP209492,Foggy,Standard,High,6.25,6,23,11.46,21,Moderate Delay,45.03
TRIP208722,Rainy,Express,Low,12.60,15,28,6.13,9,On Time,49.76
TRIP207902,Clear,Mini Bus,High,19.29,20,10,12.01,17,Severe Delay,114.06
TRIP205167,Foggy,,Severe,5.90,9,,6.00,8,Severe Delay,66.55
TRIP205612,Windy,Standard,Severe,8.21,7,34,2.99,15,Moderate Delay,61.35
TRIP207474,Clear,Standard,Moderate,12.70,13,31,11.52,11,On Time,57.82
TRIP203823,Rainy,Standard,High,4.00,7,21,3.19,11,Moderate Delay,43.19
TRIP208161,Clear,Standard,High,5.18,7,25,10.40,23,On Time,35.73
TRIP208649,Clear,Standard,Moderate,18.15,20,33,0.88,16,Severe Delay,94.85
TRIP201588,Clear,Standard,High,8.25,10,42,7.29,5,On Time,47.17
TRIP205287,Foggy,Standard,Severe,3.79,3,58,13.22,18,Severe Delay,50.00
TRIP209553,Windy,Express,High,7.24,6,48,2.82,8,Severe Delay,54.61
TRIP202133,Clear,Mini Bus,Moderate,24.07,25,29,8.71,16,Severe Delay,136.36
TRIP206284,Windy,Express,Low,8.66,11,10,2.30,12,On Time,17.19
TRIP206082,Rainy,Standard,High,9.47,6,44,16.36,7,Severe Delay,69.94
TRIP207327,Windy,Standard,Severe,6.07,3,47,2.21,19,Severe Delay,56.26
TRIP207654,Windy,Express,Severe,12.13,13,40,3.88,17,Severe Delay,88.44
TRIP206623,Clear,Standard,Severe,16.36,20,37,2.93,10,Severe Delay,127.06
TRIP207225,Clear,Standard,Moderate,11.13,15,39,3.52,19,Severe Delay,53.82
TRIP202201,Clear,Standard,High,3.14,5,27,2.10,20,Severe Delay,23.15
TRIP201678,Clear,Express,Moderate,12.25,13,37,4.17,21,On Time,41.89
TRIP208487,Clear,Express,Moderate,12.54,17,37,1.78,17,Severe Delay,59.55
TRIP205732,Clear,Express,High,17.25,15,23,5.24,22,Moderate Delay,92.71
TRIP201771,Foggy,Standard,Low,4.62,6,43,11.30,19,Moderate Delay,27.33
TRIP200019,Foggy,Standard,High,4.04,4,29,18.00,22,Moderate Delay,38.82
TRIP208811,Clear,Express,High,14.82,15,31,6.69,5,On Time,73.63
TRIP206123,Rainy,Mini Bus,High,15.06,16,18,4.02,10,Severe Delay,98.65
TRIP202453,Clear,Standard,Severe,8.56,13,18,1.55,14,Moderate Delay,59.99
TRIP206025,Windy,Standard,Moderate,6.97,8,45,12.63,16,Moderate Delay,40.15
TRIP201319,Windy,Standard,High,9.29,10,33,13.83,15,Moderate Delay,49.87
TRIP200234,Windy,Standard,High,10.96,13,43,11.49,12,On Time,69.58
TRIP202678,Windy,Standard,High,3.49,5,39,8.13,8,Severe Delay,28.74
TRIP200001,Clear,Standard,High,4.28,3,57,6.88,16,Severe Delay,38.76
TRIP201417,Clear,Standard,High,8.06,10,24,7.17,14,On Time,51.11
TRIP204822,Rainy,Standard,Moderate,12.14,17,37,7.56,19,Severe Delay,68.07
TRIP200736,Clear,Express,Moderate,8.64,9,37,4.47,5,On Time,18.85
TRIP204392,Rainy,Mini Bus,Severe,18.94,19,15,11.12,11,Severe Delay,148.66
TRIP206724,Foggy,Express,Low,8.78,8,15,1.61,15,On Time,38.42
TRIP203710,Clear,Standard,Moderate,12.05,14,35,6.01,13,On Time,50.12
TRIP200008,Rainy,Mini Bus,Moderate,6.56,8,20,6.30,10,Moderate Delay,37.67
TRIP203694,Clear,Express,Low,13.80,17,30,6.06,6,On Time,44.88
TRIP202723,Foggy,Mini Bus,Moderate,10.02,12,26,2.25,15,Moderate Delay,62.09
TRIP201245,Rainy,Standard,Moderate,17.00,15,,2.03,6,Moderate Delay,79.96
TRIP207692,Foggy,Express,Severe,6.64,5,16,10.71,20,Severe Delay,48.71
TRIP209719,Rainy,Standard,High,14.06,16,37,15.05,21,Severe Delay,101.25
TRIP202545,Clear,Standard,Moderate,15.63,14,27,8.04,22,On Time,73.20
TRIP200656,Rainy,Standard,High,8.77,11,35,3.47,12,Moderate Delay,63.52
TRIP205928,Rainy,Standard,Moderate,15.61,17,30,6.63,5,Moderate Delay,82.09
TRIP205226,Windy,Standard,Moderate,6.37,9,25,18.00,8,Moderate Delay,45.45
TRIP209194,Rainy,Mini Bus,High,15.10,17,19,3.73,12,Severe Delay,106.40
TRIP206634,Clear,Mini Bus,High,11.22,15,37,4.42,16,Severe Delay,75.74
TRIP209738,Clear,Standard,High,14.96,17,40,11.19,5,Moderate Delay,89.95
TRIP207242,Rainy,Standard,Severe,3.65,4,46,6.13,9,Severe Delay,49.91
TRIP207358,Clear,Mini Bus,Moderate,10.72,13,29,2.97,8,Moderate Delay,62.40
TRIP201682,Clear,Standard,Moderate,,4,27,4.98,22,On Time,26.23
TRIP202219,Clear,Standard,Moderate,3.69,4,43,4.00,12,On Time,24.72
TRIP204584,Clear,Mini Bus,High,7.80,5,16,,10,Moderate Delay,44.50
TRIP206990,Windy,Mini Bus,High,10.02,14,3,11.23,22,On Time,62.77
TRIP209711,Clear,Standard,High,4.73,5,28,17.60,22,On Time,21.80
TRIP203311,Windy,Express,Low,22.64,24,21,1.45,19,Moderate Delay,108.65
TRIP203426,Clear,Mini Bus,Low,11.98,12,10,2.34,11,On Time,46.67
TRIP200604,Windy,Mini Bus,Low,10.18,12,5,3.84,22,On Time,38.54
TRIP205629,,Standard,High,15.90,14,41,4.68,5,Moderate Delay,92.77
TRIP205886,Clear,Mini Bus,Severe,16.90,16,23,15.63,9,Severe Delay,122.74
TRIP200879,Clear,Mini Bus,High,8.09,8,18,2.71,15,Severe Delay,52.79
TRIP201146,Clear,Standard,Moderate,11.31,15,41,5.54,8,On Time,52.63
TRIP201464,Foggy,Standard,Severe,5.35,5,37,1.90,20,Severe Delay,40.50
TRIP209006,Rainy,Mini Bus,High,13.56,18,36,5.50,7,Severe Delay,101.64
TRIP209032,Clear,Standard,High,2.44,3,37,6.95,5,On Time,12.95
TRIP206821,Rainy,Express,High,13.29,11,26,6.05,20,Moderate Delay,68.83
TRIP201332,Windy,Standard,High,6.01,6,41,4.20,14,Moderate Delay,38.54
TRIP201082,Clear,Standard,Moderate,10.13,10,27,3.84,10,On Time,42.34
TRIP209399,Rainy,Express,High,10.93,10,38,4.42,19,Severe Delay,71.55
TRIP209535,Clear,Express,Moderate,5.28,3,38,6.47,7,On Time,26.98
TRIP200788,Rainy,Mini Bus,Low,2.03,3,18,4.17,11,On Time,27.41
TRIP201956,Clear,Mini Bus,Low,10.25,12,26,5.82,5,On Time,44.25
TRIP207123,Clear,Mini Bus,Severe,6.13,7,34,12.65,7,Severe Delay,54.83
TRIP204011,Windy,Standard,Low,20.24,20,37,15.10,12,Moderate Delay,98.85
TRIP208748,Windy,Mini Bus,Low,12.95,9,8,2.09,14,On Time,48.35
TRIP203537,Clear,Standard,Severe,,9,35,18.00,20,Moderate Delay,64.28
TRIP206039,Clear,Standard,Moderate,5.55,7,14,18.00,6,On Time,25.31
TRIP201113,Windy,Mini Bus,Low,8.41,12,17,1.82,5,On Time,41.66
TRIP208049,Clear,Standard,High,4.26,3,26,2.47,14,Moderate Delay,28.82
TRIP201157,Clear,Standard,High,3.06,3,40,2.50,8,Moderate Delay,36.14
TRIP205736,Windy,Mini Bus,Moderate,13.50,13,22,3.62,10,Moderate Delay,60.91
TRIP202872,Clear,Mini Bus,High,2.00,4,11,2.05,13,Moderate Delay,24.45
TRIP209699,Clear,Standard,Moderate,8.69,12,35,2.11,20,On Time,44.02
TRIP202461,Clear,Mini Bus,Moderate,19.98,22,8,6.80,23,On Time,98.70
TRIP201634,Clear,Mini Bus,High,7.83,8,35,18.00,19,Moderate Delay,45.91
TRIP204618,Clear,Standard,Severe,8.74,10,29,2.63,22,Moderate Delay,62.97
TRIP204100,Clear,Standard,High,13.30,15,22,1.32,21,Moderate Delay,73.93
TRIP204243,Clear,Express,Moderate,14.44,15,16,1.07,9,Moderate Delay,58.44
TRIP200948,Clear,,Low,3.63,3,3,18.00,15,On Time,12.00
TRIP209034,Clear,Standard,Moderate,11.86,15,31,4.90,17,Moderate Delay,54.98
TRIP201378,Rainy,Express,High,11.64,8,16,0.86,12,Severe Delay,72.52
TRIP206432,Clear,Standard,High,11.72,11,45,6.81,17,Moderate Delay,69.35
TRIP202787,Clear,Mini Bus,High,4.09,3,13,7.95,10,On Time,26.44
TRIP208439,Rainy,Standard,Severe,,6,40,4.08,14,Severe Delay,56.54
TRIP207322,Foggy,Mini Bus,High,3.80,4,3,1.01,23,Severe Delay,30.29
TRIP203678,Clear,Standard,Moderate,6.53,4,35,4.37,11,On Time,26.79
TRIP202436,Rainy,,Moderate,18.48,20,28,18.00,14,Moderate Delay,87.17
TRIP208713,Windy,Express,High,4.26,8,28,1.80,20,Moderate Delay,32.45
TRIP204192,Clear,Standard,High,3.26,3,12,5.14,23,On Time,13.75
TRIP202656,Clear,Mini Bus,High,,10,7,1.37,13,Severe Delay,56.44
TRIP205242,Rainy,Express,Low,11.08,10,36,1.93,17,Moderate Delay,47.43
TRIP207233,Windy,Standard,Moderate,14.13,14,28,2.32,8,Severe Delay,70.01
TRIP205192,Clear,Standard,Low,3.01,3,35,7.53,14,On Time,18.04
TRIP200242,Clear,Express,Moderate,7.40,5,35,2.97,16,Moderate Delay,22.83
TRIP202981,Windy,Mini Bus,High,13.35,13,37,,19,Severe Delay,84.06
TRIP206591,Windy,Standard,Moderate,17.22,19,53,2.67,7,Severe Delay,96.02
TRIP203758,Clear,Standard,High,19.66,24,33,0.60,23,Severe Delay,133.11
TRIP204996,Foggy,,Moderate,14.56,15,28,4.37,12,Moderate Delay,74.70
TRIP209497,Clear,Express,High,7.67,9,,14.78,8,Moderate Delay,42.97
TRIP204391,Clear,Mini Bus,Low,6.13,11,10,3.01,11,On Time,31.76
TRIP206809,Rainy,Mini Bus,High,13.32,12,32,9.67,16,Severe Delay,99.48
TRIP206232,Clear,Mini Bus,High,13.58,16,,4.33,23,Severe Delay,79.99
TRIP205154,Rainy,Standard,Low,14.58,16,37,5.84,16,Moderate Delay,80.41
TRIP208077,Clear,Standard,Moderate,10.73,9,28,6.36,14,Moderate Delay,45.38
TRIP202229,Clear,Mini Bus,Moderate,15.76,15,29,2.05,13,Severe Delay,78.36
TRIP206688,Windy,Standard,Moderate,6.04,9,37,8.27,21,On Time,40.65
TRIP201856,Clear,Standard,Severe,17.31,19,29,8.13,21,Severe Delay,133.51
TRIP209555,Rainy,Standard,High,12.50,17,49,12.87,18,Severe Delay,95.26
TRIP206306,Windy,Standard,High,15.26,18,54,4.47,9,Severe Delay,107.78
TRIP200018,Clear,Mini Bus,Low,10.24,9,16,1.14,13,Moderate Delay,43.64
TRIP200194,Clear,Standard,Moderate,7.01,8,37,1.10,22,On Time,30.17
TRIP205917,Clear,Express,Severe,10.89,13,19,5.14,5,Moderate Delay,72.50
TRIP205511,Foggy,Standard,Severe,14.95,15,17,1.57,21,Severe Delay,108.80
TRIP207757,Rainy,Express,Moderate,10.34,7,28,,21,On Time,47.54
TRIP201104,Rainy,Express,High,17.24,20,16,1.29,22,Severe Delay,100.14
TRIP200877,Clear,Mini Bus,Moderate,12.59,12,28,4.92,19,Severe Delay,64.25
TRIP204223,Clear,Standard,Low,9.68,10,41,,8,On Time,39.27
TRIP200715,Clear,Standard,Moderate,11.39,10,29,4.48,14,On Time,47.54
TRIP203067,Rainy,Standard,High,13.92,13,43,5.51,7,Severe Delay,96.80
TRIP201039,Rainy,Express,High,11.11,12,21,8.19,21,Moderate Delay,62.15
TRIP201554,Clear,Express,High,9.68,12,20,7.51,17,Moderate Delay,60.40
TRIP204633,Windy,Express,Low,4.72,4,13,18.00,22,On Time,14.70
TRIP208276,Rainy,Standard,Severe,9.21,7,29,4.32,6,Moderate Delay,81.63
TRIP202937,Clear,Standard,Severe,9.07,7,31,12.37,13,On Time,56.20
TRIP208174,Clear,Standard,Low,16.84,21,40,4.38,22,Moderate Delay,79.84
TRIP205527,Rainy,Standard,Low,6.09,6,41,5.49,9,Moderate Delay,37.35
TRIP205166,Clear,Standard,Moderate,12.15,14,35,6.27,18,Moderate Delay,61.01
TRIP206135,Rainy,Express,Moderate,5.30,5,39,6.88,17,Moderate Delay,33.63
TRIP206738,Windy,Standard,Low,4.68,8,38,10.60,6,On Time,21.50
TRIP207106,Rainy,Standard,Low,13.42,13,28,8.09,12,On Time,55.85
TRIP203782,Rainy,Standard,Low,5.77,3,45,7.12,7,On Time,25.07
TRIP207240,Windy,Standard,Moderate,3.86,3,32,2.52,11,Moderate Delay,22.51
TRIP206902,Clear,Standard,Moderate,16.86,19,27,9.86,23,On Time,77.76
TRIP200372,Rainy,Standard,High,18.03,18,34,0.99,5,Severe Delay,116.62
TRIP205500,Clear,Express,Moderate,4.51,3,36,9.89,8,On Time,25.41
TRIP203138,Rainy,Mini Bus,Low,4.05,13,45,5.21,18,Moderate Delay,42.52
TRIP206915,Windy,Standard,High,,17,45,4.93,16,Moderate Delay,119.67
TRIP206919,Rainy,Express,Moderate,14.53,13,9,5.03,6,On Time,63.62
TRIP203913,Clear,Standard,High,18.51,23,23,3.44,22,Severe Delay,109.30
TRIP201565,Clear,Mini Bus,Low,7.96,3,19,5.50,17,On Time,20.69
TRIP202742,Clear,Standard,Moderate,7.34,6,46,5.98,21,Moderate Delay,43.32
TRIP207355,Foggy,Standard,Low,5.47,4,46,1.52,7,Moderate Delay,39.70
TRIP201499,Clear,Mini Bus,High,5.94,6,21,8.93,16,Moderate Delay,38.30
TRIP208462,Rainy,Standard,Moderate,3.07,3,65,3.71,18,Severe Delay,42.03
TRIP205269,Clear,Standard,Moderate,16.42,19,41,5.84,10,Moderate Delay,71.96
TRIP205140,Clear,Standard,High,5.41,6,31,17.72,17,On Time,38.64
TRIP200921,Windy,Mini Bus,Moderate,7.55,12,16,7.90,5,Moderate Delay,31.33
TRIP208217,Clear,Standard,Moderate,9.98,13,35,3.58,22,On Time,55.04
TRIP203621,Rainy,Mini Bus,High,2.72,6,34,3.89,8,Severe Delay,41.36
TRIP200021,Clear,Mini Bus,High,9.75,15,19,12.88,15,Moderate Delay,60.46
TRIP208251,Clear,Standard,Moderate,10.17,9,41,5.39,17,On Time,49.54
TRIP204358,Foggy,Express,Moderate,9.84,8,24,3.13,21,On Time,41.92
TRIP200874,Clear,Standard,High,8.61,11,42,9.10,7,Severe Delay,47.16
TRIP202115,Clear,Mini Bus,High,4.33,8,14,3.45,23,Moderate Delay,21.99
TRIP206149,Rainy,Standard,High,12.28,14,62,4.22,16,Severe Delay,85.03
TRIP200579,Clear,Standard,Severe,7.73,8,40,2.39,14,Moderate Delay,56.87
TRIP205650,Rainy,Standard,Severe,8.59,11,40,1.94,23,Severe Delay,75.79
TRIP207937,Clear,Standard,High,9.55,9,44,5.94,18,Moderate Delay,65.99
TRIP202621,Clear,Standard,Moderate,25.09,28,32,4.77,17,Severe Delay,150.41
TRIP201748,Clear,Standard,Moderate,15.11,18,33,6.86,5,Severe Delay,73.99
TRIP206973,Windy,Express,Moderate,6.17,7,11,6.87,5,On Time,14.54
TRIP203478,Clear,Standard,Severe,11.00,12,39,8.48,22,Moderate Delay,81.19
TRIP208552,Windy,Standard,Severe,,6,37,11.60,14,Moderate Delay,29.88
TRIP206366,Windy,Standard,High,5.64,8,38,0.79,19,Severe Delay,43.16
TRIP204810,Clear,Standard,High,7.44,11,46,14.50,18,Severe Delay,56.42
TRIP202206,Rainy,Standard,Severe,4.50,5,43,1.67,12,Severe Delay,52.87
TRIP201733,Clear,Standard,Severe,8.39,12,29,,13,Moderate Delay,59.90
TRIP202853,Clear,,Moderate,15.66,16,32,2.36,11,Moderate Delay,76.59
TRIP200041,Foggy,Express,Moderate,6.29,8,13,9.04,12,On Time,32.13
TRIP201412,Clear,Mini Bus,Moderate,3.41,3,41,2.31,9,Moderate Delay,29.75
TRIP205430,Rainy,Standard,Moderate,14.15,16,13,5.68,21,Moderate Delay,68.60
TRIP209045,Clear,Express,High,12.52,13,35,9.01,18,Moderate Delay,70.92
TRIP204016,Clear,Standard,High,4.18,4,38,3.76,20,Moderate Delay,30.83
TRIP202904,Windy,Standard,High,7.60,6,33,9.17,5,On Time,36.79
TRIP204442,Clear,Mini Bus,High,9.46,10,31,4.28,19,Severe Delay,61.63
TRIP205739,Clear,Mini Bus,Moderate,4.72,7,16,6.71,14,On Time,25.94
TRIP203287,Rainy,Standard,Moderate,21.86,23,,10.08,12,Moderate Delay,129.47
TRIP204302,Windy,Standard,High,3.95,3,30,4.38,10,On Time,27.92
TRIP200477,Windy,Standard,Low,14.58,15,14,6.92,11,On Time,56.39
TRIP203250,Rainy,Mini Bus,Moderate,4.55,3,15,4.47,14,On Time,36.72
TRIP201993,Clear,Express,Low,10.55,13,33,2.20,7,Moderate Delay,52.91
TRIP205796,Windy,Express,High,5.84,5,30,2.07,6,Moderate Delay,26.93
TRIP209256,Clear,Mini Bus,High,7.53,10,32,7.95,8,Moderate Delay,50.93
TRIP209413,Foggy,Mini Bus,High,5.81,9,12,6.47,13,Severe Delay,52.66
TRIP202346,Rainy,Mini Bus,Moderate,16.39,17,13,5.55,14,Moderate Delay,87.48
TRIP208852,Windy,Standard,Severe,6.51,7,41,3.42,11,Moderate Delay,53.00
TRIP208821,Rainy,Mini Bus,Moderate,22.81,23,29,8.16,16,Severe Delay,131.62
TRIP204823,Rainy,Express,Low,11.19,12,18,2.91,15,On Time,33.70
TRIP201622,Clear,Express,High,10.80,11,20,8.46,6,On Time,52.68
TRIP201073,Clear,Express,Moderate,2.00,3,25,2.99,13,On Time,12.00
TRIP200076,Clear,Express,Moderate,13.09,15,32,2.96,18,Moderate Delay,48.93
TRIP207003,Clear,Standard,High,7.94,6,31,4.04,13,On Time,39.70
TRIP206906,Clear,Express,High,6.64,8,21,5.16,21,On Time,27.27
TRIP202046,Windy,Standard,High,12.38,12,51,3.77,14,Moderate Delay,68.15
TRIP201523,Clear,Standard,Low,5.43,4,36,3.89,18,On Time,41.16
TRIP201079,Clear,Standard,Low,7.27,7,31,6.36,23,On Time,23.01
TRIP200230,Windy,Express,Moderate,,12,19,1.79,8,Moderate Delay,49.42
TRIP208773,Clear,Standard,Moderate,8.26,7,49,6.57,19,Moderate Delay,40.13
TRIP209313,Rainy,Standard,Moderate,11.06,11,59,13.54,19,Severe Delay,54.48
TRIP208443,Clear,Standard,Moderate,16.63,17,36,6.50,7,Severe Delay,84.41
TRIP204270,Windy,Express,Moderate,5.40,8,30,11.94,5,On Time,18.14
TRIP206730,Rainy,Standard,High,,11,32,1.95,11,Severe Delay,81.21
TRIP207589,Clear,Standard,Low,13.56,13,38,3.11,17,Moderate Delay,60.95
TRIP203455,Clear,Standard,Severe,2.00,3,49,13.97,9,Severe Delay,32.01
TRIP201061,Windy,Mini Bus,Low,3.94,3,23,3.42,17,On Time,29.53
TRIP204898,Windy,Mini Bus,High,11.86,14,21,10.29,9,Severe Delay,73.03
TRIP201688,Clear,Standard,High,3.00,6,42,6.36,6,On Time,23.52
TRIP200811,Foggy,Standard,High,6.88,7,37,2.16,11,Severe Delay,47.74
TRIP205118,Clear,Standard,Low,3.44,3,44,1.25,10,On Time,12.80
TRIP209478,Clear,Standard,Severe,26.84,30,21,1.13,21,Severe Delay,180.00
TRIP200588,Clear,Express,High,7.82,8,26,1.95,20,Moderate Delay,29.44
TRIP205547,Clear,Standard,Moderate,12.79,13,34,3.58,8,Moderate Delay,70.14
TRIP202104,Clear,Standard,Moderate,8.95,9,10,7.89,22,On Time,46.88
TRIP201008,Windy,Standard,Low,,13,30,4.88,13,On Time,53.76
TRIP200246,Clear,Standard,Moderate,10.56,14,45,7.64,8,Moderate Delay,54.25
TRIP205880,Clear,Standard,Moderate,13.14,14,39,4.74,8,Moderate Delay,60.72
TRIP202947,Clear,Express,Moderate,5.34,4,27,2.88,11,On Time,26.12
TRIP207498,Rainy,Standard,High,15.38,18,44,8.45,16,Severe Delay,116.93
TRIP200382,Clear,,Moderate,13.60,12,,6.73,9,Moderate Delay,64.70
TRIP201650,Rainy,Standard,Severe,13.89,14,23,3.32,14,Severe Delay,113.04
TRIP204664,Windy,Standard,Low,2.82,3,38,4.50,9,On Time,23.80
TRIP208698,Clear,Standard,High,2.80,3,46,10.89,20,On Time,26.02
TRIP204378,Rainy,Standard,Moderate,12.95,10,34,13.05,8,Moderate Delay,79.76
TRIP209360,Windy,Mini Bus,Moderate,7.85,9,8,1.57,13,Moderate Delay,48.17
TRIP208507,Windy,Standard,Moderate,9.84,7,25,4.99,21,Moderate Delay,50.46
TRIP209467,Clear,Express,Moderate,16.73,17,9,3.18,23,On Time,72.15
TRIP203488,Clear,Standard,Moderate,10.23,9,40,13.05,8,Moderate Delay,51.89
TRIP207146,Clear,Standard,Moderate,16.29,16,17,4.93,22,Moderate Delay,85.64
TRIP201694,Clear,Standard,Moderate,6.99,9,29,11.50,11,On Time,34.03
TRIP208924,Clear,Standard,High,8.54,6,15,3.17,15,Moderate Delay,46.01
TRIP207693,Rainy,Standard,Severe,8.60,9,42,6.02,14,Severe Delay,80.45
TRIP209771,Clear,Mini Bus,Moderate,19.34,18,12,12.94,23,Moderate Delay,92.80
TRIP202665,Rainy,Mini Bus,Moderate,9.92,8,15,3.10,10,Moderate Delay,48.19
TRIP203422,Foggy,Standard,Severe,9.54,8,26,4.03,21,Severe Delay,76.34
TRIP208858,Rainy,Standard,Low,14.54,18,36,9.71,11,Moderate Delay,62.63
TRIP209126,Clear,Express,Moderate,19.14,23,31,8.67,5,On Time,90.40
TRIP209010,Clear,Standard,Low,10.16,13,43,,21,On Time,41.19
TRIP206129,Clear,Standard,Moderate,9.42,9,,11.42,6,On Time,43.89
TRIP204937,Rainy,Standard,High,14.34,13,24,7.16,21,Severe Delay,96.63
TRIP206522,Clear,Standard,Severe,17.56,17,39,4.57,22,Severe Delay,137.60
TRIP204795,Foggy,Standard,Low,12.45,12,37,2.68,21,Moderate Delay,59.53
TRIP207053,Clear,Standard,High,10.54,11,36,2.55,6,Moderate Delay,68.23
TRIP204778,,Standard,Severe,9.76,14,34,7.61,16,Severe Delay,83.58
TRIP201364,Clear,Standard,Moderate,15.70,16,31,,20,Moderate Delay,69.31
TRIP203190,Clear,Express,Low,8.72,7,35,9.71,18,On Time,22.76
TRIP203286,Foggy,Standard,High,9.89,9,59,6.32,7,Severe Delay,65.96
TRIP208477,Windy,Express,Moderate,13.16,12,21,10.10,23,On Time,59.15
TRIP202096,Windy,Mini Bus,Severe,19.15,18,16,5.42,21,Severe Delay,139.15
TRIP201948,Rainy,Mini Bus,High,7.45,8,7,7.59,10,Severe Delay,45.52
TRIP206154,Clear,Mini Bus,Moderate,17.19,16,12,1.09,14,Moderate Delay,84.21
TRIP203065,Clear,Mini Bus,Moderate,11.80,12,3,6.03,11,On Time,54.63
TRIP206892,Clear,Standard,High,8.58,9,17,5.80,13,On Time,42.73
TRIP200720,Windy,Standard,High,18.74,17,37,3.31,22,Moderate Delay,121.33
TRIP200862,Clear,Standard,Moderate,7.98,10,,7.15,7,Moderate Delay,46.14
TRIP209142,Clear,Standard,Severe,17.53,17,31,7.53,15,Severe Delay,134.74
TRIP200094,Clear,Standard,Moderate,15.89,17,22,4.58,14,Moderate Delay,79.10
TRIP202042,Clear,Standard,Moderate,10.73,8,39,5.74,15,On Time,51.02
TRIP207928,Rainy,Standard,High,18.35,20,47,5.46,9,Severe Delay,126.85
TRIP205501,Clear,Mini Bus,Moderate,13.19,14,34,16.46,18,Moderate Delay,67.86
TRIP208025,Foggy,Standard,Moderate,4.51,6,23,1.83,10,Moderate Delay,36.86
TRIP209254,Foggy,,Severe,15.91,16,29,17.40,20,Severe Delay,121.44
TRIP207461,Rainy,Standard,Moderate,13.49,9,38,14.13,7,Moderate Delay,62.73
TRIP200066,Clear,Standard,Moderate,9.16,7,28,5.30,22,On Time,46.42
TRIP209770,Windy,Mini Bus,Low,8.25,7,12,9.08,14,On Time,24.56
TRIP207113,Clear,Standard,High,3.27,3,30,12.11,9,Moderate Delay,33.38
TRIP207153,Rainy,Standard,High,21.64,23,40,10.29,11,Severe Delay,143.50
TRIP202529,Windy,Mini Bus,Low,13.89,14,28,12.41,5,On Time,57.66
TRIP209838,Windy,Standard,Moderate,3.76,5,23,5.77,20,On Time,22.66
TRIP202816,Clear,Standard,High,13.71,13,46,9.19,11,Moderate Delay,70.58
TRIP203600,Rainy,Express,Low,5.82,3,14,3.77,7,On Time,21.09
TRIP203844,Rainy,Standard,Moderate,11.73,15,46,3.48,17,Severe Delay,68.50
TRIP204658,Rainy,Standard,Moderate,8.65,9,50,18.00,9,Moderate Delay,47.96
TRIP201613,Windy,Express,High,11.39,17,20,1.40,13,Severe Delay,68.51
TRIP205259,Rainy,Standard,Moderate,8.43,6,32,0.92,13,Moderate Delay,36.50
TRIP202140,Clear,Standard,Moderate,10.56,12,35,10.40,15,On Time,42.82
TRIP209323,Foggy,Standard,Moderate,5.88,4,40,2.63,9,Severe Delay,50.84
TRIP201393,Windy,Standard,High,3.57,3,38,1.55,17,Severe Delay,28.13
TRIP208826,Rainy,Mini Bus,Moderate,5.76,6,12,4.12,10,On Time,39.58
TRIP201929,Clear,Standard,High,17.16,16,26,10.81,15,Moderate Delay,93.40
TRIP200555,Clear,Mini Bus,High,7.59,8,11,10.71,11,On Time,35.60
TRIP206559,Clear,Mini Bus,High,15.70,17,3,4.06,5,Moderate Delay,89.31
TRIP203102,Foggy,Standard,High,7.67,10,51,5.48,11,Severe Delay,54.58
TRIP204345,Rainy,Express,Moderate,7.88,9,26,13.89,8,Moderate Delay,33.85
TRIP204005,Clear,Standard,Low,14.77,15,53,9.53,17,Severe Delay,60.20
TRIP201725,Clear,Standard,Moderate,7.80,4,33,10.26,20,On Time,32.59
TRIP201838,Clear,Standard,Moderate,17.72,19,36,5.77,11,Moderate Delay,85.71
TRIP209669,Clear,Standard,Severe,14.62,14,28,8.95,9,Severe Delay,115.46
TRIP207287,Clear,Standard,Moderate,11.65,11,29,8.76,7,Moderate Delay,62.83
TRIP207910,Clear,Standard,Moderate,11.88,14,53,,9,Severe Delay,59.54
TRIP208420,Rainy,Standard,High,6.65,6,28,2.81,6,Severe Delay,53.03
TRIP206462,Rainy,Mini Bus,Low,10.90,10,29,6.49,14,On Time,43.53
TRIP202625,Clear,Express,Moderate,8.60,6,25,7.14,12,On Time,19.31
TRIP204153,Clear,Mini Bus,Moderate,5.83,6,42,9.24,17,Moderate Delay,38.79
TRIP209832,Windy,Express,Moderate,22.49,22,42,11.25,18,Severe Delay,113.99
TRIP204497,Clear,Standard,Low,6.81,4,6,2.98,12,On Time,23.05
TRIP207698,Clear,Mini Bus,Low,19.73,24,24,8.41,11,Moderate Delay,93.90
TRIP209065,Clear,Standard,Moderate,5.32,8,47,6.62,7,Moderate Delay,28.20
TRIP203974,Windy,Standard,Severe,19.73,20,15,5.35,15,Severe Delay,151.14
TRIP206447,Rainy,Standard,Severe,14.46,13,48,1.65,18,Severe Delay,127.23
TRIP202717,Rainy,,Moderate,9.89,12,26,8.30,13,Moderate Delay,52.03
TRIP201899,Clear,Express,High,5.13,5,27,8.87,10,On Time,20.81
TRIP202429,Clear,Standard,Low,14.44,17,49,9.27,8,Moderate Delay,59.87
TRIP204533,Clear,Mini Bus,High,4.66,3,15,7.67,6,Moderate Delay,38.13
TRIP203797,Clear,Standard,Severe,5.39,4,,8.75,15,On Time,36.69
TRIP208037,Rainy,Standard,High,10.15,13,45,4.43,19,Severe Delay,78.34
TRIP205710,Foggy,Mini Bus,Low,27.30,27,41,17.65,7,Severe Delay,157.43
TRIP201382,Windy,Express,Moderate,14.94,14,29,3.20,9,Moderate Delay,62.50
TRIP208969,Rainy,Express,Severe,11.92,12,23,5.64,6,Severe Delay,83.03
TRIP209025,Clear,Mini Bus,Moderate,5.68,4,25,2.95,6,Moderate Delay,29.00
TRIP207766,Clear,Express,High,4.55,8,18,4.18,21,On Time,19.29
TRIP208873,Rainy,Express,Low,6.19,8,9,4.21,11,On Time,16.89
TRIP203582,Clear,Standard,High,18.91,15,38,6.21,15,Severe Delay,116.03
TRIP208269,Clear,Mini Bus,Severe,9.32,9,21,0.77,14,Moderate Delay,64.29
TRIP204483,Clear,Standard,Moderate,2.00,3,28,5.18,21,Moderate Delay,16.39
TRIP205438,Clear,Express,High,5.72,4,8,18.00,21,On Time,21.05
TRIP201778,Foggy,Express,Low,9.14,7,20,10.56,23,On Time,23.89
TRIP202890,Clear,Standard,Low,5.05,3,47,4.83,18,On Time,29.00
TRIP203400,Clear,Mini Bus,Moderate,22.59,23,38,5.62,19,Severe Delay,125.92
TRIP200949,Clear,Standard,Severe,28.45,31,38,4.35,12,Severe Delay,180.00
TRIP202181,,Mini Bus,Severe,,3,32,3.66,16,Severe Delay,42.37
TRIP203884,Windy,Standard,Moderate,13.01,14,31,6.66,5,On Time,73.59
TRIP204516,Clear,Standard,Moderate,9.16,7,41,7.24,13,On Time,45.60
TRIP200659,Clear,Standard,Moderate,21.68,22,40,1.77,18,Severe Delay,119.41
TRIP208484,Clear,Mini Bus,Moderate,13.37,13,15,8.83,14,On Time,54.76
TRIP203419,Foggy,Standard,Moderate,7.26,7,41,2.79,12,Moderate Delay,34.67
TRIP201734,Foggy,Mini Bus,High,2.52,4,32,,19,Severe Delay,42.90
TRIP200162,Clear,Mini Bus,Moderate,5.56,5,21,2.77,20,On Time,33.36
TRIP201012,Clear,Mini Bus,High,5.22,7,12,12.65,17,Moderate Delay,36.66
TRIP209151,Rainy,Standard,Moderate,9.33,8,43,2.19,19,Moderate Delay,55.01
TRIP202055,Rainy,Express,High,6.14,5,12,,22,Moderate Delay,38.56
TRIP209148,Rainy,Standard,Moderate,20.50,23,21,6.46,21,Moderate Delay,109.97
TRIP200580,Rainy,Standard,Moderate,11.68,11,23,1.61,5,Moderate Delay,53.48
TRIP208667,Clear,Standard,High,4.30,5,32,11.93,14,On Time,30.05
TRIP202505,Rainy,Standard,Low,17.81,21,31,6.98,21,On Time,82.08
TRIP203104,Foggy,Mini Bus,High,9.58,9,11,11.39,6,Severe Delay,57.35
TRIP202773,Windy,Mini Bus,High,10.00,12,9,1.34,13,Severe Delay,64.88
TRIP205040,,Express,Moderate,3.15,4,24,7.73,5,On Time,18.36
TRIP206143,Rainy,Standard,Low,3.87,3,20,6.16,23,On Time,26.48
TRIP209735,Rainy,Mini Bus,Moderate,8.29,11,14,5.53,12,On Time,55.09
TRIP200819,Windy,Standard,High,12.42,17,11,7.66,21,Moderate Delay,76.07
TRIP202022,Clear,Standard,High,7.64,9,39,4.74,7,Moderate Delay,41.70
TRIP204252,Windy,Standard,Low,12.51,12,21,1.06,23,On Time,61.43
TRIP207770,Clear,Standard,Moderate,16.69,18,31,18.00,15,On Time,82.80
TRIP209445,Windy,Standard,High,8.40,8,44,7.21,6,Moderate Delay,56.75
TRIP206886,Rainy,Standard,Moderate,15.45,17,38,2.22,9,Severe Delay,90.22
TRIP201298,Rainy,Express,Moderate,7.20,6,35,12.64,9,Moderate Delay,30.87
TRIP206727,Clear,Mini Bus,Low,8.75,9,15,5.31,22,On Time,35.89
TRIP206567,Clear,Standard,High,4.84,3,29,7.37,20,On Time,20.08
TRIP206684,Clear,Express,Low,6.56,5,30,6.75,15,On Time,18.66
TRIP201343,Clear,Standard,Moderate,8.82,12,47,5.65,9,Severe Delay,40.24
TRIP204275,Clear,Standard,High,5.80,5,19,6.93,15,On Time,31.91
TRIP204227,Windy,Standard,Moderate,6.01,11,38,11.63,10,On Time,32.17
TRIP200175,Rainy,Standard,High,12.98,15,54,11.94,8,Severe Delay,87.87
TRIP202109,Foggy,Standard,High,4.43,4,33,4.03,9,Severe Delay,47.06
TRIP205766,Rainy,Standard,Low,6.60,4,30,17.42,19,Moderate Delay,34.86
TRIP209372,Clear,Express,Moderate,16.30,17,21,0.70,5,Moderate Delay,68.46
TRIP200078,Clear,Standard,Moderate,4.89,7,36,1.29,16,Moderate Delay,26.29
TRIP206787,Clear,Express,Low,8.64,8,28,1.63,5,On Time,12.00
TRIP209072,Windy,Standard,Moderate,7.59,11,31,8.67,18,Moderate Delay,42.14
TRIP208189,Foggy,Express,Moderate,7.25,4,17,,13,On Time,38.29
TRIP200590,Clear,Standard,Low,12.24,16,29,2.17,15,Moderate Delay,60.01
TRIP201857,Clear,Standard,Moderate,8.68,11,36,6.46,22,On Time,34.56
TRIP200222,Rainy,,Moderate,14.49,16,42,7.87,17,Moderate Delay,83.08
TRIP204695,Rainy,Standard,Moderate,7.37,6,30,9.76,23,On Time,33.33
TRIP202334,Clear,Standard,Severe,18.00,19,42,5.18,8,Severe Delay,137.31
TRIP201488,Windy,Express,High,12.12,8,18,5.94,20,On Time,62.82
TRIP207259,Windy,Mini Bus,Moderate,6.67,6,28,6.50,7,Moderate Delay,38.43
TRIP205889,Rainy,Standard,High,7.60,5,22,9.87,13,Severe Delay,67.33
TRIP207301,Clear,Standard,Moderate,7.76,6,26,14.45,10,On Time,34.73
TRIP200072,Rainy,Standard,Moderate,9.02,7,33,7.79,5,On Time,44.02
TRIP201649,Rainy,Standard,Moderate,16.64,19,42,9.02,19,Severe Delay,94.81
TRIP204421,Clear,Standard,High,6.53,6,36,8.10,23,Moderate Delay,36.06
TRIP208515,Windy,Standard,Moderate,13.39,14,56,15.45,8,Severe Delay,74.02
TRIP201827,Clear,Standard,High,2.00,3,32,3.64,21,Moderate Delay,20.67
TRIP206546,Clear,Standard,High,4.80,5,30,6.24,11,On Time,27.71
TRIP207277,Clear,Standard,Severe,8.50,9,46,12.68,7,Severe Delay,72.83
TRIP208829,Rainy,Mini Bus,High,10.89,13,6,3.19,15,Severe Delay,80.61
TRIP204839,Clear,Express,Moderate,,18,30,18.00,12,On Time,64.02
TRIP203951,Windy,Mini Bus,High,,18,24,5.25,18,Severe Delay,109.11
TRIP206155,Rainy,Express,High,17.40,18,32,3.80,16,Severe Delay,103.34
TRIP201671,Clear,Standard,Low,8.39,9,46,3.48,20,On Time,35.59
TRIP209018,Clear,Mini Bus,Low,12.27,11,21,10.41,10,On Time,48.55
TRIP208827,Rainy,Standard,High,4.31,6,42,6.92,13,Moderate Delay,43.88
TRIP205826,Clear,Mini Bus,High,12.80,17,3,13.40,15,Severe Delay,72.28
TRIP208344,Rainy,Standard,Low,19.04,29,54,1.86,18,Severe Delay,107.78
TRIP200528,Rainy,Standard,Moderate,24.54,27,37,10.99,13,Severe Delay,132.05
TRIP204409,Clear,Express,High,13.58,17,33,1.91,8,Severe Delay,80.63
TRIP203492,Rainy,Mini Bus,Moderate,7.34,12,10,2.35,11,Moderate Delay,45.78
TRIP200148,Rainy,Mini Bus,High,2.43,3,10,18.00,13,Moderate Delay,26.22
TRIP205382,Clear,Express,High,9.81,11,42,1.94,18,Severe Delay,52.06
TRIP205803,Rainy,Mini Bus,High,13.16,15,23,4.35,12,Severe Delay,89.48
TRIP200370,Clear,Standard,Severe,11.26,11,26,5.07,15,Severe Delay,75.89
TRIP202955,Foggy,Standard,Severe,5.82,8,38,5.35,7,Severe Delay,51.29
TRIP206374,Clear,,Severe,,6,56,2.63,6,Severe Delay,59.57
TRIP201206,Rainy,Standard,Severe,26.66,25,52,6.39,19,Severe Delay,180.00
TRIP204053,Rainy,Standard,Moderate,12.03,14,29,1.40,14,Moderate Delay,63.23
TRIP206445,Rainy,Express,Moderate,12.94,12,28,2.51,19,Moderate Delay,58.96
TRIP203781,Foggy,Standard,Moderate,9.10,6,37,16.20,11,On Time,47.87
TRIP201889,Clear,Standard,Low,12.06,15,47,5.68,16,Moderate Delay,53.72
TRIP206927,Clear,Express,Moderate,17.64,21,37,11.64,14,On Time,77.76
TRIP208440,Rainy,Express,Moderate,11.10,12,36,1.81,7,Severe Delay,55.07
TRIP204225,Clear,Standard,High,13.45,17,19,3.42,22,Moderate Delay,86.92
TRIP202930,,Mini Bus,High,11.71,17,34,7.87,21,Moderate Delay,64.44
TRIP202040,Foggy,Standard,High,15.85,17,48,8.38,6,Severe Delay,100.44
TRIP203206,Rainy,Standard,Low,23.44,25,37,9.57,13,Moderate Delay,124.33
TRIP200311,Windy,Standard,High,18.85,23,41,1.58,17,Severe Delay,137.17
TRIP201774,Clear,Standard,Moderate,10.00,10,37,5.83,18,Severe Delay,45.93
TRIP205996,Rainy,Express,Low,6.49,11,,9.70,22,On Time,13.70
TRIP208618,Rainy,Mini Bus,Moderate,10.31,11,10,3.61,19,Moderate Delay,58.47
TRIP205830,,Mini Bus,Moderate,6.53,9,10,4.89,12,On Time,36.00
TRIP202596,Rainy,Express,High,11.30,9,20,15.02,5,Moderate Delay,63.64
TRIP205336,Clear,Standard,Moderate,13.69,13,30,6.46,5,Moderate Delay,68.97
TRIP205717,Clear,Standard,High,6.20,7,56,6.68,19,Severe Delay,48.54
TRIP206465,Clear,Standard,Moderate,7.90,7,49,6.89,8,Moderate Delay,41.08
TRIP204502,Windy,Express,Moderate,12.03,12,38,3.96,8,Moderate Delay,61.53
TRIP208692,Clear,Standard,Moderate,14.58,13,33,5.35,5,On Time,67.67
TRIP205401,Clear,Standard,High,7.49,8,45,17.01,15,On Time,33.37
TRIP207947,Windy,Express,Moderate,19.20,17,31,18.00,11,On Time,79.56
TRIP200126,Clear,Mini Bus,Low,21.09,23,,8.47,15,On Time,99.52
TRIP207271,Clear,Standard,Moderate,14.17,15,45,4.96,17,Moderate Delay,80.03
TRIP209074,Clear,Express,Moderate,16.03,17,26,2.35,20,Moderate Delay,73.38
TRIP209218,Clear,Mini Bus,High,13.10,20,23,5.53,9,Severe Delay,82.42
TRIP200474,Rainy,Standard,Low,13.43,15,17,3.19,12,Moderate Delay,48.69
TRIP208055,Windy,Standard,Moderate,23.99,30,48,,16,Severe Delay,148.57
TRIP209537,Windy,Standard,Moderate,5.55,7,36,11.50,17,Moderate Delay,46.11
TRIP201606,Clear,Standard,High,9.94,6,16,18.00,14,On Time,49.36
TRIP205050,Foggy,Mini Bus,High,4.61,3,48,2.55,16,Severe Delay,46.60
TRIP204686,Rainy,Standard,Severe,9.18,11,47,5.03,18,Severe Delay,85.40
TRIP206586,Rainy,Express,Moderate,6.82,7,61,7.29,16,Moderate Delay,43.37
TRIP204120,Clear,Standard,Moderate,5.26,5,32,9.58,6,On Time,23.88
TRIP206933,Rainy,Express,Severe,3.03,3,12,10.94,11,Moderate Delay,21.05
TRIP209387,Windy,Mini Bus,High,8.77,9,26,7.43,14,Moderate Delay,47.35
TRIP209229,Clear,Express,High,4.38,3,15,7.85,22,On Time,15.13
TRIP207026,Rainy,Standard,Moderate,7.25,8,34,0.97,23,Moderate Delay,36.14
TRIP207771,Foggy,Standard,Moderate,14.17,12,42,5.35,19,Moderate Delay,80.87
TRIP201178,Clear,Standard,Low,30.43,32,33,5.46,21,Moderate Delay,161.58
TRIP209839,Clear,Express,High,9.23,8,17,2.21,22,Moderate Delay,44.59
TRIP204008,Foggy,Mini Bus,Moderate,10.72,13,11,5.44,6,Moderate Delay,43.59
TRIP200636,Clear,Standard,Moderate,7.02,8,28,13.59,23,On Time,30.46
TRIP203456,Clear,Standard,Low,13.78,10,21,6.56,13,On Time,49.56
TRIP202992,Rainy,Express,Severe,22.74,20,39,,19,Severe Delay,180.00
TRIP209452,Foggy,Express,Moderate,7.83,6,17,5.64,15,On Time,25.52
TRIP206641,Foggy,Standard,Severe,5.13,6,47,12.57,7,Severe Delay,49.19
TRIP204528,Rainy,Mini Bus,Moderate,4.57,7,3,1.94,22,Moderate Delay,28.26
TRIP206185,Clear,Standard,Low,22.97,21,45,3.88,8,Severe Delay,107.27
TRIP202170,Clear,Standard,Moderate,26.62,26,41,4.33,9,Severe Delay,165.33
TRIP203579,Clear,Standard,Moderate,9.44,8,26,,13,Moderate Delay,45.73
TRIP206960,Windy,Standard,High,6.30,6,32,6.00,18,Moderate Delay,42.26
TRIP201999,Clear,Standard,Low,6.42,7,40,7.44,14,On Time,16.79
TRIP201201,Clear,Standard,Low,13.91,17,45,2.75,19,Severe Delay,58.12
TRIP207273,Clear,Mini Bus,Low,11.50,9,20,2.21,22,On Time,51.55
TRIP201011,Clear,Mini Bus,Moderate,18.59,23,6,5.31,13,Moderate Delay,90.82
TRIP207786,Windy,Express,Moderate,2.58,4,,4.05,22,On Time,12.00
TRIP203052,Clear,Mini Bus,Severe,6.16,7,33,13.13,8,Severe Delay,53.15
TRIP200426,Rainy,Mini Bus,Moderate,8.29,7,32,3.55,6,Moderate Delay,51.51
TRIP208358,Windy,Express,Severe,9.83,13,26,4.51,23,Moderate Delay,61.24
TRIP202353,Foggy,Mini Bus,High,11.97,12,5,7.68,21,Severe Delay,80.49
TRIP202577,Clear,Standard,Low,4.46,7,36,2.93,12,On Time,26.89
TRIP203828,Clear,Standard,High,26.47,25,36,9.64,5,Severe Delay,174.89
TRIP202031,Clear,Express,High,4.85,4,29,2.10,5,On Time,23.33
TRIP207642,Clear,Mini Bus,High,8.89,9,30,1.85,9,Severe Delay,51.01
TRIP203942,Rainy,Standard,Low,8.23,5,38,4.64,16,Moderate Delay,41.59
TRIP204504,Clear,Express,High,22.53,26,28,4.73,7,Severe Delay,132.30
TRIP202689,Clear,Standard,Low,6.15,3,26,1.53,23,On Time,17.50
TRIP201263,Rainy,Mini Bus,High,6.13,4,18,2.66,14,Severe Delay,39.43
TRIP208317,Clear,Standard,Moderate,8.87,6,21,4.68,7,Moderate Delay,45.20
TRIP202512,Windy,Standard,Moderate,,10,41,5.46,6,On Time,56.87
TRIP204732,Windy,Standard,High,5.25,5,37,0.31,16,Severe Delay,51.15
TRIP205454,Foggy,Standard,High,9.45,13,37,5.35,12,Severe Delay,67.37
TRIP206475,Clear,Standard,High,20.21,22,30,6.87,15,Moderate Delay,122.20
TRIP205246,Rainy,Mini Bus,Moderate,,3,41,12.53,16,Moderate Delay,37.13
TRIP201900,Rainy,Standard,Moderate,7.53,11,20,11.97,21,On Time,38.52
TRIP205255,Clear,Express,Moderate,17.92,16,39,3.12,22,On Time,74.76
TRIP208967,Foggy,Standard,Severe,16.61,17,41,8.55,22,Severe Delay,130.41
TRIP204029,Clear,Mini Bus,Moderate,17.73,16,36,4.22,17,Severe Delay,92.49
TRIP208691,Clear,Standard,Severe,12.65,13,42,3.51,13,Moderate Delay,88.30
TRIP208027,Clear,Mini Bus,Low,22.27,25,35,4.94,18,Severe Delay,119.20
TRIP208855,Windy,Standard,Severe,10.30,12,38,5.95,12,Moderate Delay,79.90
TRIP205367,Clear,Standard,High,14.18,15,57,2.41,18,Severe Delay,92.10
TRIP202547,Clear,Mini Bus,High,9.00,9,10,4.17,22,Moderate Delay,49.48
TRIP204058,Clear,Standard,Low,7.57,5,14,3.08,22,On Time,29.69
TRIP203588,Clear,Mini Bus,High,4.21,3,15,8.19,5,Moderate Delay,25.43
TRIP209054,Clear,Standard,Low,21.38,21,32,2.53,5,Moderate Delay,94.66
TRIP209414,Foggy,Standard,Moderate,24.46,24,52,7.53,7,Severe Delay,155.44
TRIP204388,Clear,Standard,Moderate,8.92,8,29,4.02,14,On Time,39.31
TRIP204217,Rainy,Standard,Low,20.54,21,26,2.71,8,Severe Delay,95.29
TRIP208817,Windy,Standard,Moderate,6.98,5,34,4.53,11,On Time,44.44
TRIP202641,Clear,Mini Bus,Severe,8.22,6,28,4.42,5,Severe Delay,61.09
TRIP204870,Rainy,Standard,High,20.76,22,49,3.84,17,Severe Delay,144.49
TRIP207622,Clear,Standard,Moderate,5.33,5,33,1.86,17,Severe Delay,40.01
TRIP208399,Clear,Standard,Low,19.21,21,29,2.53,12,Moderate Delay,76.73
TRIP200995,Clear,Standard,Low,5.67,6,25,3.36,12,On Time,28.44
TRIP202830,Rainy,Mini Bus,Severe,14.62,10,26,2.28,16,Severe Delay,113.01
TRIP208951,Rainy,Mini Bus,Moderate,9.51,10,40,2.66,16,Severe Delay,56.23
TRIP200407,Rainy,Standard,High,7.99,8,38,12.84,9,Severe Delay,66.28
TRIP205385,Windy,Mini Bus,High,6.69,5,27,1.85,19,Severe Delay,49.99
TRIP202506,Windy,Express,Low,4.94,3,48,4.85,5,On Time,17.65
TRIP207050,Clear,Mini Bus,High,5.29,6,28,2.87,17,Severe Delay,39.26
TRIP207465,Rainy,Express,Moderate,7.66,9,38,7.64,17,Moderate Delay,47.33
TRIP204760,Rainy,Standard,Low,10.39,9,34,9.56,12,On Time,38.50
TRIP204852,Clear,Standard,Severe,14.91,16,38,2.47,10,Severe Delay,102.47
TRIP204364,Clear,Mini Bus,High,25.35,28,20,4.10,11,Severe Delay,180.00
TRIP208311,Clear,Standard,Low,15.33,20,37,13.31,19,Moderate Delay,65.76
TRIP209469,Rainy,Standard,Moderate,11.66,11,63,2.06,14,Severe Delay,63.90
TRIP205744,Clear,Standard,Severe,11.69,8,,2.07,20,Severe Delay,71.54
TRIP208642,Windy,Standard,Severe,5.61,8,39,3.99,8,Severe Delay,43.04
TRIP206590,Windy,Express,Low,9.36,12,22,0.67,5,On Time,26.93
TRIP204268,Clear,Standard,High,2.77,3,30,15.21,22,On Time,15.73
TRIP209250,Clear,Standard,High,14.49,15,43,3.36,5,On Time,77.92
TRIP200105,Clear,Express,Moderate,6.56,5,6,5.61,5,On Time,20.21
TRIP201312,Clear,Standard,Moderate,9.64,12,35,5.76,21,On Time,48.53
TRIP200200,Rainy,Mini Bus,Moderate,5.16,6,20,1.49,11,On Time,33.31
TRIP205290,Clear,Standard,Moderate,6.04,5,30,5.97,21,On Time,24.20
TRIP201457,Clear,Standard,Severe,3.99,4,19,1.51,5,Moderate Delay,24.17
TRIP200170,Clear,Standard,Moderate,17.78,18,19,4.80,22,On Time,81.59
TRIP206227,Rainy,Standard,Severe,14.41,12,30,4.11,11,Severe Delay,107.92
TRIP204580,Rainy,Standard,Low,4.25,5,62,6.30,9,Moderate Delay,40.56
TRIP207720,Windy,Standard,Moderate,15.16,16,40,9.44,18,Severe Delay,84.92
TRIP204847,Rainy,Standard,Moderate,2.00,3,33,2.56,21,Moderate Delay,27.97
TRIP209187,Clear,Standard,High,3.24,3,42,0.20,15,On Time,27.49
TRIP209075,Clear,Standard,Moderate,9.93,10,38,6.11,23,On Time,44.31
TRIP203847,Rainy,Express,Moderate,9.15,10,11,0.66,11,On Time,36.63
TRIP206144,Windy,Mini Bus,Moderate,17.60,21,30,7.59,12,Moderate Delay,97.56
TRIP203995,Clear,Mini Bus,High,6.96,7,14,5.69,12,Moderate Delay,41.91
TRIP208180,Clear,Mini Bus,High,12.48,15,19,5.85,18,Severe Delay,93.58
TRIP201009,Clear,Mini Bus,High,7.80,10,18,11.92,7,Moderate Delay,54.59
TRIP209164,Rainy,Standard,High,9.36,10,36,7.95,20,Moderate Delay,64.51
TRIP204710,Clear,Express,High,19.99,19,14,14.61,10,Moderate Delay,111.90
TRIP203517,Windy,Mini Bus,Moderate,30.77,30,19,6.63,14,Severe Delay,180.00
TRIP204484,Clear,Standard,High,4.78,4,41,6.96,18,Severe Delay,33.89
TRIP201541,Clear,Express,Moderate,4.54,5,26,1.31,9,Moderate Delay,23.42
TRIP201117,Rainy,Standard,Moderate,8.62,11,65,6.52,18,Severe Delay,44.38
TRIP206237,Foggy,Standard,Moderate,4.96,5,46,1.58,9,Severe Delay,44.92
TRIP200074,Rainy,Mini Bus,Low,12.88,17,36,5.92,21,Moderate Delay,67.83
TRIP202620,Clear,Standard,Moderate,8.72,10,37,3.34,14,On Time,45.50
TRIP208115,Windy,Express,Low,17.58,17,19,4.23,6,On Time,69.97
TRIP201550,Clear,Standard,Moderate,8.97,12,36,5.43,23,On Time,46.91
TRIP200375,Clear,Mini Bus,Moderate,10.35,15,28,1.88,8,Severe Delay,65.53
TRIP206508,Clear,Standard,Severe,,4,55,2.00,7,Severe Delay,44.94
TRIP203033,Clear,Standard,Moderate,12.18,8,22,2.79,21,Moderate Delay,46.32
TRIP205867,Rainy,Standard,Moderate,10.72,12,28,5.69,22,Moderate Delay,57.00
TRIP200068,Rainy,Express,Moderate,14.84,14,31,3.26,7,Moderate Delay,75.17
TRIP200345,,Standard,High,20.17,21,43,11.95,8,Severe Delay,138.28
TRIP208993,Clear,Standard,Severe,6.20,6,40,3.47,10,Moderate Delay,45.46
TRIP206429,Rainy,Express,Severe,6.26,4,16,8.47,18,Severe Delay,64.27
TRIP204018,Clear,Standard,Moderate,11.24,10,38,1.08,9,Severe Delay,63.67
TRIP203064,Rainy,Standard,Moderate,8.67,10,29,,5,Moderate Delay,51.40
TRIP202085,Clear,Standard,High,17.56,16,38,1.85,14,Severe Delay,104.49
TRIP203430,,Standard,High,9.27,11,23,2.37,11,Moderate Delay,54.03
TRIP202351,Rainy,Standard,Low,19.18,23,43,17.43,9,Moderate Delay,90.11
TRIP202050,Windy,Express,Moderate,13.95,14,33,7.21,20,On Time,58.98
TRIP200324,Clear,Standard,Severe,17.37,21,39,5.13,7,Severe Delay,127.42
TRIP204553,Rainy,Standard,High,21.12,19,34,1.72,15,Severe Delay,149.31
TRIP209013,Clear,Mini Bus,Moderate,21.12,22,21,15.70,9,Severe Delay,116.38
TRIP205079,Clear,Standard,Moderate,13.06,16,30,2.20,16,Severe Delay,64.18
TRIP201479,Rainy,Standard,High,6.16,5,34,4.26,14,Moderate Delay,48.66
TRIP208594,Rainy,Mini Bus,Low,8.60,10,14,5.35,23,On Time,33.02
TRIP202560,Rainy,Standard,High,4.80,7,46,14.09,18,Severe Delay,51.05
TRIP205505,Foggy,Standard,Moderate,16.74,14,46,9.52,15,Moderate Delay,85.15
TRIP208346,Rainy,Mini Bus,High,6.57,7,13,4.09,19,Severe Delay,59.48
TRIP204877,Rainy,Standard,Moderate,6.40,5,48,8.47,19,Severe Delay,43.41
TRIP202172,Rainy,Standard,Severe,7.92,7,36,3.31,12,Severe Delay,74.22
TRIP202675,Clear,Express,Moderate,18.21,22,25,1.86,14,Moderate Delay,77.48
TRIP207550,Clear,Standard,High,9.86,13,33,14.27,12,Moderate Delay,51.09
TRIP204813,Rainy,Standard,Moderate,6.91,7,27,6.58,6,On Time,37.65
TRIP208273,Rainy,Express,Moderate,15.86,12,12,3.29,21,On Time,70.61
TRIP206349,Rainy,Standard,Moderate,8.33,4,22,6.84,21,On Time,33.84
TRIP205160,Clear,Standard,Low,6.76,7,40,7.98,11,On Time,26.84
TRIP209135,Rainy,Express,High,7.14,7,29,7.76,5,Moderate Delay,47.86
TRIP209601,Foggy,Mini Bus,High,6.17,7,33,0.55,20,Severe Delay,49.90
TRIP204149,Rainy,Mini Bus,Moderate,15.71,13,31,16.09,17,Moderate Delay,86.27
TRIP209109,Windy,Mini Bus,High,,10,17,5.27,11,Moderate Delay,55.86
TRIP206441,Foggy,Standard,Moderate,10.77,5,39,2.71,12,On Time,48.34
TRIP205908,Windy,Standard,Moderate,7.25,10,18,2.17,21,Moderate Delay,29.09
TRIP205207,Clear,Standard,High,10.70,12,19,10.73,20,On Time,65.36
TRIP203765,Foggy,Express,Severe,3.91,6,29,4.49,15,Moderate Delay,35.88
TRIP202541,Clear,,Moderate,,6,26,5.83,13,On Time,37.38
TRIP208831,Foggy,Express,High,10.76,7,24,12.41,7,Severe Delay,59.92
TRIP200745,Clear,Standard,Moderate,13.37,15,28,5.80,11,On Time,72.76
TRIP202705,Clear,Standard,Low,21.60,20,59,7.31,8,Severe Delay,104.37
TRIP209827,Clear,Express,Low,6.96,8,14,4.58,20,On Time,26.48
TRIP204620,Rainy,Mini Bus,High,8.40,11,9,3.56,15,Severe Delay,55.19
TRIP203641,Clear,Mini Bus,Moderate,17.50,18,31,9.86,21,Moderate Delay,94.81
TRIP206554,Foggy,Standard,Moderate,6.47,6,41,5.25,21,On Time,34.24
TRIP200164,Clear,,High,6.47,4,21,7.66,9,Moderate Delay,29.46
TRIP200665,Clear,Standard,Low,8.66,8,20,3.40,20,On Time,28.41
TRIP200919,Clear,Express,Moderate,11.58,14,19,3.98,10,On Time,46.10
TRIP208302,Rainy,Mini Bus,Moderate,6.01,3,29,4.81,12,On Time,37.95
TRIP207593,Clear,Standard,Severe,14.11,18,36,4.26,13,Severe Delay,95.42
TRIP201291,Rainy,Standard,Low,6.12,6,44,0.67,11,Moderate Delay,43.35
TRIP206643,Clear,Standard,High,8.75,9,33,1.63,8,Severe Delay,56.92
TRIP205619,Foggy,Mini Bus,High,2.73,3,30,15.07,11,Moderate Delay,26.37
TRIP207579,Clear,Mini Bus,High,20.98,24,21,2.07,8,Severe Delay,138.63
TRIP201946,Rainy,Standard,Low,9.21,11,56,5.95,18,Moderate Delay,52.55
TRIP200946,Rainy,Standard,High,7.57,8,38,7.52,17,Severe Delay,72.98
TRIP205557,Rainy,Express,Low,15.77,17,18,8.28,15,On Time,54.11
TRIP206526,Windy,Mini Bus,Moderate,5.01,4,15,2.77,14,On Time,46.59
TRIP203540,Rainy,Standard,Low,5.03,6,39,5.09,14,On Time,31.60
TRIP207015,Clear,Mini Bus,Moderate,6.45,5,38,3.78,19,On Time,35.82
TRIP203620,Rainy,Mini Bus,High,8.50,12,13,7.72,12,Severe Delay,70.12
TRIP209219,Clear,Express,Moderate,17.05,18,33,8.24,9,Moderate Delay,82.68
TRIP201320,Clear,Standard,Moderate,15.46,12,36,10.08,17,Moderate Delay,76.03
TRIP205995,Clear,Standard,High,6.75,7,37,5.28,19,Moderate Delay,45.93
TRIP205432,Clear,Mini Bus,High,5.88,5,29,18.00,10,Moderate Delay,32.46
TRIP201906,Clear,Mini Bus,Moderate,9.02,13,14,14.69,23,On Time,42.63
TRIP206513,Clear,,Moderate,5.32,10,35,6.92,5,On Time,26.37
TRIP204393,Rainy,Standard,High,17.97,19,29,12.07,15,Severe Delay,126.46
TRIP203154,Foggy,Standard,Severe,5.77,4,29,0.57,11,Severe Delay,50.04
TRIP202425,Windy,Standard,Low,6.21,4,50,1.16,17,Moderate Delay,37.02
TRIP204818,Clear,Mini Bus,Moderate,18.35,20,26,11.82,6,Moderate Delay,99.85
TRIP202444,Windy,Standard,High,,16,41,4.09,9,Severe Delay,90.42
TRIP206626,Rainy,Standard,High,4.50,4,35,11.00,20,Moderate Delay,42.71
TRIP202808,Foggy,Mini Bus,High,,5,17,,17,Severe Delay,51.52
TRIP208369,Rainy,Express,Low,7.14,7,24,0.67,21,On Time,22.49
TRIP205823,Clear,Standard,Severe,3.51,3,59,8.26,18,Severe Delay,39.13
TRIP205014,Windy,Mini Bus,Low,10.22,8,26,3.19,18,Moderate Delay,52.81
TRIP206077,Rainy,,Moderate,4.12,4,50,10.15,11,On Time,29.40
TRIP207688,,Mini Bus,Low,13.20,16,17,17.68,14,On Time,53.58
TRIP206711,Windy,Express,Severe,7.66,9,22,3.75,9,Severe Delay,55.77
TRIP208666,Clear,Standard,Moderate,12.01,15,38,13.58,6,On Time,49.84
TRIP203549,Foggy,Mini Bus,Severe,19.84,20,23,3.63,21,Severe Delay,164.16
TRIP202551,Rainy,Standard,Severe,2.29,3,39,13.61,14,Moderate Delay,32.59
TRIP204060,Rainy,Standard,Low,12.61,12,28,4.50,12,Moderate Delay,52.55
TRIP202558,Clear,Mini Bus,Severe,3.78,5,29,,8,Severe Delay,39.37
TRIP208900,Clear,Mini Bus,Moderate,5.07,5,27,5.11,15,On Time,34.54
TRIP206802,Clear,Express,Moderate,7.63,7,11,6.57,23,On Time,26.65
TRIP206147,Clear,Express,Moderate,21.64,23,21,3.70,10,Moderate Delay,98.38
TRIP207377,Clear,Standard,Moderate,9.76,12,42,1.00,23,On Time,45.27
TRIP207071,Windy,Standard,Low,11.75,11,63,2.01,8,Severe Delay,60.25
TRIP209740,Clear,Standard,High,18.01,16,34,5.33,13,Severe Delay,103.50
TRIP206761,Clear,Express,Moderate,7.92,10,51,5.90,16,Moderate Delay,29.88
TRIP208776,Rainy,Standard,Moderate,25.86,27,50,3.81,19,Severe Delay,157.27
TRIP201785,Clear,Mini Bus,High,2.86,3,35,1.29,16,Severe Delay,24.46
TRIP205561,Rainy,Express,Moderate,10.19,8,37,2.54,16,Moderate Delay,42.02
TRIP204133,Clear,Standard,Severe,12.41,14,45,6.35,18,Severe Delay,101.19
TRIP207019,Clear,Standard,Moderate,6.42,3,32,5.63,16,On Time,31.63
TRIP207836,Clear,Standard,Moderate,14.84,16,,7.51,20,On Time,70.36
TRIP201676,Clear,Mini Bus,High,4.64,3,24,2.87,14,Moderate Delay,30.24
TRIP204129,Clear,Standard,Low,6.35,6,48,17.52,9,Moderate Delay,20.10
TRIP203230,Clear,Standard,Moderate,5.96,9,51,10.35,20,On Time,42.02
TRIP202890,Clear,Standard,Low,5.05,3,47,4.83,18,On Time,29.00
TRIP201235,Clear,Standard,Moderate,14.24,14,55,3.04,16,Severe Delay,74.42
TRIP205070,Clear,Express,High,18.49,14,22,0.88,22,Moderate Delay,90.57
TRIP201129,Clear,Express,Severe,4.78,6,24,6.43,12,On Time,28.36
TRIP204305,Windy,Standard,Moderate,5.18,3,35,3.87,12,On Time,26.25
TRIP209195,Windy,Standard,Low,8.19,10,33,9.67,23,On Time,37.96
TRIP204269,Clear,Mini Bus,Moderate,22.50,22,40,2.70,19,Severe Delay,136.41
TRIP201934,Clear,Express,Low,16.81,21,41,2.89,18,Moderate Delay,70.52
TRIP202162,Windy,Standard,High,8.84,12,,12.15,20,Moderate Delay,56.87
TRIP202501,Rainy,Standard,Severe,13.03,11,51,0.40,17,Severe Delay,118.35
TRIP209500,Clear,Mini Bus,Severe,18.13,20,27,11.36,8,Severe Delay,148.09
TRIP207969,Rainy,,Moderate,11.98,13,12,5.16,13,Moderate Delay,56.41
TRIP206820,Clear,Standard,High,10.80,14,34,2.02,7,Severe Delay,76.70
TRIP206188,Clear,Mini Bus,Moderate,10.05,9,16,14.02,12,On Time,40.16
TRIP207609,Rainy,Standard,Low,8.06,3,,4.43,10,On Time,33.91
TRIP200857,Clear,Standard,High,5.70,5,38,1.80,21,Moderate Delay,28.27
TRIP200198,Clear,Standard,Low,14.87,18,,3.46,5,On Time,65.55
TRIP201475,Rainy,Mini Bus,High,24.66,30,18,3.76,21,Severe Delay,180.00
TRIP204324,Rainy,Standard,Moderate,25.09,27,47,2.09,16,Severe Delay,157.75
TRIP202397,Rainy,Standard,High,12.74,11,19,3.38,10,Moderate Delay,88.70
TRIP200415,Clear,Standard,Moderate,7.93,11,31,4.95,13,On Time,36.63
TRIP200985,Clear,Standard,Severe,,19,31,6.93,20,Moderate Delay,139.60
TRIP207563,Rainy,Standard,High,15.02,15,42,7.38,18,Severe Delay,109.24
TRIP206319,Clear,Mini Bus,Severe,3.89,3,21,9.31,6,Moderate Delay,32.07
TRIP206166,Rainy,Express,High,21.62,26,22,6.67,14,Severe Delay,136.87
TRIP208966,Rainy,Mini Bus,High,10.28,14,26,0.44,19,Severe Delay,74.16
TRIP200108,Windy,Express,High,7.40,3,19,5.83,14,On Time,31.64
TRIP204647,Windy,Standard,Moderate,32.00,33,43,6.96,8,Severe Delay,180.00
TRIP200298,Foggy,Mini Bus,High,12.94,14,31,3.46,19,Severe Delay,91.18
TRIP208543,Clear,Standard,Moderate,4.63,7,32,9.40,10,On Time,37.49
TRIP209175,Rainy,Express,High,3.50,4,20,7.01,6,On Time,23.76
TRIP205191,Clear,Express,Moderate,13.07,18,33,4.25,19,Moderate Delay,54.59
TRIP208568,Rainy,,Moderate,7.72,10,27,4.44,6,On Time,31.76
TRIP202779,Clear,Standard,Low,21.04,18,44,1.64,21,Moderate Delay,92.05
TRIP206818,Clear,Standard,Moderate,7.71,8,25,2.93,5,On Time,28.53
TRIP201915,Clear,Standard,Moderate,10.06,10,20,4.87,14,On Time,46.16
TRIP201597,Clear,Standard,Low,5.93,4,32,4.62,19,On Time,28.42
TRIP209775,Clear,Mini Bus,Moderate,14.16,18,29,3.45,13,Moderate Delay,77.85
TRIP204038,Clear,Standard,Moderate,3.93,3,39,7.31,7,Moderate Delay,37.57
TRIP204123,Clear,Express,High,8.02,11,25,3.17,11,On Time,26.57
TRIP207639,Windy,Express,Moderate,2.00,3,34,7.84,12,On Time,12.31
TRIP202398,Clear,Standard,High,8.04,10,41,9.62,5,On Time,44.84
TRIP209060,Clear,Standard,Low,3.73,3,34,18.00,15,On Time,12.00
TRIP207730,Clear,Standard,Severe,6.66,9,44,3.35,9,Severe Delay,59.71
TRIP202754,Rainy,Mini Bus,Severe,7.71,5,24,7.74,19,Severe Delay,72.42
TRIP203268,Windy,Express,Moderate,11.16,10,4,3.02,11,On Time,46.39
TRIP207617,Clear,Standard,Low,13.71,15,14,0.89,5,Moderate Delay,46.83
TRIP201422,Clear,Express,Moderate,18.92,16,24,3.21,13,On Time,74.76
TRIP205621,Clear,Standard,Severe,12.78,13,27,15.83,14,On Time,84.19
TRIP201783,,Mini Bus,Low,6.64,6,18,5.24,10,On Time,37.42
TRIP200321,,Standard,High,10.30,10,43,2.46,7,Severe Delay,85.32
TRIP209616,Rainy,Mini Bus,Low,13.92,15,7,3.71,22,On Time,63.26
TRIP204479,Clear,Mini Bus,High,6.45,3,11,5.15,20,Moderate Delay,33.69
TRIP206986,Foggy,Mini Bus,Moderate,10.72,11,26,6.86,13,On Time,62.08
TRIP206197,Clear,Mini Bus,Moderate,5.38,3,16,3.56,15,On Time,28.70
TRIP200106,,Standard,Moderate,4.71,4,31,11.41,20,On Time,19.17
TRIP208612,Clear,Express,Moderate,11.14,9,16,6.64,18,On Time,45.02
TRIP205769,Clear,Express,Moderate,11.61,14,23,5.85,14,On Time,38.61
TRIP208386,Clear,Express,High,7.30,8,16,7.36,21,On Time,34.82
TRIP205879,Rainy,Standard,Low,6.20,8,55,7.49,7,Severe Delay,35.28
TRIP206065,Rainy,Standard,Moderate,16.77,22,41,2.61,5,Moderate Delay,97.92
TRIP202263,Clear,Standard,Moderate,6.01,6,33,8.36,5,On Time,26.25
TRIP207894,Windy,Standard,Low,9.81,9,29,4.45,14,On Time,40.69
TRIP209263,Clear,,Moderate,2.29,3,25,0.94,17,Moderate Delay,13.12
TRIP208450,Clear,Standard,High,3.46,3,36,9.81,6,On Time,25.89
TRIP200172,Rainy,Mini Bus,Moderate,8.91,10,5,12.39,21,On Time,40.11
TRIP200186,Rainy,Mini Bus,Moderate,12.80,13,28,3.96,14,On Time,68.98
TRIP202736,Clear,Standard,High,7.73,7,18,5.23,14,On Time,41.71
TRIP200385,Windy,Standard,Low,12.46,13,51,0.20,9,Severe Delay,53.27
TRIP209181,Clear,Express,Moderate,11.32,15,44,1.32,7,Moderate Delay,53.60
TRIP202327,Rainy,Mini Bus,Low,10.15,6,3,8.08,15,On Time,32.00
TRIP205332,Rainy,Standard,Moderate,12.69,17,25,13.58,10,Moderate Delay,65.15
TRIP200053,Clear,Standard,Low,8.60,15,35,5.59,15,On Time,50.38
TRIP202114,Clear,Standard,High,28.05,29,40,6.18,5,Severe Delay,180.00
TRIP201348,Clear,Mini Bus,Moderate,17.42,21,14,7.66,14,Severe Delay,100.70
TRIP209299,Clear,Standard,Low,4.22,5,26,6.72,11,On Time,29.68
TRIP201430,Clear,Standard,Severe,11.84,8,45,6.63,7,Severe Delay,90.59
TRIP206667,Clear,Mini Bus,Severe,15.80,15,23,6.64,8,Severe Delay,118.27
TRIP205419,Clear,Standard,Moderate,10.80,12,40,10.11,6,On Time,55.21
TRIP202443,Windy,Standard,High,7.39,6,34,5.87,23,On Time,40.52
TRIP200046,Foggy,Standard,Moderate,4.81,4,34,18.00,12,On Time,30.75
TRIP209058,Clear,Mini Bus,High,5.73,4,37,16.38,7,Moderate Delay,33.26
TRIP209454,Clear,Mini Bus,Low,17.05,21,18,2.42,9,Severe Delay,77.16
TRIP201726,Clear,Standard,Moderate,10.87,9,45,8.61,6,Moderate Delay,43.29
TRIP208802,Rainy,Mini Bus,High,9.47,9,31,9.81,10,Severe Delay,75.69
TRIP203613,Clear,Mini Bus,High,11.80,12,25,5.18,9,Severe Delay,72.60
TRIP200538,Clear,Standard,Severe,9.77,13,13,1.32,5,Moderate Delay,63.82
TRIP200114,Clear,Express,High,,8,35,11.89,7,Moderate Delay,24.38
TRIP200467,Windy,,Severe,9.73,12,49,3.25,7,Severe Delay,79.87
TRIP208285,Clear,Standard,Moderate,13.31,14,35,4.59,5,On Time,67.49
TRIP207524,Clear,Standard,High,6.78,9,43,10.72,17,Moderate Delay,49.74
TRIP204639,Clear,Standard,Moderate,14.93,18,39,4.01,16,Moderate Delay,72.05
TRIP203745,Clear,Standard,Low,6.92,6,48,2.60,16,Moderate Delay,31.82
TRIP200509,Clear,Standard,High,11.52,9,48,7.56,18,Severe Delay,65.78
TRIP202158,Clear,Standard,Moderate,16.72,17,29,5.26,21,Moderate Delay,88.71
TRIP203358,Clear,Standard,High,10.69,13,31,0.78,21,On Time,65.75
TRIP203634,Clear,Express,High,17.04,16,25,8.25,11,Severe Delay,95.39
TRIP202379,Rainy,Standard,Moderate,3.18,3,,1.19,18,Moderate Delay,47.53
TRIP201224,Windy,Standard,Low,8.27,6,44,6.23,21,On Time,29.91
TRIP207068,Clear,Standard,Moderate,9.85,9,57,4.86,7,Severe Delay,59.74
TRIP208149,Windy,Mini Bus,Low,32.00,33,24,6.48,14,Severe Delay,178.99
TRIP207335,Windy,Mini Bus,High,11.25,11,11,2.38,13,Moderate Delay,60.11
TRIP209428,Clear,Standard,Low,15.12,18,21,10.05,20,Moderate Delay,61.18
TRIP207915,Clear,Standard,Moderate,3.86,3,28,4.03,11,On Time,21.20
TRIP209563,Clear,Standard,Low,,4,30,1.58,23,On Time,23.05
TRIP203501,Clear,Express,Moderate,5.94,4,14,1.22,23,On Time,12.00
TRIP202238,Rainy,Express,Moderate,3.37,3,9,5.17,5,On Time,19.01
TRIP207500,Rainy,Mini Bus,Low,16.14,20,28,7.91,12,Moderate Delay,84.52
TRIP203293,Rainy,Mini Bus,Moderate,18.74,19,13,1.90,12,Severe Delay,104.72
TRIP208580,,Standard,Moderate,31.56,29,43,0.92,7,Severe Delay,180.00
TRIP209534,Clear,Standard,High,14.58,16,28,6.34,6,Moderate Delay,90.08
TRIP206793,Clear,Standard,High,16.26,21,29,6.60,10,Moderate Delay,104.39
TRIP201428,Clear,Express,Moderate,9.48,11,32,7.36,18,On Time,31.77
TRIP209443,Windy,Express,High,4.05,3,10,18.00,13,On Time,14.61
TRIP206318,Clear,Standard,Low,14.88,16,35,3.28,15,Moderate Delay,59.93
TRIP207455,Clear,Standard,Low,7.61,8,28,3.25,6,On Time,31.11
TRIP208846,Foggy,Standard,Low,8.34,9,,3.87,17,Moderate Delay,46.86
TRIP203553,Clear,Standard,High,17.44,19,44,8.17,22,Severe Delay,99.61
TRIP204608,Clear,Express,High,8.27,7,17,3.94,22,On Time,41.23
TRIP209052,Clear,Mini Bus,Low,4.38,5,27,18.00,5,On Time,18.05
TRIP202683,Clear,Mini Bus,High,16.55,17,24,7.72,23,Severe Delay,88.08
TRIP205878,Foggy,Mini Bus,High,11.59,13,27,2.31,6,Severe Delay,83.09
TRIP202074,Rainy,Standard,Moderate,9.51,9,28,8.45,14,On Time,48.42
TRIP208797,Windy,Express,Moderate,6.61,4,13,2.03,19,On Time,44.33
TRIP205818,Clear,Mini Bus,Moderate,7.43,12,3,4.48,23,On Time,43.99
TRIP207334,Clear,,Severe,16.09,16,31,5.23,11,Moderate Delay,116.15
TRIP202110,Clear,Express,Moderate,32.00,34,35,4.57,18,Severe Delay,179.47
TRIP204412,,Standard,Moderate,6.57,11,47,7.97,17,Severe Delay,42.90
TRIP205824,Clear,Standard,High,18.38,16,31,10.21,6,Severe Delay,98.96
TRIP207981,Clear,Standard,Moderate,7.64,8,24,4.50,11,On Time,37.61
TRIP207172,Windy,Mini Bus,Severe,9.70,10,26,18.00,22,Severe Delay,70.26
TRIP203261,Clear,Standard,Low,4.90,5,61,9.76,20,On Time,22.12
TRIP200461,Clear,Standard,Severe,9.13,8,29,5.79,12,Moderate Delay,64.28
TRIP202652,Clear,Standard,High,,9,57,9.33,9,Severe Delay,79.01
TRIP205277,Foggy,Standard,Severe,19.95,22,31,2.51,11,Severe Delay,157.02
TRIP202360,Rainy,Standard,Low,6.99,8,35,4.28,12,On Time,37.38
TRIP201544,Clear,Standard,High,14.76,11,27,4.76,22,On Time,79.52
TRIP201691,,Standard,Moderate,10.75,14,47,2.84,8,Severe Delay,65.10
TRIP208085,Clear,Express,High,12.78,10,19,7.90,11,Moderate Delay,57.91
TRIP204368,,Mini Bus,Moderate,2.20,3,40,3.01,8,Moderate Delay,35.14
TRIP207895,Clear,Mini Bus,Moderate,2.84,3,4,1.23,15,On Time,12.00
TRIP207843,Clear,Standard,High,3.49,5,30,8.74,16,On Time,31.86
TRIP209514,Clear,Mini Bus,Low,7.48,8,3,4.36,21,On Time,27.83
TRIP209356,Windy,Mini Bus,Moderate,14.87,15,34,3.57,16,Severe Delay,79.51
TRIP204326,Clear,Standard,Low,8.67,9,21,6.09,22,On Time,27.22
TRIP205150,Clear,Standard,High,9.76,10,42,4.83,14,On Time,56.70
TRIP208236,Windy,Express,Moderate,12.45,10,37,7.29,5,On Time,49.01
TRIP206235,Clear,Express,High,11.04,9,41,18.00,16,Moderate Delay,54.53
TRIP206454,Clear,Express,Moderate,14.81,13,22,3.25,22,On Time,53.25
TRIP202269,Foggy,Standard,Moderate,9.75,5,29,10.46,6,On Time,44.38
TRIP204635,Windy,Mini Bus,High,11.38,12,10,5.05,14,On Time,73.61
TRIP203303,Clear,Standard,Moderate,6.59,3,46,11.65,16,On Time,37.99
TRIP201097,Rainy,Mini Bus,Moderate,8.63,11,17,4.05,23,On Time,57.35
TRIP208737,Clear,Standard,Moderate,9.99,11,46,4.10,8,Moderate Delay,53.23
TRIP203360,Clear,Standard,Severe,4.45,8,25,3.03,8,Moderate Delay,31.83
TRIP200029,Clear,Standard,Moderate,5.46,8,20,1.06,6,Moderate Delay,26.54
TRIP200973,Rainy,Express,Low,3.33,3,34,4.44,12,On Time,12.00
TRIP208427,Clear,,High,4.60,7,34,5.01,19,Moderate Delay,31.13
TRIP209778,Clear,Standard,Low,7.51,9,36,5.54,19,Moderate Delay,27.36
TRIP206207,Foggy,Standard,High,9.88,10,32,2.19,16,Severe Delay,69.77
TRIP203029,Foggy,Standard,Moderate,14.61,15,43,8.12,23,Moderate Delay,76.89
TRIP208923,Windy,Mini Bus,High,11.04,11,19,9.67,6,Severe Delay,62.85
TRIP208263,Clear,Express,Moderate,4.30,3,25,1.51,13,On Time,18.26
TRIP206903,Windy,Mini Bus,Moderate,6.02,7,17,6.67,12,On Time,32.07
TRIP207125,Clear,Standard,Moderate,12.80,12,58,5.99,8,Severe Delay,69.14
TRIP204735,Clear,,Moderate,5.47,6,23,9.17,5,On Time,26.67
TRIP205111,Clear,Standard,Moderate,5.22,8,35,13.07,8,On Time,29.53
TRIP203417,Clear,Standard,Severe,2.97,4,21,4.80,11,On Time,25.90
TRIP206805,Clear,Mini Bus,High,10.61,12,14,6.48,19,Severe Delay,64.56
TRIP204463,Foggy,Standard,Severe,6.08,6,27,3.14,5,Severe Delay,63.44
TRIP205792,Clear,Standard,Moderate,5.55,5,45,7.76,19,Moderate Delay,39.56
TRIP201855,Clear,Express,Moderate,14.06,16,19,3.38,6,On Time,59.52
TRIP204416,Rainy,Standard,Moderate,3.12,4,23,4.91,12,On Time,22.43
TRIP207336,Clear,Mini Bus,Moderate,6.22,6,18,14.21,13,On Time,31.95
TRIP202316,Clear,Standard,High,5.28,7,26,1.08,21,Moderate Delay,39.56
TRIP205215,Rainy,Standard,Moderate,3.45,3,40,1.47,9,Moderate Delay,39.67
TRIP203150,Windy,Standard,Moderate,6.95,9,36,4.45,6,On Time,44.57
TRIP201542,Clear,Mini Bus,Moderate,18.54,19,27,7.65,13,Moderate Delay,87.72
TRIP206280,Clear,Express,Low,4.92,3,27,3.13,13,On Time,17.65
TRIP202169,Clear,Express,Moderate,11.21,12,32,9.48,17,Moderate Delay,35.21
TRIP200548,Rainy,Mini Bus,Moderate,14.37,16,18,4.54,14,Moderate Delay,68.60
TRIP203950,Rainy,Standard,Severe,3.80,3,39,18.00,16,Severe Delay,41.24
TRIP209708,Rainy,Standard,High,5.22,9,47,7.15,16,Severe Delay,55.06
TRIP205156,Rainy,Standard,Low,9.96,12,32,7.75,15,On Time,53.06
TRIP203436,Clear,Express,Severe,13.25,12,45,5.20,8,Severe Delay,87.74
TRIP208185,Clear,Standard,Moderate,7.28,5,38,8.34,19,Moderate Delay,43.84
TRIP202370,Clear,Standard,High,6.44,6,23,3.77,12,On Time,41.44
TRIP208959,Windy,Express,Moderate,8.57,7,3,3.12,10,On Time,30.00
TRIP200971,Clear,Standard,High,5.59,10,42,7.13,22,On Time,38.41
TRIP205360,Clear,Standard,Moderate,2.87,3,20,7.31,6,Moderate Delay,26.64
TRIP205475,Rainy,Standard,Moderate,15.41,16,51,6.07,20,Severe Delay,90.08
TRIP208031,Clear,Standard,Moderate,19.69,24,38,2.50,5,Severe Delay,102.32
TRIP200508,Clear,Standard,Moderate,10.37,11,43,11.26,7,Moderate Delay,46.74
TRIP206142,Clear,,Severe,7.01,4,45,8.83,9,Moderate Delay,46.35
TRIP207880,Clear,Standard,High,3.61,3,24,5.40,14,On Time,26.10
TRIP209650,Rainy,Mini Bus,High,11.33,12,32,5.90,15,Moderate Delay,79.83
TRIP204240,Clear,Standard,Low,8.28,11,48,3.98,11,On Time,30.58
TRIP201377,Clear,,Low,13.14,15,,1.46,13,Moderate Delay,58.17
TRIP200053,Clear,Standard,Low,8.60,15,35,5.59,15,On Time,50.38
TRIP202168,Clear,Standard,High,8.63,11,35,3.10,14,Moderate Delay,69.29
TRIP200087,Rainy,Mini Bus,Moderate,17.28,18,42,3.89,16,Severe Delay,101.33
TRIP203734,Clear,Standard,High,25.65,30,33,5.51,21,Severe Delay,162.92
TRIP209800,Windy,Standard,Moderate,21.13,23,31,5.38,10,Severe Delay,119.43
TRIP202125,Clear,Standard,High,16.79,17,20,7.63,15,Moderate Delay,92.28
TRIP206049,Clear,Mini Bus,Moderate,8.14,11,8,4.12,21,On Time,40.46
TRIP206657,Clear,Mini Bus,Moderate,7.14,5,11,7.67,20,On Time,27.47
TRIP201498,Clear,Standard,High,7.19,8,20,5.98,14,On Time,56.92
TRIP204235,Windy,Standard,Severe,3.55,4,48,2.66,6,Moderate Delay,42.28
TRIP209437,Clear,Standard,Severe,7.75,10,22,3.34,20,Moderate Delay,66.00
TRIP204736,Clear,Standard,High,3.00,4,30,2.40,14,On Time,22.13
TRIP205152,Windy,Mini Bus,High,16.72,20,36,9.76,17,Severe Delay,93.93
TRIP207983,Clear,Mini Bus,Low,11.12,14,3,10.98,23,On Time,44.76
TRIP209307,Rainy,Standard,Severe,3.91,3,40,9.53,18,Severe Delay,45.87
TRIP203874,Clear,Standard,Severe,6.15,7,40,5.93,17,Severe Delay,51.81
TRIP204096,Clear,Standard,Moderate,10.11,11,43,2.46,15,Moderate Delay,53.42
TRIP201154,Clear,Mini Bus,Moderate,5.91,9,19,7.70,18,On Time,36.70
TRIP207033,Clear,Standard,High,20.14,20,24,13.30,21,Moderate Delay,120.02
TRIP206627,Clear,Standard,High,6.07,10,29,6.81,23,On Time,36.34
TRIP204169,Rainy,Standard,Severe,15.55,17,54,2.06,18,Severe Delay,130.83
TRIP204265,Clear,Standard,Low,10.24,9,41,3.13,18,On Time,47.08
TRIP204843,Foggy,Mini Bus,High,7.53,10,21,4.23,13,Severe Delay,48.49
TRIP204961,Windy,Mini Bus,High,14.03,17,17,6.02,9,Severe Delay,90.83
TRIP206004,Clear,Express,Low,2.98,3,32,2.93,18,On Time,19.14
TRIP202233,Clear,Mini Bus,High,5.24,5,9,3.56,21,Moderate Delay,37.91
TRIP201905,Rainy,Standard,High,7.09,6,50,4.81,8,Severe Delay,61.25
TRIP207463,Clear,Mini Bus,Moderate,11.78,13,29,4.98,6,On Time,57.49
TRIP205327,Clear,Standard,High,25.29,29,39,5.35,20,Severe Delay,171.41
TRIP204022,Windy,Mini Bus,Low,14.34,12,19,14.87,15,On Time,58.41
TRIP208711,,Standard,Moderate,6.74,4,36,2.43,19,Moderate Delay,40.55
TRIP200452,Rainy,Standard,High,11.67,12,45,1.19,18,Severe Delay,94.72
TRIP200091,Foggy,Mini Bus,Moderate,6.16,9,24,9.12,21,On Time,44.21
TRIP205639,Clear,Standard,Low,5.15,5,53,3.56,18,On Time,31.11
TRIP200945,Windy,Express,Low,8.00,11,22,12.11,9,On Time,27.00
TRIP209613,Windy,Standard,High,9.86,11,31,3.88,21,On Time,63.89
TRIP206614,Rainy,Express,Severe,4.81,6,33,5.50,9,Severe Delay,52.58
TRIP203802,Clear,Mini Bus,Severe,12.53,15,30,11.21,14,Moderate Delay,90.80
TRIP209489,Clear,Standard,Severe,8.69,9,27,,21,Moderate Delay,55.02
TRIP208671,Rainy,Express,Moderate,11.81,12,3,3.35,23,On Time,54.12
TRIP203915,Rainy,,Low,13.13,13,34,4.45,11,On Time,59.46
TRIP205887,Clear,Standard,High,14.03,13,33,2.03,16,Severe Delay,76.99
TRIP203019,Rainy,Standard,Moderate,9.97,7,32,18.00,5,On Time,42.38
TRIP204798,Rainy,Standard,Low,10.48,12,46,11.61,17,Moderate Delay,51.45
TRIP204807,Clear,Standard,Moderate,18.23,20,13,9.59,14,Moderate Delay,85.09
TRIP202008,Clear,Mini Bus,Moderate,3.94,7,31,3.84,16,On Time,34.16
TRIP206208,,Standard,Low,13.25,16,32,0.70,10,Moderate Delay,52.87
TRIP202204,Rainy,Standard,Moderate,7.88,10,21,8.35,21,Moderate Delay,39.69
TRIP202427,Clear,Standard,Severe,12.29,12,32,5.07,12,On Time,87.31
TRIP201225,Clear,Standard,Severe,9.33,7,27,4.17,6,Moderate Delay,72.14
TRIP202259,Clear,Standard,Moderate,14.24,15,18,5.66,6,Moderate Delay,66.19
TRIP201714,Clear,Mini Bus,Moderate,28.00,25,25,4.37,20,Severe Delay,162.15
TRIP203801,Rainy,Express,High,11.47,14,35,2.27,8,Severe Delay,83.09
TRIP202942,Rainy,Express,Moderate,9.24,9,29,16.17,8,On Time,40.24
TRIP200251,Windy,Standard,Moderate,6.31,6,37,5.25,20,On Time,36.27
TRIP204762,Foggy,Standard,Low,12.71,12,32,8.63,10,On Time,65.32
TRIP208511,Clear,Standard,Moderate,14.88,15,48,6.65,19,Severe Delay,74.83
TRIP207552,Clear,Standard,Moderate,8.36,5,33,1.43,9,Severe Delay,40.60
TRIP205913,Clear,Express,Moderate,4.66,7,3,18.00,10,On Time,13.54
TRIP203459,Foggy,Standard,Severe,4.77,6,27,1.71,7,Severe Delay,49.85
TRIP204764,Clear,Mini Bus,High,8.07,9,13,2.23,13,Moderate Delay,42.21
TRIP207439,Clear,Standard,Severe,6.48,6,29,3.58,14,Moderate Delay,41.59
TRIP205763,,Standard,Moderate,14.09,11,54,9.06,14,Moderate Delay,66.91
TRIP207878,Clear,Standard,Low,8.60,13,47,12.99,11,On Time,26.98
TRIP208301,Rainy,Standard,Moderate,4.47,8,52,3.15,7,Moderate Delay,41.59
TRIP203117,Windy,Standard,Moderate,9.18,9,43,3.57,7,Severe Delay,50.35
TRIP203615,Windy,Standard,Moderate,16.18,15,52,6.46,6,Moderate Delay,86.26
TRIP208561,Clear,Standard,Low,19.00,21,37,2.73,15,Moderate Delay,81.33
TRIP205899,Foggy,Express,Low,14.96,15,15,3.11,21,On Time,55.35
TRIP209098,Rainy,Standard,Moderate,2.97,3,49,9.26,7,Moderate Delay,33.39
TRIP201824,Windy,Mini Bus,Moderate,15.21,12,22,6.97,12,Moderate Delay,76.42
TRIP200489,Clear,Standard,High,21.09,21,43,5.28,14,Severe Delay,127.63
TRIP201217,Clear,Express,Severe,3.11,5,24,6.79,5,On Time,20.50
TRIP207657,Clear,Standard,Low,2.30,3,27,,5,On Time,12.00
TRIP209670,Rainy,Standard,Severe,6.92,5,37,4.42,18,Severe Delay,59.98
TRIP203468,Windy,Standard,Severe,8.07,9,31,2.04,14,Severe Delay,60.86
TRIP201903,Clear,Standard,Low,16.13,15,50,5.16,7,Moderate Delay,75.37
TRIP206548,Rainy,Mini Bus,High,6.94,4,28,8.25,8,Severe Delay,48.57
TRIP202933,Foggy,Express,High,19.80,22,24,0.75,21,Severe Delay,111.40
TRIP206923,Foggy,Mini Bus,Severe,14.31,13,19,4.23,15,Severe Delay,108.49
TRIP206176,Windy,Standard,Moderate,3.60,3,15,5.30,22,On Time,25.54
TRIP208275,Clear,Mini Bus,Moderate,12.87,12,20,5.25,13,On Time,59.47
TRIP207269,Clear,Standard,High,29.86,30,25,8.06,18,Severe Delay,180.00
TRIP209254,Foggy,,Severe,15.91,16,29,17.40,20,Severe Delay,121.44
TRIP201028,Windy,Mini Bus,Moderate,8.66,5,25,5.16,19,Moderate Delay,43.49
TRIP204722,Rainy,Standard,Moderate,17.08,14,30,2.92,6,Moderate Delay,89.99
TRIP201540,Windy,Express,High,4.51,7,15,3.57,5,On Time,29.07
TRIP205642,Clear,Standard,Moderate,8.05,9,24,5.81,12,On Time,33.97
TRIP204975,Clear,Standard,High,8.06,5,29,1.13,12,Moderate Delay,39.25
TRIP202648,Clear,Mini Bus,Moderate,15.28,12,25,6.40,15,On Time,69.86
TRIP207452,Windy,Standard,High,5.99,5,26,8.68,12,On Time,38.04
TRIP200778,Rainy,Mini Bus,Low,13.34,14,19,5.63,6,On Time,46.70
TRIP209051,Rainy,Mini Bus,High,10.71,9,36,5.24,11,Severe Delay,76.77
TRIP205353,Rainy,Express,High,3.66,3,38,,17,Severe Delay,37.82
TRIP209513,Clear,Standard,Moderate,15.14,16,34,17.38,5,Moderate Delay,74.03
TRIP205389,Clear,Standard,High,20.90,21,35,3.98,17,Severe Delay,134.55
TRIP201047,Rainy,Standard,Severe,13.33,18,46,9.27,19,Severe Delay,118.38
TRIP200992,Foggy,Mini Bus,Moderate,8.81,12,15,1.47,13,Moderate Delay,47.42
TRIP206060,Windy,Mini Bus,Moderate,7.30,10,36,9.44,9,Moderate Delay,43.77
TRIP203705,Clear,Mini Bus,High,16.10,15,12,4.62,12,Moderate Delay,93.69
TRIP208512,Clear,Standard,Low,8.49,13,35,4.90,13,On Time,37.76
TRIP205420,Rainy,Mini Bus,Low,10.54,9,19,5.31,16,Moderate Delay,53.34
TRIP205263,Rainy,Express,Moderate,11.62,12,25,12.15,5,On Time,54.78
TRIP209145,Windy,Standard,Low,15.46,18,33,4.37,23,Moderate Delay,66.78
TRIP209579,Clear,Express,Severe,9.80,11,33,6.77,8,Moderate Delay,72.80
TRIP201742,Clear,Mini Bus,Low,10.33,12,13,4.77,10,On Time,36.86
TRIP204999,Clear,Standard,High,8.79,8,22,11.00,20,On Time,56.89
TRIP201836,Clear,Standard,Moderate,4.64,6,30,8.22,15,On Time,24.64
TRIP208575,Rainy,Standard,Moderate,21.57,22,40,4.04,8,Severe Delay,129.28
TRIP209536,Clear,Standard,High,9.26,6,29,8.47,17,Moderate Delay,54.62
TRIP203569,Rainy,Mini Bus,High,12.40,13,24,4.49,12,Severe Delay,80.31
TRIP207590,Rainy,Express,Moderate,8.63,9,11,10.12,5,On Time,31.44
TRIP205053,Clear,Standard,Moderate,10.61,11,39,10.65,6,On Time,56.05
TRIP205679,Windy,Express,High,8.11,9,15,3.35,10,On Time,45.12
TRIP207198,Windy,Express,Severe,6.85,7,29,3.73,7,Severe Delay,41.31
TRIP207529,Rainy,Standard,High,17.77,20,41,1.61,19,Severe Delay,135.74
TRIP209795,Clear,Mini Bus,Moderate,9.54,10,16,,13,On Time,38.06
TRIP202708,Clear,Standard,Moderate,13.59,13,22,4.55,14,Moderate Delay,58.81
TRIP201204,Rainy,Mini Bus,Severe,12.61,8,22,7.28,20,Severe Delay,96.42
TRIP209274,Clear,Standard,High,32.00,32,41,4.83,23,Severe Delay,180.00
TRIP200418,Clear,Mini Bus,High,5.59,3,10,3.98,13,Moderate Delay,22.75
TRIP207876,Clear,Mini Bus,Severe,15.39,18,6,10.74,11,Moderate Delay,110.30
TRIP209069,Clear,,Low,3.12,4,30,12.72,21,On Time,22.30
TRIP206876,Foggy,Mini Bus,High,5.34,6,33,1.40,17,Severe Delay,54.50
TRIP202079,Clear,Mini Bus,Moderate,9.16,9,17,8.29,15,On Time,43.59
TRIP203800,Rainy,Standard,Severe,31.25,34,41,4.18,13,Severe Delay,180.00
TRIP204706,Clear,Standard,Low,8.27,8,57,4.62,9,Moderate Delay,39.37
TRIP206264,Rainy,,Severe,7.94,10,41,9.00,5,Severe Delay,72.64
TRIP207206,Foggy,Standard,Moderate,14.43,16,46,7.31,16,Severe Delay,85.22
TRIP206016,Clear,Standard,Low,16.61,18,40,1.63,15,On Time,65.41
TRIP205542,Windy,Standard,Low,5.15,7,24,10.77,14,On Time,26.09
TRIP208759,Rainy,Express,Moderate,12.64,15,18,14.52,6,On Time,54.27
TRIP207321,Clear,Mini Bus,Moderate,12.02,15,23,8.68,10,On Time,61.82
TRIP200638,Clear,Standard,Moderate,9.61,11,35,11.64,13,On Time,50.55
TRIP203249,Rainy,Standard,Moderate,,15,43,7.45,17,Moderate Delay,60.02
TRIP201528,Windy,Standard,Low,6.61,8,32,2.37,10,On Time,32.78
TRIP209590,Clear,Mini Bus,Low,8.60,6,30,2.57,9,Moderate Delay,39.02
TRIP207656,,Standard,High,3.20,4,40,7.61,15,On Time,16.49
TRIP202820,Clear,Standard,Moderate,7.95,6,43,3.25,10,On Time,27.70
TRIP204808,Rainy,Standard,High,6.84,10,31,0.83,9,Severe Delay,69.27
TRIP201812,Clear,Mini Bus,Low,21.54,24,28,8.71,14,Moderate Delay,87.07
TRIP200652,Rainy,Standard,Severe,9.21,8,40,8.79,22,Moderate Delay,78.07
TRIP205573,Clear,Mini Bus,Moderate,8.81,11,10,7.32,21,On Time,44.79
TRIP200034,Clear,Standard,Moderate,5.31,4,35,3.17,23,On Time,33.35
TRIP201200,Rainy,Standard,High,4.19,3,52,1.69,19,Severe Delay,49.48
TRIP201980,Clear,Mini Bus,Low,11.08,8,33,7.49,17,On Time,57.94
TRIP206169,Clear,Mini Bus,Severe,,16,5,2.57,22,Severe Delay,100.37
TRIP207549,Clear,Standard,Moderate,6.27,3,45,0.41,12,Moderate Delay,22.72
TRIP200900,Clear,Standard,Moderate,5.66,10,12,6.41,19,Moderate Delay,30.65
TRIP203213,Clear,Standard,Low,5.41,6,36,6.17,22,On Time,24.03
TRIP203704,Clear,Mini Bus,Low,13.23,13,9,8.55,5,On Time,49.18
TRIP206987,Rainy,,High,9.51,9,29,4.63,12,Moderate Delay,74.68
TRIP203762,Windy,Mini Bus,High,7.79,8,27,5.87,20,On Time,36.41
TRIP208422,Clear,Standard,High,8.37,9,27,14.73,5,On Time,42.57
TRIP205210,Clear,Standard,Moderate,10.54,11,41,4.86,16,Moderate Delay,59.80
TRIP209450,Clear,,High,16.62,16,51,7.57,11,Severe Delay,101.03
TRIP206954,Windy,Standard,High,22.18,26,28,6.29,16,Severe Delay,152.99
TRIP204774,Clear,Express,Moderate,11.65,15,28,2.36,19,Moderate Delay,51.37
TRIP206946,Clear,Standard,Low,12.26,13,36,6.25,17,On Time,48.40
TRIP206914,Clear,Express,Moderate,21.57,24,3,16.03,5,On Time,94.09
TRIP200490,Clear,Standard,Low,4.52,6,36,8.86,8,On Time,21.04
TRIP204435,Rainy,Mini Bus,High,30.51,33,36,3.46,16,Severe Delay,180.00
TRIP206416,Clear,Mini Bus,Moderate,12.06,13,10,7.19,18,Moderate Delay,70.32
TRIP205304,Windy,Standard,Severe,3.90,6,41,6.95,16,Severe Delay,45.67
TRIP200805,Rainy,Standard,Moderate,7.94,9,37,7.73,5,Moderate Delay,42.67
TRIP205647,Windy,Standard,High,7.07,5,36,2.37,8,Severe Delay,38.74
TRIP204911,Rainy,Standard,High,14.74,17,38,8.58,9,Severe Delay,102.50
TRIP205185,Windy,Mini Bus,High,6.83,5,37,6.25,19,Moderate Delay,53.47
TRIP202463,Rainy,Standard,High,13.13,13,31,4.71,15,Moderate Delay,89.20
TRIP201262,Clear,Standard,Moderate,9.85,15,45,1.36,5,Moderate Delay,54.86
TRIP200793,Windy,Standard,High,6.59,9,,9.36,5,Moderate Delay,42.10
TRIP209297,Clear,Standard,High,15.07,16,34,4.98,14,Moderate Delay,89.57
TRIP206868,Clear,Mini Bus,Moderate,3.65,3,5,4.22,12,On Time,18.75
TRIP208112,Rainy,Mini Bus,Severe,12.51,15,19,5.23,6,Severe Delay,103.60
TRIP205481,Windy,Standard,Low,10.38,7,30,2.46,19,Moderate Delay,46.52
TRIP203050,Windy,Mini Bus,Low,7.35,6,17,8.42,10,On Time,26.00
TRIP209842,Clear,Standard,Moderate,9.12,10,19,12.02,6,On Time,40.99
TRIP207230,Windy,Express,Severe,9.79,10,29,3.19,6,Moderate Delay,62.67
TRIP202716,Clear,Mini Bus,High,11.61,17,15,4.90,11,Severe Delay,80.95
TRIP204579,,Standard,Moderate,11.65,11,30,1.35,6,Moderate Delay,48.11
TRIP208521,Clear,Standard,Moderate,9.42,12,29,0.85,13,Severe Delay,39.56
TRIP200483,Rainy,Mini Bus,High,7.73,8,27,18.00,21,Severe Delay,59.34
TRIP200762,Rainy,Standard,Moderate,20.58,22,27,5.99,10,Moderate Delay,110.20
TRIP207344,Clear,Standard,Moderate,3.41,3,35,7.18,20,On Time,17.57
TRIP203331,Clear,Standard,Moderate,6.88,3,47,5.45,16,Moderate Delay,31.01
TRIP203638,Rainy,Standard,Low,16.47,15,56,2.75,9,Severe Delay,84.01
TRIP201036,Rainy,Mini Bus,Severe,11.99,14,40,0.90,7,Severe Delay,98.46
TRIP206300,Rainy,Standard,Moderate,27.88,29,40,,7,Severe Delay,171.03
TRIP205158,Clear,Standard,Moderate,13.69,17,59,17.05,7,Severe Delay,72.27
TRIP206739,Clear,Standard,Low,18.96,18,37,,10,Severe Delay,90.55
TRIP204099,Windy,Standard,High,10.09,12,16,4.05,21,Moderate Delay,56.84
TRIP202794,Windy,Standard,High,13.33,15,46,4.38,17,Severe Delay,84.22
TRIP207890,Clear,Express,Low,6.08,8,14,8.07,15,On Time,12.00
TRIP204425,Clear,Standard,Low,7.15,11,28,1.59,11,On Time,26.77
TRIP202494,Clear,Mini Bus,Low,6.59,5,17,6.94,5,On Time,30.25
TRIP204887,Clear,Mini Bus,Moderate,9.59,8,3,1.75,6,Moderate Delay,39.84
TRIP202538,Clear,Express,Severe,7.51,10,31,2.86,16,Severe Delay,46.47
TRIP201938,Clear,Standard,Low,15.83,14,30,3.72,21,On Time,60.29
TRIP209840,Clear,Standard,High,11.21,15,45,1.62,14,Severe Delay,68.98
TRIP200432,Windy,Standard,High,17.36,19,34,0.68,7,Severe Delay,106.68
TRIP208731,Rainy,Standard,High,21.68,23,20,4.58,13,Severe Delay,159.67
TRIP208501,Rainy,Express,Moderate,16.52,15,28,8.26,17,Severe Delay,76.58
TRIP208009,Rainy,Standard,Moderate,7.18,12,28,9.42,10,Moderate Delay,36.68
TRIP205753,Clear,Express,Severe,5.78,9,25,6.86,7,Severe Delay,38.69
TRIP204188,Foggy,,High,14.13,13,51,5.66,8,Severe Delay,85.22
TRIP205940,Rainy,Express,High,18.35,19,38,,9,Severe Delay,117.64
TRIP201053,Clear,Standard,Low,10.32,8,32,5.89,6,On Time,26.24
TRIP200597,Clear,Standard,Low,11.36,10,42,7.07,11,On Time,36.19
TRIP206942,Foggy,Standard,Moderate,9.36,12,,4.85,18,Moderate Delay,51.42
TRIP201233,Rainy,Mini Bus,Moderate,17.00,19,13,9.50,20,Moderate Delay,101.87
TRIP204871,Clear,Express,Moderate,8.86,8,3,1.60,6,On Time,27.96
TRIP201643,Clear,Standard,High,5.20,3,36,11.74,21,On Time,24.99
TRIP206527,Clear,Mini Bus,Moderate,5.26,8,5,18.00,13,On Time,33.74
TRIP203275,Clear,Standard,Moderate,9.41,12,47,9.05,5,On Time,42.52
TRIP205529,Clear,Mini Bus,Moderate,6.55,6,13,14.69,10,On Time,26.87
TRIP205786,Clear,Mini Bus,High,9.52,8,16,9.04,6,Severe Delay,44.12
TRIP208694,Clear,Express,Low,17.50,18,25,9.85,20,On Time,57.94
TRIP200774,Clear,Standard,High,5.38,7,37,3.54,10,Moderate Delay,43.42
TRIP201850,Rainy,Standard,Moderate,14.61,15,29,8.12,13,Moderate Delay,72.53
TRIP203440,Foggy,Standard,High,14.13,10,31,4.83,11,Moderate Delay,89.57
TRIP206798,Clear,Standard,High,4.50,8,18,1.87,21,Moderate Delay,33.88
TRIP209092,Windy,Express,High,16.51,18,10,4.95,15,Moderate Delay,87.76
TRIP205305,Clear,Express,Low,12.67,15,35,11.94,14,On Time,44.66
TRIP204704,Rainy,Express,Moderate,9.32,11,14,5.56,15,On Time,42.28
TRIP203617,Rainy,Standard,Moderate,9.72,7,32,13.96,6,On Time,49.07
TRIP201336,Windy,Standard,High,4.52,3,36,5.84,10,Moderate Delay,27.43
TRIP207426,Clear,Express,Moderate,4.51,5,30,7.06,17,On Time,21.03
TRIP208290,Clear,Standard,Low,16.70,17,46,2.77,16,Severe Delay,81.41
TRIP205755,Rainy,Mini Bus,High,10.99,4,27,5.70,22,Severe Delay,73.83
TRIP202021,Clear,Standard,Moderate,10.31,12,38,0.98,16,Severe Delay,52.62
TRIP208818,Rainy,Standard,High,5.51,6,28,1.14,14,Severe Delay,44.80
TRIP208886,Windy,Express,High,4.14,4,12,4.94,23,On Time,22.03
TRIP205169,Windy,Standard,Moderate,8.53,10,43,8.02,17,Moderate Delay,51.37
TRIP208743,Rainy,Express,Moderate,8.44,13,5,3.16,11,On Time,33.03
TRIP208470,Clear,Standard,Moderate,10.42,10,45,6.34,16,Severe Delay,52.77
TRIP208659,Clear,Standard,Moderate,6.86,8,29,5.28,12,On Time,39.58
TRIP207144,Clear,Mini Bus,Severe,10.70,11,20,14.49,20,Severe Delay,76.43
TRIP201847,Rainy,Standard,Moderate,11.27,11,50,10.59,16,Severe Delay,74.34
TRIP205895,Windy,Standard,High,16.45,15,44,5.26,13,Moderate Delay,107.77
TRIP202544,Windy,Mini Bus,Moderate,10.71,14,27,2.60,23,Moderate Delay,63.94
TRIP204805,Clear,Mini Bus,Moderate,13.42,12,17,4.58,22,On Time,61.38
TRIP208541,Clear,Express,Low,7.47,9,27,7.83,7,On Time,30.37
TRIP202700,Rainy,Standard,Moderate,17.24,19,38,6.13,5,Moderate Delay,79.21
TRIP205947,Clear,Express,Moderate,10.42,11,30,7.38,22,On Time,33.39
TRIP206048,Windy,Standard,High,8.74,10,56,0.95,9,Severe Delay,61.57
TRIP202081,Clear,Standard,Moderate,16.92,17,49,9.45,8,Severe Delay,94.04
TRIP205311,Rainy,Standard,Low,12.77,14,35,9.18,19,Severe Delay,60.00
TRIP208305,Clear,Mini Bus,Severe,9.45,9,18,3.38,8,Severe Delay,80.36
TRIP207911,Clear,Standard,Moderate,12.05,16,44,7.88,7,Moderate Delay,66.13
TRIP200563,Clear,Mini Bus,Moderate,6.15,11,12,3.63,6,On Time,35.71
TRIP203055,Windy,Standard,Moderate,15.18,18,22,2.71,23,Severe Delay,86.68
TRIP203270,Clear,Express,Low,7.02,9,39,6.45,7,On Time,16.17
TRIP206439,Clear,Standard,Low,19.51,20,33,12.12,18,Moderate Delay,87.61
TRIP206337,Clear,Standard,Moderate,8.68,10,41,12.74,16,Moderate Delay,36.49
TRIP208368,Rainy,Standard,High,7.38,8,45,7.00,16,Severe Delay,64.99
TRIP202949,Clear,Standard,Low,7.29,7,43,2.65,5,On Time,27.84
TRIP209197,Clear,Standard,High,21.56,21,34,3.74,23,Moderate Delay,126.83
TRIP205722,Clear,Mini Bus,Moderate,5.31,6,29,8.16,17,Moderate Delay,31.59
TRIP202639,Clear,Standard,Moderate,12.48,14,27,10.96,23,On Time,65.31
TRIP207516,Clear,Standard,Low,15.85,18,35,7.14,8,Moderate Delay,77.99
TRIP205034,Rainy,Standard,High,23.24,27,43,11.71,15,Severe Delay,147.48
TRIP206901,Rainy,Standard,Moderate,4.62,3,45,0.89,17,Moderate Delay,35.35
TRIP200358,Clear,Standard,Moderate,12.47,13,55,7.44,18,Severe Delay,63.82
TRIP202903,Clear,Express,Severe,4.69,6,7,6.73,23,On Time,26.56
TRIP201701,Clear,Standard,High,13.30,16,33,8.51,6,Moderate Delay,77.13
TRIP207932,,Mini Bus,Low,4.83,4,34,4.65,19,On Time,28.98
TRIP207349,Clear,Express,Moderate,16.21,17,33,4.18,9,Moderate Delay,71.49
TRIP204383,Clear,Mini Bus,Moderate,6.56,3,,3.16,22,On Time,35.86
TRIP206360,Rainy,Standard,Moderate,15.53,16,42,2.09,12,Severe Delay,85.00
TRIP202765,,Mini Bus,High,4.75,6,3,5.95,23,Moderate Delay,32.80
TRIP209607,Clear,Standard,Moderate,15.43,19,34,10.89,17,Moderate Delay,83.66
TRIP201415,Rainy,Standard,Severe,26.46,27,37,4.18,7,Severe Delay,180.00
TRIP208461,Rainy,Standard,High,17.18,18,40,7.63,20,Severe Delay,115.36
TRIP203983,Clear,Standard,Moderate,13.49,20,38,7.49,9,Severe Delay,72.27
TRIP202385,Clear,Standard,Moderate,4.42,4,46,7.06,7,Moderate Delay,33.54
TRIP202602,Windy,Standard,Moderate,4.27,7,28,9.44,11,Moderate Delay,25.81
TRIP206062,Rainy,Standard,Low,7.86,11,38,11.71,15,On Time,37.67
TRIP201055,Clear,Standard,Moderate,3.53,3,27,7.17,21,On Time,26.98
TRIP205036,Windy,Standard,High,13.03,15,32,13.46,9,Moderate Delay,84.16
TRIP207211,Foggy,Standard,Moderate,10.08,8,45,2.79,8,Severe Delay,60.23
TRIP200107,Rainy,Mini Bus,High,16.60,17,30,3.59,17,Severe Delay,127.29
TRIP205485,Rainy,Mini Bus,Moderate,11.11,14,3,2.20,21,Moderate Delay,57.39
TRIP200984,Foggy,Standard,Moderate,4.39,3,44,4.46,8,Moderate Delay,28.93
TRIP200756,Clear,Standard,High,8.75,9,38,13.97,8,Moderate Delay,52.54
TRIP201162,Clear,Standard,Severe,8.66,6,44,5.54,21,Moderate Delay,75.05
TRIP207110,Clear,Express,High,9.95,10,32,8.41,19,Moderate Delay,52.37
TRIP203078,Clear,Standard,High,6.78,6,22,4.20,8,Severe Delay,41.91
TRIP205180,Rainy,Standard,High,4.49,4,54,3.99,8,Severe Delay,40.26
TRIP203870,Clear,Express,High,12.85,16,42,1.09,19,Severe Delay,76.14
TRIP209503,Clear,Mini Bus,Moderate,15.36,17,17,5.46,22,Moderate Delay,77.24
TRIP205514,Clear,Standard,Low,9.39,11,42,10.63,9,On Time,38.81
TRIP207631,Clear,Express,Moderate,14.81,16,23,9.83,8,Moderate Delay,61.68
TRIP204605,Rainy,Standard,Moderate,11.26,13,29,1.94,23,Moderate Delay,67.00
TRIP204712,Rainy,Express,Moderate,8.68,5,18,3.62,19,On Time,33.80
TRIP200577,Windy,Standard,High,7.97,7,21,8.58,13,On Time,49.92
TRIP200013,Foggy,Standard,High,17.45,21,35,9.73,21,Severe Delay,103.66
TRIP202101,Rainy,Standard,Low,5.81,8,35,5.18,22,On Time,38.37
TRIP204199,Clear,Standard,High,9.98,11,39,0.53,20,Moderate Delay,52.07
TRIP207286,Foggy,Standard,High,13.10,16,53,4.96,16,Severe Delay,98.25
TRIP209353,Clear,Express,Moderate,11.71,14,33,4.14,17,Moderate Delay,47.45
TRIP200166,Rainy,Standard,High,6.08,5,37,5.66,5,Moderate Delay,41.40
TRIP202468,Windy,Standard,Low,6.19,6,29,7.73,15,On Time,31.49
TRIP209606,Rainy,Mini Bus,High,3.58,3,35,14.93,19,Severe Delay,36.10
TRIP205595,Clear,Mini Bus,Moderate,5.85,6,14,5.40,20,On Time,34.74
TRIP200179,Foggy,Express,High,23.33,19,7,9.10,23,Severe Delay,136.23
TRIP208730,Clear,Mini Bus,Low,4.23,3,17,14.73,11,On Time,17.10
TRIP206187,Clear,Standard,Low,15.63,16,42,5.56,17,Moderate Delay,71.84
TRIP208599,Clear,Express,High,2.91,3,6,7.71,12,On Time,12.00
TRIP204607,Clear,Standard,High,10.92,10,31,15.58,16,Moderate Delay,63.69
TRIP208712,Windy,Express,Moderate,15.78,17,20,6.45,10,On Time,68.10
TRIP205919,Clear,Mini Bus,Moderate,14.95,16,7,3.23,22,Moderate Delay,68.59
TRIP203465,Clear,Express,High,15.21,16,27,15.93,13,Moderate Delay,76.38
TRIP209658,Clear,Express,Moderate,4.98,6,22,2.98,6,On Time,22.48
TRIP209632,Clear,Standard,High,2.22,3,42,17.63,17,On Time,19.61
TRIP202833,Windy,Express,High,11.52,12,18,3.66,10,On Time,59.51
TRIP200605,Windy,Express,High,8.87,9,7,6.91,5,On Time,42.06
TRIP201296,Windy,Standard,Severe,7.49,10,33,7.41,11,Moderate Delay,52.26
TRIP201507,Clear,Mini Bus,Moderate,13.32,12,12,12.73,20,On Time,62.37
TRIP208971,Clear,Mini Bus,High,10.13,9,13,3.38,15,Moderate Delay,62.03
TRIP200183,Foggy,Standard,Low,7.77,7,14,,13,On Time,38.02
TRIP200007,Clear,Standard,Moderate,14.94,12,16,2.14,10,Moderate Delay,66.08
TRIP202781,Rainy,,High,9.63,8,29,10.52,21,Moderate Delay,66.96
TRIP200040,Clear,Mini Bus,Severe,7.18,9,28,5.89,8,Severe Delay,52.17
TRIP209320,Rainy,Standard,Moderate,11.77,15,27,4.12,21,Moderate Delay,62.87
TRIP200601,Clear,Mini Bus,Low,12.53,15,3,14.05,20,On Time,47.72
TRIP207562,Windy,Standard,Moderate,10.83,10,35,1.28,17,Severe Delay,63.25
TRIP202255,Clear,Express,Moderate,7.40,8,24,13.36,5,On Time,29.69
TRIP201470,Rainy,Standard,High,9.34,10,21,5.33,13,Moderate Delay,70.11
TRIP201461,Windy,Standard,Low,3.09,5,37,7.22,10,On Time,21.06
TRIP208516,Clear,Standard,Moderate,5.13,6,33,7.12,7,Moderate Delay,32.84
TRIP201086,Clear,Mini Bus,Severe,9.14,11,4,1.69,22,Moderate Delay,63.15
TRIP200848,Clear,Mini Bus,Low,4.53,6,25,4.85,13,On Time,18.30
TRIP204344,Windy,Standard,Low,9.87,11,45,3.19,23,On Time,52.37
TRIP201704,Clear,Mini Bus,High,7.12,3,19,14.82,9,Severe Delay,37.88
TRIP208445,Clear,Express,High,11.66,10,29,1.88,17,Severe Delay,59.31
TRIP206578,Clear,Standard,Moderate,4.95,5,49,6.33,7,Moderate Delay,30.46
TRIP203591,Rainy,Express,Low,12.82,14,32,10.36,19,Moderate Delay,54.06
TRIP205764,Rainy,Express,High,12.02,14,51,8.93,16,Severe Delay,78.10
TRIP205843,Clear,Standard,High,12.46,13,48,3.71,16,Severe Delay,79.65
TRIP205972,Windy,Standard,High,5.97,8,,4.37,20,On Time,45.06
TRIP204384,Foggy,Mini Bus,High,5.08,7,24,8.65,18,Severe Delay,37.86
TRIP203305,Foggy,Standard,Moderate,3.87,3,34,5.26,13,On Time,24.32
TRIP205078,Clear,Mini Bus,Low,9.93,13,18,3.68,5,On Time,36.51
TRIP204062,Windy,Mini Bus,Low,4.73,3,18,16.46,18,Moderate Delay,33.13
TRIP207694,,Standard,Moderate,22.24,24,42,6.93,16,Severe Delay,121.11
TRIP207608,Clear,Standard,Moderate,6.06,7,18,6.30,11,On Time,25.14
TRIP201072,Rainy,Mini Bus,High,17.25,20,9,5.97,20,Severe Delay,109.84
TRIP204624,Rainy,Standard,Moderate,22.85,24,49,5.21,13,Severe Delay,135.26
TRIP209067,Clear,Standard,Severe,6.04,3,28,0.95,6,Moderate Delay,49.00
TRIP201452,Rainy,Standard,Low,9.27,12,19,1.27,14,On Time,41.04
TRIP200232,Clear,Standard,Low,2.77,3,50,0.71,17,Moderate Delay,30.33
TRIP207117,Rainy,Mini Bus,Moderate,22.47,21,8,4.67,13,Severe Delay,129.06
TRIP200685,Clear,Standard,Low,5.53,4,28,2.57,15,On Time,13.37
TRIP206234,Rainy,Standard,Moderate,19.97,16,44,3.82,9,Severe Delay,114.89
TRIP207967,Clear,Standard,Moderate,5.25,10,36,1.78,17,Severe Delay,38.80
TRIP205409,Clear,Standard,Low,3.23,3,34,3.04,17,On Time,26.03
TRIP209106,Clear,Express,Severe,9.10,11,8,1.60,11,Moderate Delay,57.40
TRIP208545,Clear,Standard,High,15.01,17,26,1.96,13,Severe Delay,87.71
TRIP208411,Windy,Standard,Moderate,4.62,5,37,9.28,20,On Time,32.80
TRIP205543,Foggy,Standard,Moderate,16.70,17,38,7.80,8,Severe Delay,88.67
TRIP201864,Foggy,Express,Low,7.31,9,32,7.75,7,On Time,38.05
TRIP209460,Windy,Mini Bus,High,11.71,10,18,4.83,13,Moderate Delay,60.96
TRIP203362,Rainy,Express,Severe,10.45,9,41,3.12,9,Severe Delay,87.32
TRIP202780,Clear,Express,Severe,10.19,9,45,3.58,18,Severe Delay,61.48
TRIP207111,Clear,Mini Bus,Moderate,10.44,15,19,5.59,19,Moderate Delay,62.24
TRIP205876,Rainy,Standard,Severe,13.16,13,44,2.97,13,Severe Delay,107.31
TRIP204741,,Mini Bus,Severe,8.94,4,34,2.21,18,Severe Delay,73.95
TRIP205061,Clear,Mini Bus,High,3.82,3,7,1.32,15,Moderate Delay,24.68
TRIP203833,Windy,Standard,Moderate,5.05,4,44,11.01,15,On Time,23.32
TRIP204114,Rainy,Standard,High,12.03,14,32,2.05,15,Severe Delay,87.17
TRIP208138,Clear,Standard,High,7.25,6,45,6.72,7,Moderate Delay,51.05
TRIP208254,Clear,Standard,High,18.22,18,44,5.77,14,Moderate Delay,108.81
TRIP204163,Windy,Express,Moderate,5.03,4,27,14.24,20,On Time,26.35
TRIP203493,Clear,Express,High,8.95,9,13,6.27,14,On Time,40.76
TRIP205731,Rainy,Standard,Severe,7.02,8,27,7.31,12,Severe Delay,64.84
TRIP207887,Clear,Standard,Low,9.26,10,38,6.76,13,On Time,36.16
TRIP203539,Windy,Mini Bus,Low,9.20,12,19,1.32,21,Moderate Delay,43.99
TRIP209784,Windy,Standard,High,18.42,19,38,3.46,11,Severe Delay,121.18
TRIP208250,Clear,Mini Bus,High,14.84,17,13,14.08,20,Moderate Delay,84.06
TRIP204753,Clear,Express,High,4.78,8,23,4.70,18,Moderate Delay,34.89
TRIP201879,Clear,Standard,Low,12.83,10,64,5.41,18,Moderate Delay,48.07
TRIP203356,Rainy,Standard,High,15.99,16,34,3.34,15,Severe Delay,108.67
TRIP205637,Clear,Express,Moderate,12.43,9,3,17.63,23,On Time,28.16
TRIP204594,Rainy,Mini Bus,High,5.97,5,18,4.59,22,Severe Delay,50.28
TRIP208068,Clear,Express,Severe,14.86,20,33,3.53,7,Severe Delay,97.60
TRIP205553,Rainy,Standard,Moderate,5.56,7,36,4.69,23,On Time,31.38
TRIP207532,Rainy,Express,Moderate,4.03,3,27,1.84,12,On Time,14.04
TRIP200828,Clear,Mini Bus,Moderate,10.89,10,27,18.00,18,Moderate Delay,65.18
TRIP203255,Clear,Standard,Moderate,24.56,26,47,9.36,6,Moderate Delay,134.78
TRIP208800,Clear,Mini Bus,Moderate,17.11,22,22,3.89,5,Moderate Delay,93.60
TRIP202057,Windy,Standard,Moderate,15.41,17,33,5.04,11,Moderate Delay,79.73
TRIP208071,Clear,Standard,Low,4.42,6,23,4.73,6,On Time,20.55
TRIP201230,Clear,Standard,Moderate,9.76,7,40,4.80,11,On Time,37.04
TRIP200586,Clear,Standard,Low,6.29,7,57,7.67,19,Moderate Delay,29.42
TRIP200229,Clear,Standard,Moderate,6.12,4,28,4.78,17,On Time,30.88
TRIP205630,Foggy,Express,Moderate,4.12,3,25,2.04,21,On Time,21.15
TRIP209319,Windy,Mini Bus,High,16.74,23,32,4.87,9,Severe Delay,117.61
TRIP200136,Clear,Express,Moderate,13.31,16,31,4.47,12,On Time,55.75
TRIP204068,Windy,Mini Bus,Moderate,9.14,7,34,1.14,16,Severe Delay,48.42
TRIP203981,Clear,Express,High,20.13,20,19,11.20,21,Severe Delay,114.38
TRIP206031,Rainy,Mini Bus,Low,4.18,4,27,1.32,7,Moderate Delay,24.41
TRIP203169,Clear,Standard,Severe,8.93,8,22,9.20,10,Moderate Delay,64.70
TRIP208320,Foggy,Mini Bus,Moderate,10.84,15,16,2.97,12,On Time,52.32
TRIP208542,Rainy,Standard,Severe,5.91,5,,5.05,23,Severe Delay,52.07
TRIP203842,Foggy,Standard,Low,10.16,9,40,4.87,20,On Time,47.82
TRIP208050,Clear,Mini Bus,Severe,8.11,13,16,5.28,20,Severe Delay,75.28
TRIP204043,Clear,Express,Moderate,4.10,6,19,1.04,15,On Time,12.02
TRIP201496,Clear,Express,Low,10.25,7,24,2.54,17,Moderate Delay,31.36
TRIP200330,Clear,Express,Moderate,14.73,13,20,6.69,12,On Time,64.23
TRIP202798,Clear,Mini Bus,Moderate,4.98,10,32,6.27,8,Moderate Delay,36.19
TRIP202891,Rainy,Express,Low,2.83,3,34,3.36,16,On Time,19.95
TRIP201794,Clear,Standard,Severe,3.93,3,42,18.00,15,On Time,35.54
TRIP202806,Clear,Mini Bus,Moderate,12.38,10,16,6.14,14,On Time,51.97
TRIP207290,Rainy,Express,Low,3.80,3,30,,10,On Time,13.89
TRIP202405,Rainy,Standard,Moderate,17.52,15,50,7.46,16,Severe Delay,90.40
TRIP201870,Rainy,Mini Bus,Low,12.12,13,18,12.80,23,On Time,58.18
TRIP202018,Clear,Mini Bus,Low,8.34,8,6,2.85,19,Moderate Delay,39.18
TRIP203444,,Express,Severe,5.84,8,55,3.95,8,Severe Delay,65.22
TRIP204629,Clear,Standard,Moderate,11.58,12,46,7.02,23,Moderate Delay,58.27
TRIP204306,Clear,Standard,High,9.41,14,11,1.32,12,On Time,54.41
TRIP203105,Clear,Standard,High,6.66,8,37,4.37,7,Severe Delay,44.59
TRIP208750,Rainy,Mini Bus,Severe,8.38,10,22,3.26,14,Severe Delay,67.82
TRIP202994,Clear,Mini Bus,High,18.10,21,35,5.05,9,Severe Delay,108.52
TRIP209090,Rainy,Mini Bus,High,19.84,21,17,3.75,11,Severe Delay,142.79
TRIP203559,Rainy,,Moderate,6.33,4,25,6.47,8,Severe Delay,35.94
TRIP207531,Clear,Express,Severe,8.27,9,17,0.82,22,Moderate Delay,50.02
TRIP206241,Rainy,Standard,Severe,,22,51,3.80,16,Severe Delay,180.00
TRIP204529,Clear,Standard,Moderate,20.32,18,34,9.47,12,Moderate Delay,91.49
TRIP204161,Clear,Express,High,7.97,11,25,1.80,15,Moderate Delay,39.98
TRIP204205,Clear,Mini Bus,Moderate,12.71,13,19,2.63,6,Moderate Delay,53.84
TRIP208531,Rainy,Standard,Moderate,2.99,3,33,9.23,11,On Time,28.66
TRIP207938,Clear,Mini Bus,Moderate,15.62,20,24,10.97,13,Moderate Delay,87.80
TRIP201093,Windy,Express,High,5.58,4,28,1.05,9,Severe Delay,34.26
TRIP205535,Rainy,Express,Moderate,5.51,6,9,8.69,12,On Time,23.50
TRIP208697,Clear,Express,Low,15.09,19,26,3.12,14,On Time,46.54
TRIP209374,Rainy,Standard,Moderate,24.64,26,23,16.79,22,Severe Delay,135.17
TRIP204339,Rainy,Mini Bus,Low,16.81,10,13,10.02,21,On Time,68.11
TRIP206178,Rainy,Standard,High,4.56,5,37,3.21,8,Severe Delay,48.06
TRIP205652,Clear,Standard,Low,24.57,26,24,6.55,6,Moderate Delay,119.73
TRIP204564,Rainy,Express,High,13.36,15,16,9.13,23,Severe Delay,84.77
TRIP209554,Clear,Standard,Moderate,14.17,12,50,9.26,19,Moderate Delay,73.88
TRIP208725,Windy,Express,Moderate,5.39,6,24,1.88,5,On Time,19.09
TRIP209557,Clear,Standard,Moderate,5.20,3,31,6.00,7,On Time,29.70
TRIP203935,Clear,Express,Moderate,12.86,16,21,8.51,12,On Time,50.56
TRIP206535,Foggy,Mini Bus,Moderate,6.85,8,19,6.13,6,On Time,26.86
TRIP204183,Windy,Standard,High,7.02,6,26,1.79,15,On Time,53.25
TRIP200224,Clear,Mini Bus,Moderate,7.86,5,25,3.86,17,On Time,28.35
TRIP200161,Windy,Express,Moderate,5.92,5,46,2.34,18,Moderate Delay,18.88
TRIP204989,Rainy,Express,Severe,17.60,19,40,5.17,17,Severe Delay,130.11
TRIP209716,Windy,Mini Bus,High,10.10,11,3,2.13,10,Moderate Delay,64.34
TRIP202664,Windy,Mini Bus,Severe,9.60,10,22,7.19,7,Severe Delay,78.29
TRIP201963,Foggy,Mini Bus,Severe,13.25,15,28,3.71,18,Severe Delay,111.51
TRIP200771,Clear,Mini Bus,Low,7.70,7,17,1.24,10,On Time,27.60
TRIP207010,Windy,Standard,High,11.62,7,41,8.31,19,Moderate Delay,72.73
TRIP209144,Windy,Standard,High,5.42,12,23,1.00,15,Moderate Delay,46.73
TRIP201136,Windy,Standard,High,10.66,13,52,5.28,16,Severe Delay,85.56
TRIP205324,Rainy,Standard,Moderate,5.93,5,50,0.20,17,Severe Delay,32.36
TRIP204238,Rainy,Standard,Moderate,8.42,8,37,9.40,15,On Time,50.30
TRIP207736,Clear,Standard,High,18.93,16,35,11.21,7,Severe Delay,122.47
TRIP203936,Clear,Mini Bus,Moderate,15.69,16,37,7.01,18,Severe Delay,83.85
TRIP202190,Rainy,Mini Bus,Moderate,12.02,6,19,16.15,5,On Time,62.63
TRIP208268,Clear,Mini Bus,High,7.10,11,21,3.42,13,Moderate Delay,47.41
TRIP201004,Clear,Standard,Moderate,10.67,11,36,2.33,21,Moderate Delay,55.32
TRIP209479,Clear,Mini Bus,High,10.90,10,,8.59,8,Severe Delay,68.40
TRIP203427,Clear,Mini Bus,Severe,12.75,16,28,6.97,19,Severe Delay,97.52
TRIP205749,Clear,Mini Bus,Severe,17.77,20,11,2.02,13,Severe Delay,136.04
TRIP206430,Windy,Mini Bus,High,,13,12,12.50,21,Moderate Delay,61.09
TRIP208808,Clear,Standard,High,8.84,9,28,6.67,11,On Time,40.89
TRIP205264,Rainy,Standard,High,5.05,6,36,8.27,11,Moderate Delay,35.84
TRIP203349,Rainy,Mini Bus,Severe,14.22,14,9,10.68,20,Severe Delay,112.16
TRIP209763,Rainy,Standard,High,6.01,8,32,6.78,20,Moderate Delay,44.80
TRIP204581,Rainy,Mini Bus,High,12.08,16,3,4.57,20,Severe Delay,91.64
TRIP208228,Windy,Standard,Moderate,8.48,9,28,11.65,13,On Time,32.28
TRIP205416,Clear,Mini Bus,Severe,14.46,18,5,11.53,5,Severe Delay,103.79
TRIP200518,Windy,Standard,Low,10.66,7,55,3.43,12,Moderate Delay,43.89
TRIP205571,Clear,Express,Low,2.36,4,36,0.90,23,On Time,15.46
TRIP207289,Clear,Mini Bus,Moderate,8.39,7,19,5.36,11,On Time,32.32
TRIP206985,Rainy,Standard,Moderate,14.38,14,35,1.49,22,Moderate Delay,75.66
TRIP208944,Clear,Standard,High,8.70,6,18,8.24,5,On Time,46.42
TRIP208376,Windy,Standard,Low,10.56,14,19,12.44,10,On Time,48.13
TRIP204032,Clear,Standard,High,13.02,12,35,12.67,18,Severe Delay,75.40
TRIP207715,Clear,Standard,Low,14.02,15,38,4.91,23,On Time,64.06
TRIP206824,,Standard,Severe,8.75,10,37,6.17,10,Moderate Delay,54.38
TRIP208581,Windy,Express,Low,11.39,14,26,11.44,16,Moderate Delay,37.90
TRIP205253,Clear,Express,Moderate,5.39,7,27,4.29,7,On Time,23.24
TRIP200326,Rainy,Mini Bus,Severe,8.47,9,37,3.67,16,Severe Delay,84.04
TRIP201614,Clear,Mini Bus,Moderate,16.03,17,3,3.63,5,Moderate Delay,83.33
TRIP204994,Clear,Mini Bus,Moderate,13.70,14,21,4.52,14,On Time,63.39
TRIP201357,Windy,Standard,Low,4.46,4,32,2.24,23,Moderate Delay,34.63
TRIP200381,Rainy,Standard,Moderate,16.54,15,47,4.34,9,Severe Delay,91.28
TRIP208243,Clear,Standard,Severe,7.00,5,45,7.92,8,Moderate Delay,50.86
TRIP203939,Clear,Express,Moderate,13.34,12,41,4.52,19,Moderate Delay,55.33
TRIP200733,Foggy,Standard,High,12.64,10,38,4.35,23,Moderate Delay,80.57
TRIP207448,Clear,Mini Bus,Low,10.58,15,25,2.62,14,On Time,49.85
TRIP200187,Clear,Express,Moderate,8.81,6,28,18.00,21,On Time,24.89
TRIP207028,Rainy,Mini Bus,High,22.11,22,15,6.53,13,Severe Delay,155.76
TRIP205395,Clear,Standard,High,24.40,27,21,13.44,12,Severe Delay,159.24
TRIP200254,Rainy,Standard,Severe,24.07,23,46,6.82,16,Severe Delay,180.00
TRIP207371,Rainy,Standard,Moderate,11.49,14,38,3.23,23,On Time,48.77
TRIP206552,Clear,Standard,Severe,4.81,5,30,13.21,14,On Time,36.37
TRIP201930,Windy,Standard,Severe,14.51,18,41,2.39,21,Severe Delay,115.98
TRIP203367,Clear,Standard,High,12.02,10,39,3.44,17,Moderate Delay,77.73
TRIP203631,Rainy,Mini Bus,High,19.12,22,20,4.35,8,Severe Delay,133.56
TRIP206655,Clear,Mini Bus,Moderate,6.93,8,5,17.48,8,Moderate Delay,40.57
TRIP206851,Clear,Standard,Moderate,7.94,9,28,2.63,5,On Time,36.32
TRIP200713,Windy,Standard,High,7.30,7,48,,18,Severe Delay,59.77
TRIP207760,Rainy,Express,Moderate,5.88,4,34,7.12,8,On Time,37.15
TRIP201027,Clear,Standard,Moderate,9.43,13,35,2.45,5,On Time,41.31
TRIP204208,Clear,Mini Bus,Moderate,9.63,11,3,,21,On Time,40.03
TRIP203778,,Express,Moderate,3.32,5,15,8.03,22,On Time,20.15
TRIP204338,Clear,Standard,Severe,4.13,4,31,2.77,22,Moderate Delay,33.79
TRIP205473,Clear,Standard,High,5.60,4,31,1.10,11,Moderate Delay,39.05
TRIP203931,Clear,Standard,High,3.90,8,47,1.48,5,Severe Delay,39.25
TRIP205408,Clear,Mini Bus,Moderate,7.67,7,17,3.15,10,On Time,34.36
TRIP207985,Rainy,Standard,Severe,8.29,9,,12.28,16,Severe Delay,88.56
TRIP205949,Rainy,Standard,Low,13.04,12,19,2.52,12,Moderate Delay,56.65
TRIP206770,Clear,Express,High,15.06,15,11,5.16,5,Moderate Delay,83.25
TRIP200838,Rainy,Standard,Severe,19.82,22,18,8.61,11,Severe Delay,172.96
TRIP205601,Windy,Standard,High,5.98,5,29,2.45,20,Moderate Delay,33.18
TRIP207871,Clear,Mini Bus,Moderate,12.54,13,25,7.01,8,On Time,70.14
TRIP205773,Clear,Mini Bus,High,13.17,14,11,3.74,12,Moderate Delay,78.73
TRIP209782,Windy,Standard,Moderate,4.41,6,39,4.37,10,On Time,28.55
TRIP202568,Rainy,Standard,Moderate,13.68,12,28,5.99,20,Moderate Delay,74.03
TRIP207758,Clear,Mini Bus,Low,14.62,18,35,5.29,9,Moderate Delay,75.00
TRIP202802,Clear,,Severe,6.53,9,33,5.70,19,Moderate Delay,63.81
TRIP202647,Windy,Express,High,16.38,15,25,2.72,11,Severe Delay,82.07
TRIP207234,Clear,Standard,Low,2.32,3,29,3.41,14,On Time,13.06
TRIP200624,Clear,Standard,High,9.38,11,48,0.82,14,Moderate Delay,53.53
TRIP205614,Clear,Standard,High,8.33,12,28,6.67,21,On Time,43.59
TRIP200527,Foggy,Mini Bus,High,24.60,21,12,4.80,22,Severe Delay,165.99
TRIP205091,Clear,Express,Moderate,9.34,12,11,6.15,13,On Time,26.48
TRIP207943,Rainy,Standard,High,12.24,13,37,5.53,14,Severe Delay,80.40
TRIP205187,Rainy,Standard,Moderate,13.77,15,44,4.21,8,Moderate Delay,77.99
TRIP203918,Clear,Mini Bus,Severe,13.13,12,16,7.43,22,Moderate Delay,104.46
TRIP202894,Foggy,Express,Severe,2.51,3,15,10.35,23,Moderate Delay,21.58
TRIP208926,Clear,Standard,Moderate,8.34,10,38,5.08,7,Severe Delay,51.91
TRIP202449,Foggy,Express,Low,7.67,4,12,4.88,23,On Time,26.17
TRIP204076,Clear,Mini Bus,Low,8.76,12,28,5.43,8,Moderate Delay,40.72
TRIP206132,Clear,Standard,High,7.14,8,22,1.71,14,Moderate Delay,39.51
TRIP207024,,Standard,High,14.49,15,34,0.45,5,Moderate Delay,79.68
TRIP205575,Rainy,Standard,Moderate,8.04,7,31,11.05,20,On Time,43.43
TRIP208019,Rainy,Mini Bus,High,8.82,11,34,4.09,7,Severe Delay,74.14
TRIP206263,Clear,Standard,Moderate,9.62,16,26,5.89,14,Severe Delay,39.82
TRIP208653,Windy,Express,Moderate,9.61,7,33,3.81,7,On Time,48.18
TRIP209530,Clear,Standard,Moderate,,15,53,1.72,17,Severe Delay,73.08
TRIP200430,Rainy,Standard,Low,16.91,19,34,18.00,16,Severe Delay,76.49
TRIP203850,Clear,Mini Bus,High,4.18,3,20,1.11,9,Severe Delay,37.85
TRIP205469,Foggy,Standard,Moderate,9.98,14,33,3.30,23,Moderate Delay,64.26
TRIP209540,Rainy,Standard,Low,14.71,17,23,1.52,23,Moderate Delay,62.70
TRIP200789,Clear,Standard,Moderate,13.46,13,27,8.14,10,On Time,59.34
TRIP201779,Clear,Standard,Moderate,5.16,8,29,1.90,15,Moderate Delay,28.05
TRIP206791,Clear,Standard,Moderate,24.29,27,35,3.31,22,Severe Delay,131.74
TRIP208736,Clear,Mini Bus,Low,19.31,20,5,8.11,13,On Time,79.30
TRIP203843,Clear,Standard,Moderate,2.10,3,45,2.97,14,On Time,12.33
TRIP200367,Clear,Express,Moderate,12.53,16,41,6.99,9,Moderate Delay,51.82
TRIP205896,Clear,Standard,Moderate,17.65,24,39,2.88,16,Severe Delay,92.68
TRIP208401,Foggy,Mini Bus,Moderate,10.55,7,29,3.91,23,On Time,51.80
TRIP204330,Windy,Mini Bus,High,13.53,15,21,3.49,13,Moderate Delay,87.43
TRIP205072,Rainy,Express,Low,15.85,16,19,11.76,13,On Time,56.55
TRIP209400,Foggy,Standard,High,9.79,7,11,4.24,23,Severe Delay,51.44
TRIP201108,Windy,Standard,High,4.96,5,23,0.98,21,Moderate Delay,33.05
TRIP202838,Clear,Standard,High,7.91,7,30,3.56,21,On Time,47.25
TRIP209441,Clear,Standard,Low,14.70,17,28,3.10,7,Severe Delay,71.25
TRIP200950,Rainy,Standard,Moderate,6.92,5,50,5.05,8,Severe Delay,46.69
TRIP209223,Rainy,Standard,Moderate,8.36,12,52,18.00,7,Moderate Delay,38.06
TRIP200173,Clear,,High,6.01,5,46,4.11,9,Moderate Delay,47.93
TRIP207333,Clear,Standard,Severe,8.73,9,40,2.03,8,Severe Delay,68.76
TRIP206750,Clear,Standard,Low,13.54,13,28,14.27,5,On Time,50.14
TRIP207830,Clear,Standard,Moderate,4.57,6,37,8.59,7,On Time,35.17
TRIP204715,Windy,Standard,Low,28.06,32,36,5.93,13,Moderate Delay,140.23
TRIP209691,Clear,Standard,High,11.87,8,35,13.79,21,On Time,59.76
TRIP204864,Windy,Standard,Low,10.44,9,,8.46,13,On Time,38.63
TRIP201619,Rainy,Standard,Moderate,15.22,17,49,11.31,12,Severe Delay,79.63
TRIP204900,Clear,Express,High,5.78,5,20,9.44,5,On Time,34.44
TRIP205312,Clear,Express,High,8.52,8,33,5.65,8,Severe Delay,44.34
TRIP201031,Clear,Standard,Low,12.50,16,24,4.59,10,On Time,48.59
TRIP206503,Clear,Mini Bus,Moderate,15.02,13,11,2.22,17,Moderate Delay,81.64
TRIP200122,Rainy,Mini Bus,Moderate,4.07,10,16,14.66,9,Moderate Delay,38.65
TRIP203967,Clear,Standard,High,11.16,12,44,5.57,17,Severe Delay,73.75
TRIP209358,Windy,Mini Bus,Severe,9.09,8,13,10.51,8,Severe Delay,69.74
TRIP206644,Clear,Express,Moderate,20.23,19,28,5.78,5,Moderate Delay,87.77
TRIP202841,Rainy,Standard,High,9.03,10,24,1.73,21,Severe Delay,71.42
TRIP201796,Clear,Standard,Moderate,5.82,4,32,2.43,10,Moderate Delay,28.93
TRIP208310,Clear,Standard,High,14.42,15,37,5.69,20,On Time,96.43
TRIP201520,Windy,Mini Bus,High,14.78,16,13,3.20,14,Severe Delay,94.02
TRIP202946,Rainy,Mini Bus,Moderate,11.23,14,14,0.84,13,Moderate Delay,61.50
TRIP200410,Clear,Mini Bus,High,7.74,8,26,2.28,19,Severe Delay,38.76
TRIP204768,Windy,Standard,High,9.59,15,17,2.72,20,Moderate Delay,64.80
TRIP208562,Foggy,Standard,Moderate,7.06,7,27,2.30,13,Moderate Delay,53.64
TRIP206389,Clear,Standard,High,11.25,10,31,,10,On Time,64.03
TRIP201557,Clear,Express,High,17.16,15,20,14.91,17,Moderate Delay,87.58
TRIP207167,Clear,Mini Bus,High,7.24,8,25,6.04,9,Severe Delay,50.39
TRIP200987,Windy,Standard,Moderate,7.77,8,41,4.39,23,On Time,49.53
TRIP207973,Clear,Standard,Moderate,8.60,11,45,10.17,13,On Time,42.34
TRIP202194,Clear,Express,High,14.61,17,29,3.63,9,Severe Delay,87.59
TRIP201118,Clear,Express,High,5.78,7,22,9.61,15,On Time,23.06
TRIP202623,Clear,Standard,Low,5.76,5,49,4.59,19,Moderate Delay,36.07
TRIP206748,Rainy,Mini Bus,Moderate,9.54,8,34,3.04,19,Severe Delay,54.74
TRIP206550,Windy,Standard,Severe,14.73,16,32,3.50,22,Moderate Delay,121.97
TRIP208116,Clear,Standard,Moderate,16.21,19,33,3.19,13,Moderate Delay,73.69
TRIP207814,Windy,Mini Bus,Moderate,3.07,6,21,2.35,6,On Time,27.00
TRIP207954,Foggy,Standard,Moderate,22.79,21,39,9.12,23,Moderate Delay,113.64
TRIP201660,Clear,Mini Bus,Severe,12.34,15,9,4.08,22,Moderate Delay,100.53
TRIP203423,Clear,Standard,High,12.06,12,22,7.58,11,On Time,71.57
TRIP209637,Rainy,Express,Low,4.38,7,17,13.42,5,On Time,19.40
TRIP209264,Clear,Mini Bus,Moderate,8.43,9,19,1.30,23,On Time,31.57
TRIP208809,Foggy,Standard,Moderate,10.27,8,31,2.66,10,Moderate Delay,49.97
TRIP207826,Foggy,Mini Bus,High,9.99,13,24,5.69,9,Severe Delay,81.62
TRIP205213,Clear,Mini Bus,Moderate,5.44,7,10,6.12,15,On Time,25.13
TRIP201717,Clear,Standard,High,6.91,9,29,1.88,6,Moderate Delay,45.18
TRIP200692,Clear,Express,High,16.75,16,19,6.31,11,Moderate Delay,91.14
TRIP200296,Clear,Mini Bus,Severe,5.58,5,17,4.11,22,Moderate Delay,35.35
TRIP207603,Clear,Mini Bus,Moderate,12.57,15,30,8.50,19,Severe Delay,66.76
TRIP204423,Clear,Mini Bus,Moderate,12.23,15,16,,12,On Time,59.95
TRIP207762,Clear,Express,Moderate,9.04,9,14,4.28,15,On Time,34.67
TRIP208173,Clear,Mini Bus,Severe,6.91,4,19,2.25,15,Severe Delay,42.48
TRIP208417,Clear,Standard,Low,3.37,4,26,3.99,14,On Time,20.05
TRIP200020,Rainy,Standard,Moderate,12.79,16,33,8.21,5,Severe Delay,73.33
TRIP201406,Clear,Standard,Low,9.86,13,32,5.86,23,On Time,37.97
TRIP204830,Windy,Standard,Moderate,9.50,4,46,7.90,22,Moderate Delay,27.30
TRIP205551,Foggy,Standard,Low,15.81,15,38,3.99,15,On Time,64.46
TRIP209548,Rainy,Standard,Low,6.58,10,34,5.26,21,On Time,31.44
TRIP207785,Clear,Express,Low,10.90,12,20,1.69,20,On Time,29.86
TRIP208145,Clear,Standard,Moderate,19.79,20,36,5.62,17,Severe Delay,109.25
TRIP206277,Clear,Standard,High,6.87,5,51,1.87,9,Severe Delay,52.85
TRIP201315,Windy,Mini Bus,Low,11.31,11,25,8.44,23,On Time,52.96
TRIP207372,Clear,Standard,High,,9,36,5.71,9,Moderate Delay,40.91
TRIP206106,Clear,Standard,Moderate,22.04,22,36,4.47,10,Moderate Delay,115.80
TRIP208073,Foggy,Mini Bus,Severe,6.67,8,15,2.78,5,Severe Delay,56.13
TRIP204692,Clear,Mini Bus,Moderate,15.51,16,23,2.07,23,Moderate Delay,70.97
TRIP201732,Windy,Mini Bus,Moderate,14.65,14,31,4.67,17,Severe Delay,68.99
TRIP206343,Clear,Mini Bus,Moderate,9.81,9,37,7.25,8,Moderate Delay,49.08
TRIP203147,Clear,Mini Bus,Low,3.39,3,23,6.68,19,On Time,20.38
TRIP206853,Windy,Standard,Moderate,8.51,7,43,6.78,7,Moderate Delay,30.86
TRIP205841,Rainy,Express,Moderate,4.78,6,21,1.72,18,Severe Delay,30.73
TRIP203262,Clear,Standard,Moderate,24.02,25,41,3.55,17,Severe Delay,133.88
TRIP209257,Clear,Standard,High,6.95,8,31,9.92,10,On Time,37.22
TRIP205096,Clear,Express,Severe,17.10,17,13,11.67,11,Moderate Delay,116.75
TRIP204486,Clear,Mini Bus,High,8.15,6,33,8.69,21,Moderate Delay,50.98
TRIP207733,Clear,Standard,Moderate,13.76,12,29,11.55,7,Moderate Delay,64.82
TRIP205664,Clear,Standard,Low,5.87,8,43,1.33,15,On Time,32.14
TRIP202814,Rainy,Mini Bus,Moderate,6.26,9,3,0.96,14,Moderate Delay,46.92
TRIP202211,Clear,Mini Bus,Low,7.69,8,9,8.16,10,On Time,27.09
TRIP207107,Windy,Standard,Severe,20.48,23,42,4.71,14,Severe Delay,163.60
TRIP206479,Clear,Standard,Moderate,27.44,27,43,7.52,17,Severe Delay,169.46
TRIP207501,Clear,Standard,Moderate,5.40,4,26,2.94,15,On Time,31.51
TRIP201500,Clear,Standard,Moderate,15.43,12,47,16.09,17,Moderate Delay,73.84
TRIP201909,Clear,Standard,Moderate,4.15,3,27,0.88,9,Moderate Delay,22.95
TRIP206629,Clear,Standard,High,8.79,11,43,3.56,9,Severe Delay,53.88
TRIP207406,Rainy,Mini Bus,Moderate,24.65,29,26,7.25,20,Moderate Delay,152.83
TRIP207746,Clear,Express,Low,18.97,24,5,13.11,15,On Time,58.96
TRIP202697,Foggy,Express,High,15.27,15,22,6.46,13,Severe Delay,93.32
TRIP203054,Windy,Express,High,13.60,13,21,7.45,21,Moderate Delay,72.36
TRIP209186,Foggy,Mini Bus,Severe,17.76,17,23,7.34,19,Severe Delay,144.95
TRIP209666,Clear,Mini Bus,High,7.68,6,11,1.68,17,Severe Delay,49.96
TRIP200617,Clear,Standard,High,4.88,9,35,5.07,8,Moderate Delay,35.98
TRIP201983,Clear,Express,Low,9.06,9,17,9.80,15,On Time,25.60
TRIP203676,Rainy,Express,High,9.60,11,49,18.00,17,Severe Delay,68.74
TRIP206953,Rainy,Mini Bus,Moderate,17.68,17,10,6.83,13,Moderate Delay,93.01
TRIP202388,Clear,Mini Bus,Moderate,21.11,23,17,1.76,15,Moderate Delay,118.59
TRIP208264,Windy,Standard,Moderate,3.30,4,33,0.79,22,On Time,25.80
TRIP200221,Clear,Mini Bus,Moderate,8.64,7,20,2.95,15,On Time,39.82
TRIP207384,Clear,Mini Bus,High,3.42,4,41,11.06,8,Moderate Delay,46.58
TRIP208108,Clear,Standard,Low,13.14,16,34,10.26,7,Moderate Delay,59.87
TRIP209169,Clear,Standard,Low,17.64,20,,6.43,20,On Time,85.35
TRIP200335,Clear,Express,Low,11.93,12,23,,14,On Time,39.76
TRIP202328,Windy,Express,Low,9.39,12,23,4.90,11,On Time,27.43
TRIP206402,Clear,Standard,High,15.93,18,30,10.08,16,Severe Delay,96.60
TRIP204297,Clear,Mini Bus,Moderate,10.52,10,7,11.15,10,On Time,58.05
TRIP204138,Clear,Standard,Moderate,6.11,8,30,2.30,10,On Time,24.36
TRIP205252,Windy,Express,Severe,22.53,21,20,6.82,12,Severe Delay,160.15
TRIP207691,Rainy,Standard,Moderate,7.06,5,30,14.45,21,On Time,36.87
TRIP201904,Windy,Standard,Moderate,22.88,25,43,1.49,7,Severe Delay,132.20
TRIP202479,Clear,Express,Moderate,17.90,19,16,13.72,11,On Time,71.26
TRIP202711,Clear,Express,High,13.20,15,32,6.42,11,Moderate Delay,66.80
TRIP208211,Rainy,Standard,High,10.04,8,20,7.18,13,Moderate Delay,67.09
TRIP202912,Rainy,,Severe,7.99,8,8,10.83,10,Moderate Delay,67.60
TRIP205406,Rainy,Standard,High,12.11,12,26,0.86,14,Severe Delay,89.35
TRIP208261,Clear,Standard,Low,,10,59,1.30,7,Severe Delay,32.13
TRIP205113,Clear,Mini Bus,Moderate,3.71,4,18,,19,On Time,26.56
TRIP205801,Foggy,Express,Low,8.06,3,15,5.07,10,On Time,26.09
TRIP201101,Clear,Standard,High,6.53,8,39,1.46,22,On Time,45.21
TRIP205013,Clear,Standard,Severe,11.61,12,16,5.80,13,Moderate Delay,88.62
TRIP204317,,,Low,10.98,10,23,5.54,5,On Time,43.69
TRIP203348,Foggy,Standard,High,7.06,3,22,2.22,6,Moderate Delay,49.59
TRIP207434,Windy,Standard,Moderate,4.82,9,34,10.99,23,On Time,31.93
TRIP204799,Clear,Standard,Low,15.98,16,41,6.42,17,Moderate Delay,69.01
TRIP205782,Clear,Standard,Moderate,3.52,5,29,3.98,5,On Time,28.00
TRIP207445,Rainy,Standard,Moderate,14.78,16,25,4.30,20,Moderate Delay,88.89
TRIP209772,Clear,Standard,Low,7.70,8,17,9.45,12,On Time,32.53
TRIP207089,Clear,,Low,9.75,13,35,7.62,23,On Time,35.26
TRIP205955,Windy,Mini Bus,Low,13.43,12,35,3.31,10,On Time,70.16
TRIP205236,Rainy,Mini Bus,Moderate,27.41,33,19,16.58,15,Moderate Delay,162.08
TRIP202118,Clear,Standard,High,18.76,19,44,11.14,23,Severe Delay,112.89
TRIP204603,Clear,Standard,Moderate,12.46,13,13,13.29,12,On Time,55.49
TRIP204440,Clear,Mini Bus,High,11.17,15,26,7.48,23,Severe Delay,72.07
TRIP201681,Clear,Standard,Moderate,3.92,3,53,1.40,7,Severe Delay,30.00
TRIP201773,Rainy,Standard,Moderate,15.92,20,38,4.98,15,Severe Delay,84.48
TRIP202331,Windy,Express,Severe,11.34,13,48,2.43,8,Severe Delay,85.82
TRIP206078,Clear,Standard,High,15.59,10,35,13.00,19,Moderate Delay,95.67
TRIP206470,Rainy,Standard,Moderate,21.17,21,44,1.51,7,Severe Delay,110.79
TRIP205448,Rainy,Standard,Severe,9.44,9,37,3.82,20,Severe Delay,74.62
TRIP207204,Rainy,Standard,Low,5.47,6,32,4.18,11,On Time,31.55
TRIP201738,Rainy,Express,High,7.36,6,21,2.57,13,Severe Delay,39.90
TRIP207835,Clear,Standard,High,4.92,6,40,4.92,9,Moderate Delay,42.71
TRIP202058,Clear,Express,Moderate,6.37,3,25,,23,On Time,21.72
TRIP204582,Clear,,High,5.15,7,45,10.68,11,On Time,43.59
TRIP202264,Rainy,Standard,High,6.45,7,33,10.50,21,Severe Delay,42.95
TRIP206726,Clear,Standard,Moderate,23.10,24,28,5.80,16,Severe Delay,135.46
TRIP206633,Clear,Mini Bus,Moderate,18.02,19,56,5.54,18,Severe Delay,92.45
TRIP203461,Clear,Standard,Moderate,9.58,10,29,6.37,14,On Time,32.99
TRIP205331,Clear,Standard,Severe,14.23,13,40,2.74,16,Severe Delay,112.43
TRIP209382,Windy,,Moderate,13.86,12,44,1.57,8,Severe Delay,75.82
TRIP206502,Foggy,Express,High,23.33,24,31,18.00,17,Severe Delay,147.17
TRIP203207,Clear,Standard,Severe,3.87,3,41,5.76,22,Moderate Delay,37.42
TRIP201387,Clear,Standard,Moderate,6.44,5,40,3.75,14,On Time,28.99
TRIP207099,Rainy,Standard,Moderate,23.71,25,27,7.85,20,Severe Delay,128.32
TRIP206164,Clear,Standard,Moderate,15.57,14,23,12.39,22,On Time,71.21
TRIP206589,Clear,Standard,Low,10.99,12,26,2.21,11,On Time,44.62
TRIP206381,Windy,Express,Moderate,6.76,3,30,6.86,8,On Time,25.95
TRIP202208,,Standard,Moderate,20.58,21,32,18.00,7,Severe Delay,112.36
TRIP207284,Rainy,Standard,Severe,30.88,31,53,2.71,9,Severe Delay,180.00
TRIP209675,Windy,Mini Bus,Severe,5.29,8,24,13.68,6,On Time,40.08
TRIP201032,Windy,Standard,Low,10.62,9,48,7.09,9,Moderate Delay,46.08
TRIP207473,Clear,Standard,Moderate,3.60,5,42,1.19,17,Moderate Delay,19.69
TRIP205980,Clear,Mini Bus,Low,11.78,10,21,8.01,20,On Time,44.46
TRIP205954,Clear,Mini Bus,Low,8.54,4,36,5.09,16,On Time,34.06
TRIP200760,Clear,Standard,Severe,6.33,8,36,8.66,23,Moderate Delay,48.39
TRIP204432,Clear,Standard,Moderate,17.40,16,47,5.44,7,Severe Delay,100.01
TRIP206557,Clear,Standard,Low,9.70,7,26,2.82,15,On Time,40.59
TRIP207713,Rainy,Mini Bus,High,9.97,13,25,7.04,9,Severe Delay,88.58
TRIP204846,Clear,Mini Bus,Low,7.26,5,5,3.31,12,On Time,28.92
TRIP209757,Clear,Standard,Moderate,9.54,9,35,2.66,10,Moderate Delay,38.61
TRIP201171,Windy,Express,High,3.26,3,3,8.56,13,On Time,19.11
TRIP200189,Clear,Standard,Moderate,10.22,10,29,2.02,17,Moderate Delay,46.33
TRIP200557,Rainy,Mini Bus,High,6.19,3,25,8.07,16,Severe Delay,59.87
TRIP200061,Rainy,Standard,High,24.07,24,25,4.70,23,Severe Delay,170.05
TRIP205250,Clear,Standard,High,11.30,14,16,11.50,10,On Time,61.51
TRIP203320,Windy,Standard,Moderate,11.74,7,57,5.58,9,Moderate Delay,63.91
TRIP209057,Clear,Standard,Severe,10.11,8,46,3.12,8,Severe Delay,73.63
TRIP202870,Rainy,Standard,High,5.34,6,28,2.40,12,Severe Delay,54.74
TRIP207649,Clear,Standard,Moderate,5.65,4,34,14.28,23,On Time,22.71
TRIP205873,Clear,Standard,High,9.13,11,43,11.81,16,Severe Delay,55.24
TRIP204145,Clear,Standard,Moderate,7.31,8,38,7.87,12,On Time,34.29
TRIP209422,Clear,Mini Bus,Low,11.94,13,19,2.96,22,On Time,42.78
TRIP208419,Windy,Standard,Moderate,11.38,12,42,1.14,8,Severe Delay,64.19
TRIP202319,Clear,Express,Moderate,14.68,13,32,3.74,16,Moderate Delay,63.74
TRIP203259,Clear,Express,Moderate,8.70,11,20,4.39,10,On Time,19.31
TRIP204067,Foggy,Standard,High,5.94,4,42,2.10,15,Severe Delay,43.06
TRIP208239,Rainy,Mini Bus,Low,11.84,11,3,3.05,22,On Time,48.47
TRIP202374,Clear,Standard,Moderate,12.95,16,37,7.15,8,Severe Delay,62.00
TRIP206321,Rainy,Standard,High,16.52,17,31,14.39,6,Severe Delay,103.99
TRIP202126,Foggy,Standard,Moderate,9.70,12,33,5.54,21,Moderate Delay,54.57
TRIP205028,Clear,Standard,High,10.07,13,33,9.26,6,On Time,54.39
TRIP207511,Clear,Standard,Moderate,11.64,10,13,4.39,20,On Time,44.24
TRIP205787,,Standard,Severe,14.60,16,37,6.72,18,Severe Delay,116.55
TRIP209635,Rainy,Mini Bus,Low,3.32,5,22,8.45,7,On Time,36.71
TRIP201839,Windy,Express,Moderate,15.11,12,28,5.30,23,On Time,62.27
TRIP208234,Rainy,Express,Moderate,6.89,8,36,1.22,14,On Time,44.41
TRIP201192,Rainy,Mini Bus,Low,10.41,12,20,3.28,22,On Time,48.10
TRIP206023,Windy,Standard,Low,11.72,10,46,11.22,17,Moderate Delay,55.63
TRIP208166,Clear,Standard,Moderate,12.79,12,42,6.94,10,On Time,67.43
TRIP206606,Clear,Standard,High,14.55,17,33,3.23,12,Moderate Delay,87.80
TRIP207207,Rainy,Standard,Moderate,5.03,3,48,3.27,19,Severe Delay,35.46
TRIP205941,Clear,Express,High,20.12,18,14,16.56,13,Moderate Delay,101.51
TRIP202611,Clear,Mini Bus,High,3.93,6,44,6.75,16,Severe Delay,35.61
TRIP200492,Windy,Mini Bus,High,5.64,7,17,4.51,15,Moderate Delay,34.52
TRIP208548,Rainy,Standard,High,6.95,8,32,2.14,14,Severe Delay,65.95
TRIP205101,Clear,Mini Bus,Severe,17.35,20,8,6.03,23,Severe Delay,115.90
TRIP209412,Clear,Mini Bus,Moderate,14.91,14,31,4.63,18,Severe Delay,79.71
TRIP204937,Rainy,Standard,High,14.34,13,24,7.16,21,Severe Delay,96.63
TRIP207740,Windy,Express,Low,22.79,23,49,6.31,9,Severe Delay,106.17
TRIP206955,Foggy,Mini Bus,Low,10.20,11,27,5.12,7,Moderate Delay,65.72
TRIP201537,Rainy,Standard,Moderate,7.40,8,18,5.97,10,On Time,29.29
TRIP205268,,Mini Bus,Low,14.86,15,27,9.36,16,Moderate Delay,66.59
TRIP206658,Foggy,Standard,Low,8.26,8,31,4.41,15,On Time,41.45
TRIP202470,Clear,Mini Bus,Moderate,14.09,15,21,2.69,6,Moderate Delay,65.90
TRIP201231,Rainy,Standard,Moderate,7.14,3,35,9.84,18,Moderate Delay,41.51
TRIP202757,Foggy,Standard,Moderate,4.97,6,27,8.11,13,On Time,25.68
TRIP209335,Foggy,Mini Bus,Severe,5.50,9,25,6.61,20,Severe Delay,56.98
TRIP205105,Clear,Standard,Low,5.59,6,48,6.75,18,Moderate Delay,33.65
TRIP200850,Clear,Mini Bus,Moderate,7.15,7,13,9.00,14,On Time,32.35
TRIP205271,Clear,Standard,Moderate,10.35,15,52,6.97,21,Moderate Delay,41.51
TRIP200668,Rainy,Standard,High,8.10,10,20,1.91,22,Severe Delay,58.99
TRIP207319,,Standard,Moderate,8.66,6,35,2.45,20,On Time,37.02
TRIP207268,Windy,Standard,Moderate,8.38,11,57,2.11,7,Severe Delay,69.63
TRIP201816,,Standard,High,8.60,10,36,16.32,15,On Time,50.31
TRIP209509,Foggy,Standard,High,2.44,5,24,,13,Moderate Delay,35.41
TRIP201623,Clear,Standard,High,4.70,6,31,3.53,20,On Time,28.98
TRIP207183,Clear,Mini Bus,Severe,4.95,6,15,4.15,21,Moderate Delay,38.82
TRIP208529,Rainy,Standard,Moderate,14.84,10,51,2.51,16,Severe Delay,78.43
TRIP200929,Rainy,Standard,Moderate,10.27,7,55,4.41,18,Severe Delay,59.38
TRIP201718,Rainy,Mini Bus,Low,7.24,7,21,5.54,12,On Time,39.19
TRIP202935,Clear,Standard,Moderate,21.26,21,54,12.13,19,Severe Delay,115.69
TRIP202714,Clear,Mini Bus,Moderate,10.07,8,16,1.22,6,Moderate Delay,48.41
TRIP204070,Clear,Standard,Moderate,9.58,10,36,9.10,20,On Time,43.95
TRIP206195,Windy,Standard,Severe,13.38,13,24,2.08,22,Severe Delay,94.12
TRIP205456,Clear,Mini Bus,High,16.92,14,24,18.00,6,Moderate Delay,100.98
TRIP200488,,Standard,Moderate,13.30,18,49,6.05,18,Severe Delay,73.74
TRIP206146,Rainy,Standard,High,16.02,18,52,1.47,21,Severe Delay,111.40
TRIP200591,Clear,Express,Moderate,7.88,11,36,13.90,18,On Time,47.25
TRIP208286,Clear,Standard,Moderate,13.34,14,46,9.38,17,Moderate Delay,62.78
TRIP206760,Clear,Mini Bus,Moderate,13.42,13,19,4.36,10,On Time,68.74
TRIP209507,Clear,Standard,High,9.43,9,50,8.85,21,Moderate Delay,58.73
TRIP209685,Clear,Standard,Low,16.65,19,23,6.47,18,Moderate Delay,76.13
TRIP209282,Foggy,Mini Bus,High,6.26,6,14,7.37,10,Severe Delay,45.45
TRIP206448,,Standard,High,12.84,13,35,5.47,20,On Time,77.45
TRIP204903,Windy,Standard,Moderate,15.64,15,32,6.54,23,Moderate Delay,81.50
TRIP205364,Rainy,Mini Bus,High,9.53,10,11,4.02,20,Severe Delay,60.57
TRIP203354,Rainy,Mini Bus,High,11.84,11,30,15.57,18,Severe Delay,80.49
TRIP204215,Windy,,Moderate,5.18,3,37,3.15,16,On Time,29.60
TRIP201884,Rainy,Standard,Severe,11.08,13,30,5.65,20,Severe Delay,85.44
TRIP203890,Clear,Express,Moderate,10.84,11,15,5.83,23,On Time,37.16
TRIP204960,Clear,Mini Bus,High,13.23,9,28,3.19,18,Severe Delay,87.25
TRIP206125,Clear,Standard,Low,5.93,9,31,9.18,22,On Time,25.16
TRIP201647,Clear,Standard,High,10.33,11,54,0.76,16,Severe Delay,67.26
TRIP209458,Clear,Express,Low,10.41,12,40,2.69,7,Moderate Delay,37.79
TRIP206458,Clear,Standard,Moderate,2.80,3,39,1.52,12,On Time,14.43
TRIP203574,Windy,Standard,Moderate,8.90,6,45,7.31,8,Moderate Delay,40.92
TRIP201208,,Mini Bus,Low,3.68,7,20,7.30,13,On Time,28.16
TRIP205145,Windy,Standard,High,14.58,20,39,2.74,11,Severe Delay,90.94
TRIP209389,Clear,Express,Moderate,14.29,16,42,3.05,9,Severe Delay,60.51
TRIP203911,Rainy,Mini Bus,High,12.12,13,10,4.63,11,Severe Delay,77.93
TRIP205004,Clear,Express,Moderate,10.83,10,43,4.38,20,On Time,34.40
TRIP206843,Rainy,Standard,Moderate,22.24,21,37,8.84,22,Moderate Delay,120.09
TRIP204471,Clear,Express,Moderate,6.95,6,10,5.26,20,On Time,22.60
TRIP208878,Windy,Mini Bus,Severe,19.43,20,8,1.76,5,Severe Delay,150.62
TRIP202751,Windy,Standard,High,9.40,17,41,4.03,9,Severe Delay,63.83
TRIP206117,Windy,Mini Bus,Moderate,10.00,10,24,0.20,16,Severe Delay,57.48
TRIP200556,Clear,Standard,Moderate,18.58,22,35,13.83,12,Moderate Delay,97.76
TRIP202825,Rainy,Mini Bus,High,4.09,5,32,9.21,18,Severe Delay,47.54
TRIP204098,Windy,Standard,Low,10.37,13,27,16.05,15,On Time,39.70
TRIP204168,Windy,Mini Bus,Low,21.54,23,35,2.32,18,Severe Delay,111.23
TRIP208377,Clear,Standard,High,10.86,10,50,12.42,9,Severe Delay,61.95
TRIP206098,Rainy,Mini Bus,Moderate,5.41,6,18,2.58,18,Moderate Delay,50.23
TRIP203131,Windy,Standard,High,13.19,13,43,3.93,9,Severe Delay,86.22
TRIP205249,Rainy,Standard,Moderate,8.47,15,34,10.35,20,On Time,49.68
TRIP200800,Windy,Standard,Moderate,6.13,6,49,3.83,5,Moderate Delay,31.61
TRIP208242,Rainy,Standard,High,10.99,10,37,2.89,6,Severe Delay,75.14
TRIP205194,Clear,Standard,Low,11.21,10,34,1.73,8,Moderate Delay,53.69
TRIP207570,Clear,Standard,High,4.08,3,40,5.89,19,Severe Delay,33.23
TRIP200786,Clear,Express,High,9.59,13,27,8.18,15,On Time,49.99
TRIP202054,Clear,Standard,High,4.34,3,37,8.25,6,On Time,36.03
TRIP204924,Rainy,Standard,Moderate,4.62,3,26,3.99,14,On Time,36.20
TRIP201506,Windy,Mini Bus,Moderate,19.81,21,8,4.56,11,Moderate Delay,111.29
TRIP207138,Clear,Mini Bus,Moderate,17.43,15,47,9.98,16,Severe Delay,86.35
TRIP207304,Clear,Standard,Moderate,16.50,17,32,3.63,21,Moderate Delay,73.91
TRIP201092,Rainy,Express,Low,11.67,12,9,6.87,6,On Time,41.23
TRIP201462,Foggy,Standard,High,13.30,13,42,4.73,10,Severe Delay,88.53
TRIP204204,Rainy,Standard,High,14.88,16,35,9.54,18,Severe Delay,109.34
TRIP207842,Clear,Standard,Moderate,4.22,4,14,10.07,10,On Time,20.04
TRIP206642,Clear,Standard,Moderate,8.99,8,46,5.10,20,Moderate Delay,46.06
TRIP200485,Rainy,Standard,Moderate,3.96,4,45,6.09,6,On Time,34.80
TRIP206577,Clear,Mini Bus,Low,3.69,5,20,5.72,21,On Time,18.40
TRIP206239,Clear,Mini Bus,Moderate,10.70,16,39,8.79,19,Severe Delay,66.75
TRIP204209,Clear,Standard,Moderate,11.60,12,36,2.40,11,On Time,47.94
TRIP205850,Clear,Express,High,18.37,22,24,5.32,20,Severe Delay,99.52
TRIP209271,Clear,Express,High,11.90,11,23,5.10,14,On Time,53.26
TRIP202807,,Standard,Severe,9.61,10,35,,15,Moderate Delay,78.84
TRIP202507,Foggy,Standard,Severe,27.52,31,41,5.69,16,Severe Delay,180.00
TRIP206734,Clear,Mini Bus,Moderate,6.74,4,14,1.68,22,Moderate Delay,33.93
TRIP205678,Windy,Mini Bus,High,16.54,18,,2.61,21,Severe Delay,108.73
TRIP206832,Foggy,Standard,High,6.58,9,37,8.82,5,Moderate Delay,55.01
TRIP204870,Rainy,Standard,High,20.76,22,49,3.84,17,Severe Delay,144.49
TRIP200529,Windy,Standard,Moderate,13.69,11,35,1.13,11,Moderate Delay,68.04
TRIP204987,Windy,Express,High,14.94,12,27,6.22,5,Moderate Delay,75.14
TRIP209552,Rainy,Standard,Moderate,5.64,7,24,6.21,11,On Time,27.02
TRIP201984,Clear,Standard,Moderate,5.06,3,37,9.24,16,On Time,23.39
TRIP200776,Clear,Mini Bus,Severe,31.74,32,14,5.02,20,Severe Delay,180.00
TRIP208227,Rainy,Mini Bus,High,5.61,3,5,2.37,20,Severe Delay,49.93
TRIP207256,Clear,Express,High,10.55,11,15,3.25,12,On Time,44.64
TRIP208686,Clear,Standard,High,8.15,3,26,0.79,5,Moderate Delay,44.46
TRIP209693,Clear,Standard,Moderate,6.73,6,21,7.62,14,On Time,36.41
TRIP206763,Windy,Standard,High,5.35,4,43,11.73,10,On Time,30.05
TRIP204573,Clear,Standard,Low,18.61,22,41,3.65,14,Moderate Delay,81.85
TRIP202644,Clear,Mini Bus,Severe,9.21,10,15,2.82,23,Severe Delay,74.74
TRIP204942,Clear,Standard,High,5.45,4,52,9.17,6,Moderate Delay,29.10
TRIP208672,Windy,Standard,High,5.26,6,48,3.07,19,Moderate Delay,43.55
TRIP204417,Clear,Mini Bus,High,22.51,22,31,6.09,18,Severe Delay,150.76
TRIP207923,Clear,Mini Bus,High,28.48,32,18,14.03,6,Severe Delay,180.00
TRIP202750,Windy,Standard,Moderate,7.93,10,39,7.24,13,On Time,47.13
TRIP206059,Windy,Mini Bus,High,7.47,9,15,4.93,6,Moderate Delay,49.22
TRIP202389,Rainy,Mini Bus,Severe,4.32,6,19,5.54,21,Severe Delay,53.66
TRIP200133,Clear,Standard,Moderate,8.74,10,35,6.93,9,Moderate Delay,45.48
TRIP204055,Rainy,Standard,Severe,18.28,19,62,7.57,18,Severe Delay,163.08
TRIP204936,Windy,Express,High,9.31,8,14,10.54,15,Moderate Delay,46.38
TRIP206009,Rainy,Mini Bus,High,11.94,15,37,11.35,18,Severe Delay,105.41
TRIP201167,Rainy,Mini Bus,High,31.27,32,26,9.02,13,Severe Delay,180.00
TRIP204012,Rainy,Standard,Moderate,14.95,14,25,,6,Moderate Delay,72.85
TRIP209702,Clear,Express,Low,5.97,6,17,5.63,22,On Time,13.24
TRIP205221,Clear,Express,Severe,13.12,8,27,3.63,7,Severe Delay,78.19
TRIP201020,Clear,Mini Bus,Low,7.32,11,15,6.35,21,On Time,32.24
TRIP201318,Clear,Express,Moderate,5.46,11,17,0.37,15,On Time,23.42
TRIP200974,Clear,Mini Bus,Moderate,3.82,5,33,4.45,18,Moderate Delay,31.02
TRIP200890,Clear,Standard,Moderate,4.57,4,40,10.91,20,On Time,28.63
TRIP203100,Windy,Mini Bus,Low,5.83,8,22,2.78,22,On Time,22.78
TRIP200424,Clear,Standard,Severe,7.57,11,36,7.38,23,Moderate Delay,61.68
TRIP207346,Clear,Standard,Severe,4.26,4,22,6.95,19,Moderate Delay,37.20
TRIP205920,Foggy,Standard,Moderate,9.89,10,28,3.48,5,On Time,52.29
TRIP207961,Clear,Standard,Moderate,12.02,10,54,4.43,9,Severe Delay,51.67
TRIP207883,Clear,Express,Low,8.34,9,32,8.92,7,On Time,35.43
TRIP201215,,Standard,Moderate,3.83,4,40,7.85,14,On Time,31.10
TRIP202638,Windy,Mini Bus,High,3.84,6,40,8.83,16,Severe Delay,34.84
TRIP201385,Clear,Express,Moderate,2.69,3,20,6.90,12,On Time,12.00
TRIP203872,Clear,Mini Bus,Low,14.53,15,19,15.94,23,On Time,49.05
TRIP209577,Clear,Standard,High,7.06,5,36,11.75,12,On Time,44.66
TRIP200142,Clear,Standard,Low,7.33,11,38,6.74,11,On Time,34.64
TRIP204928,Clear,Mini Bus,Moderate,12.53,9,30,0.62,16,Severe Delay,61.50
TRIP206096,Clear,Express,High,19.65,17,26,4.51,16,Severe Delay,124.06
TRIP206635,Windy,Standard,Moderate,9.09,8,36,10.35,22,On Time,40.04
TRIP204988,Clear,Standard,Low,9.75,13,45,1.36,19,Severe Delay,49.63
TRIP208107,Clear,Mini Bus,Low,13.92,12,,8.69,9,Moderate Delay,64.18
TRIP206878,Rainy,Mini Bus,Moderate,6.30,7,21,1.52,13,Moderate Delay,41.08
TRIP204596,Clear,Mini Bus,High,8.44,11,8,18.00,11,On Time,43.44
TRIP205099,Clear,Standard,Severe,4.74,3,22,8.85,21,On Time,30.86
TRIP208934,Rainy,Mini Bus,Moderate,6.71,7,16,7.83,21,Moderate Delay,35.68
TRIP203901,Rainy,Standard,Moderate,15.47,19,36,4.90,15,Moderate Delay,86.48
TRIP206422,Rainy,Express,Severe,8.19,9,32,7.06,17,Severe Delay,73.49
TRIP206145,Foggy,Express,High,9.87,12,23,4.95,21,Moderate Delay,49.17
TRIP203813,,Mini Bus,Low,4.30,8,17,3.09,12,On Time,16.31
TRIP205689,Clear,Mini Bus,High,3.18,3,6,10.79,6,On Time,28.71
TRIP206993,Clear,Express,Low,4.85,10,37,6.93,16,On Time,17.46
TRIP209152,Clear,Standard,Low,15.80,15,16,2.76,20,On Time,66.89
TRIP205344,Clear,Express,High,7.08,11,14,2.61,21,Moderate Delay,40.23
TRIP208032,Clear,Express,Severe,10.26,11,16,1.84,13,Severe Delay,63.16
TRIP200495,Clear,Express,Moderate,4.22,4,41,13.19,19,Moderate Delay,19.07
TRIP206899,Clear,Standard,Moderate,12.86,14,,5.74,8,Moderate Delay,63.61
TRIP208767,Clear,Mini Bus,Low,5.62,4,25,4.03,17,On Time,40.86
TRIP203027,Rainy,Standard,Low,10.24,11,39,7.20,6,Moderate Delay,50.34
TRIP200794,Clear,Mini Bus,Low,8.63,10,21,5.03,20,On Time,37.33
TRIP205084,Clear,Standard,Low,11.63,12,27,7.95,11,On Time,44.14
TRIP202847,Rainy,Standard,High,7.75,8,37,2.64,9,Severe Delay,61.13
TRIP209794,Clear,Mini Bus,High,23.54,29,19,7.32,8,Severe Delay,161.17
TRIP205275,Clear,Standard,Moderate,17.61,18,51,8.28,20,Severe Delay,88.12
TRIP207964,Clear,Standard,High,11.81,12,26,0.54,10,Moderate Delay,70.10
TRIP208586,Clear,Mini Bus,Moderate,7.70,6,22,12.01,12,On Time,29.45
TRIP208444,Clear,Standard,Moderate,6.14,9,37,1.15,7,Severe Delay,40.54
TRIP209359,Windy,Standard,Moderate,8.80,10,35,6.70,5,Moderate Delay,31.07
TRIP200915,Clear,Mini Bus,Moderate,10.65,10,23,2.75,7,Severe Delay,53.08
TRIP202027,Windy,Standard,Moderate,7.47,6,48,7.17,7,Moderate Delay,48.38
TRIP208007,Rainy,Standard,High,12.46,13,17,4.93,15,Severe Delay,84.90
TRIP200886,Clear,Standard,Low,8.65,10,63,12.37,9,Moderate Delay,33.01
TRIP208532,Clear,Standard,High,14.17,13,33,5.52,13,Moderate Delay,75.38
TRIP209654,Clear,Mini Bus,High,11.32,11,11,10.23,6,On Time,63.33
TRIP207658,Windy,Standard,High,7.43,5,28,3.91,21,Moderate Delay,45.66
TRIP206303,Clear,Express,High,10.72,11,41,2.39,17,Severe Delay,46.19
TRIP205761,Clear,Standard,Moderate,23.96,25,33,11.74,5,Severe Delay,134.84
TRIP208341,Windy,Standard,Moderate,10.24,13,30,9.58,7,Moderate Delay,56.54
TRIP201658,Clear,Standard,High,2.86,5,51,1.37,7,Severe Delay,23.28
TRIP207908,,Mini Bus,High,8.42,5,22,4.32,14,Moderate Delay,45.06
TRIP202927,Clear,Standard,Moderate,8.70,9,47,18.00,9,On Time,42.68
TRIP200679,Rainy,Standard,Low,2.75,3,52,1.93,19,Moderate Delay,27.06
TRIP202069,Clear,Standard,Moderate,19.12,18,47,4.71,16,Severe Delay,106.36
TRIP202391,Clear,Standard,Moderate,15.10,15,44,2.01,7,Severe Delay,75.41
TRIP206694,Rainy,Standard,High,3.62,3,53,6.67,7,Severe Delay,41.42
TRIP203502,Clear,Mini Bus,Low,17.82,18,15,5.73,20,On Time,79.77
TRIP209556,Clear,Standard,Moderate,2.89,3,40,7.17,19,On Time,21.86
TRIP205171,Clear,Standard,Severe,18.52,23,41,6.92,5,Severe Delay,144.24
TRIP207330,Clear,Standard,High,5.27,5,33,4.30,23,On Time,29.89
TRIP208200,Foggy,Mini Bus,High,12.95,13,14,3.58,23,Severe Delay,86.11
TRIP206008,Windy,Mini Bus,Severe,9.80,9,14,1.65,5,Severe Delay,73.33
TRIP209027,Clear,Mini Bus,Moderate,13.69,14,12,7.88,13,On Time,57.86
TRIP206247,Rainy,Standard,Moderate,3.24,3,33,1.70,18,Severe Delay,31.00
TRIP209474,Clear,Standard,Moderate,11.32,11,59,9.31,21,Moderate Delay,53.47
TRIP207293,Clear,Mini Bus,High,18.47,17,,2.67,20,Severe Delay,111.82
TRIP204831,Windy,Standard,High,13.34,11,49,1.81,21,Severe Delay,81.94
TRIP206415,Rainy,Standard,Low,25.66,31,38,4.17,5,Moderate Delay,139.18
TRIP206858,Windy,Standard,High,9.27,9,44,5.87,14,Moderate Delay,55.61
TRIP202195,Clear,Standard,High,7.80,9,56,1.02,8,Severe Delay,56.31
TRIP203670,Foggy,Mini Bus,Moderate,11.55,14,42,11.75,7,Moderate Delay,75.69
TRIP206222,Clear,Mini Bus,Moderate,11.29,10,8,5.58,22,On Time,57.28
TRIP200341,Clear,Express,Moderate,7.19,7,22,2.36,5,On Time,16.05
TRIP208709,Rainy,Standard,Moderate,18.05,16,38,8.01,20,Moderate Delay,87.12
TRIP208761,Clear,Standard,Severe,15.36,17,35,4.13,11,Moderate Delay,115.62
TRIP202303,Rainy,Express,Moderate,14.72,14,22,0.63,17,Severe Delay,60.81
TRIP200947,Clear,Standard,High,9.04,11,46,4.19,9,Severe Delay,61.33
TRIP206364,Windy,Standard,Low,2.00,4,,,23,On Time,17.41
TRIP209301,Windy,Standard,Low,12.61,11,36,11.07,8,Moderate Delay,63.38
TRIP200968,Rainy,Standard,High,8.64,12,,1.47,17,Severe Delay,79.59
TRIP201187,Rainy,Standard,Moderate,5.97,7,56,3.46,8,Severe Delay,41.13
TRIP206889,Rainy,Standard,Moderate,10.19,10,41,1.93,7,Severe Delay,46.06
TRIP204091,Clear,Express,Severe,5.06,3,24,4.95,20,Moderate Delay,36.41
TRIP207909,Clear,Standard,Severe,18.87,22,44,6.29,7,Severe Delay,148.53
TRIP201112,Rainy,Express,Low,4.68,5,30,11.33,18,On Time,15.70
TRIP205153,Clear,Standard,Severe,8.60,10,55,4.22,16,Severe Delay,64.19
TRIP203237,Clear,Express,Severe,6.90,10,34,9.85,21,On Time,37.89
TRIP202633,Windy,Standard,Severe,9.61,11,23,5.01,14,Severe Delay,66.58
TRIP200414,Rainy,Express,High,4.84,6,36,2.32,22,Severe Delay,36.72
TRIP203975,Windy,Express,Moderate,7.61,9,28,8.41,8,Moderate Delay,28.79
TRIP200307,Rainy,Standard,Low,4.09,3,49,3.02,15,On Time,37.03
TRIP209779,Rainy,Standard,High,5.55,8,35,5.80,7,Severe Delay,51.78
TRIP203411,Foggy,Standard,High,11.10,11,55,8.86,13,Severe Delay,65.86
TRIP204103,Clear,Standard,Low,5.79,13,37,2.11,21,On Time,25.02
TRIP207935,Clear,,Low,6.94,8,33,7.19,17,On Time,24.91
TRIP209286,Clear,Standard,Moderate,15.92,20,23,3.63,5,Moderate Delay,75.18
TRIP205421,Clear,Mini Bus,Low,6.63,5,21,1.17,23,On Time,21.51
TRIP209221,Clear,Standard,High,2.86,3,42,4.22,21,On Time,15.70
TRIP208364,Clear,Standard,Low,5.39,5,57,2.90,16,Moderate Delay,32.48
TRIP201069,Rainy,Standard,Moderate,6.44,6,27,8.89,5,On Time,40.45
TRIP201775,Rainy,Express,Moderate,14.05,16,19,6.77,15,Moderate Delay,55.37
TRIP208496,Clear,Express,High,13.33,15,48,3.34,10,Severe Delay,68.79
TRIP207648,Rainy,Standard,Moderate,9.99,14,34,8.05,5,Moderate Delay,55.65
TRIP208442,Clear,Standard,High,8.49,6,33,9.86,22,On Time,42.97
TRIP206599,Rainy,Standard,Low,4.47,7,20,1.94,22,On Time,29.01
TRIP205417,Clear,Express,Low,10.05,6,29,3.24,10,On Time,19.60
TRIP207354,Clear,Standard,Low,7.48,7,45,6.48,16,On Time,40.33
TRIP207394,Foggy,Express,Moderate,4.63,3,10,0.32,11,On Time,34.58
TRIP207479,Clear,Mini Bus,Moderate,8.61,13,41,7.60,9,Moderate Delay,57.59
TRIP201869,Windy,Mini Bus,High,12.68,12,20,8.62,21,Moderate Delay,65.53
TRIP204679,Clear,Standard,Moderate,8.31,7,48,1.57,9,Severe Delay,40.65
TRIP207430,Clear,Standard,Low,6.05,11,41,2.75,12,On Time,37.93
TRIP200866,Clear,Express,Moderate,14.27,12,15,6.98,23,On Time,55.29
TRIP205906,Clear,Standard,Moderate,4.44,6,65,7.59,16,Moderate Delay,36.58
TRIP202831,Clear,Standard,Moderate,8.65,10,36,8.31,8,On Time,55.74
TRIP206130,Rainy,Standard,Moderate,13.22,14,19,1.38,13,Moderate Delay,69.63
TRIP206561,Rainy,Express,High,18.22,16,30,2.52,8,Severe Delay,118.51
TRIP200613,Rainy,Mini Bus,High,7.90,11,,1.21,6,Severe Delay,60.31
TRIP200772,Windy,Standard,Severe,11.08,12,34,17.89,23,Moderate Delay,88.68
TRIP202948,Windy,Standard,Moderate,8.61,7,55,3.54,16,Severe Delay,48.04
TRIP202743,Windy,Standard,High,13.18,14,37,1.78,13,Severe Delay,79.63
TRIP209595,Clear,Standard,High,5.74,8,41,3.35,14,On Time,25.41
TRIP209448,Clear,Express,High,5.94,8,29,8.40,17,Severe Delay,39.41
TRIP204088,Foggy,Standard,High,5.57,6,26,6.48,23,Moderate Delay,45.35
TRIP204333,Clear,Standard,Severe,4.87,6,41,,16,Moderate Delay,37.68
TRIP206579,Clear,Mini Bus,High,7.86,10,18,4.77,9,Severe Delay,45.91
TRIP201401,Windy,Standard,Severe,9.15,13,29,11.37,21,Moderate Delay,78.65
TRIP207566,Clear,Standard,Moderate,8.36,4,28,11.06,21,On Time,28.83
TRIP203689,Foggy,Standard,High,23.85,23,42,2.00,14,Severe Delay,164.31
TRIP209279,Clear,Mini Bus,Moderate,13.43,15,18,3.99,14,On Time,60.43
TRIP206353,,Standard,Severe,7.17,4,49,4.37,5,Moderate Delay,62.97
TRIP206935,Rainy,Standard,High,9.97,9,33,0.77,18,Severe Delay,77.27
TRIP208805,Clear,Express,Moderate,19.99,21,26,7.86,21,On Time,90.98
TRIP207495,Rainy,Standard,Severe,2.56,5,30,6.50,7,Severe Delay,39.44
TRIP206372,Clear,Standard,Low,13.02,11,23,6.79,10,On Time,57.97
TRIP200818,Clear,Express,Moderate,5.23,6,35,12.63,9,On Time,26.45
TRIP207312,Rainy,Standard,High,17.69,20,24,2.17,20,Severe Delay,112.44
TRIP204668,Clear,Standard,Moderate,6.64,8,38,5.13,14,On Time,30.15
TRIP205115,,Mini Bus,High,9.06,12,21,3.01,8,Moderate Delay,59.92
TRIP209139,Clear,Standard,High,3.37,3,34,12.06,12,On Time,23.93
TRIP201818,Clear,Standard,Moderate,6.81,8,39,0.64,16,Severe Delay,47.85
TRIP206555,Rainy,Standard,Moderate,11.43,10,30,4.39,22,On Time,56.48
TRIP203434,Rainy,Mini Bus,Moderate,19.06,24,8,12.67,14,Moderate Delay,96.84
TRIP209541,Clear,Standard,Moderate,7.73,10,41,6.54,20,On Time,35.80
TRIP203365,Clear,Standard,Moderate,9.43,13,28,1.27,10,On Time,45.31
TRIP205219,Clear,Mini Bus,Moderate,10.41,10,13,1.54,21,On Time,52.04
TRIP206351,Clear,Standard,Moderate,11.00,11,27,5.65,14,On Time,44.80
TRIP203438,Clear,Standard,High,12.91,13,46,4.19,10,Moderate Delay,75.24
TRIP207381,Rainy,,Low,10.51,14,36,4.28,17,Moderate Delay,43.49
TRIP204287,Windy,Standard,Low,16.81,17,37,2.78,8,Severe Delay,83.21
TRIP200281,Foggy,Standard,Low,9.03,6,36,4.30,13,On Time,42.83
TRIP206872,Clear,Mini Bus,Moderate,2.55,3,7,6.41,15,On Time,16.42
TRIP209765,,Mini Bus,High,13.20,14,23,3.57,23,Moderate Delay,88.19
TRIP200419,Rainy,Express,High,14.73,17,17,15.08,6,Severe Delay,92.00
TRIP208094,Clear,Standard,High,8.44,8,25,3.50,20,Moderate Delay,55.85
TRIP200723,Clear,Mini Bus,Severe,12.21,14,16,9.43,19,Severe Delay,99.59
TRIP207831,Windy,Mini Bus,Moderate,14.40,16,27,8.82,12,On Time,68.82
TRIP204404,Windy,Mini Bus,Low,7.22,8,22,11.53,18,Moderate Delay,46.76
TRIP206575,Rainy,Standard,Severe,7.37,12,17,13.14,23,Moderate Delay,67.93
TRIP205470,Foggy,Standard,Moderate,3.78,4,31,4.67,12,On Time,35.80
TRIP200539,Foggy,Standard,High,12.14,10,31,5.74,21,Moderate Delay,69.22
TRIP202465,Clear,Standard,Moderate,18.51,23,45,11.01,8,Severe Delay,104.40
TRIP201232,,Standard,Moderate,30.55,27,15,11.25,14,Moderate Delay,180.00
TRIP208078,Clear,Standard,Moderate,5.51,3,41,9.53,23,On Time,21.47
TRIP201399,Rainy,Standard,Low,14.37,17,39,1.41,5,Severe Delay,64.53
TRIP202873,Windy,Mini Bus,Moderate,6.86,5,9,7.25,6,On Time,38.04
TRIP209531,Clear,Standard,Moderate,13.00,12,24,3.28,20,On Time,61.48
TRIP209385,Rainy,Standard,Low,15.03,15,44,3.80,10,Moderate Delay,65.65
TRIP202878,Clear,Express,Low,10.50,12,21,8.98,10,On Time,30.68
TRIP204097,Clear,Standard,Moderate,10.08,10,52,4.70,7,Severe Delay,47.40
TRIP200806,Windy,Mini Bus,High,6.94,7,19,6.31,21,Moderate Delay,35.59
TRIP206332,Rainy,Express,Moderate,6.92,11,27,4.10,11,On Time,26.68
TRIP201067,Windy,Standard,High,3.18,3,51,2.35,9,Severe Delay,29.02
TRIP201627,Rainy,Standard,High,5.08,3,57,8.85,7,Severe Delay,56.50
TRIP206455,Rainy,Standard,High,3.89,7,43,11.00,19,Severe Delay,49.54
TRIP200440,Clear,Express,Low,7.03,6,33,6.41,5,On Time,16.22
TRIP209592,Windy,Mini Bus,Moderate,8.24,13,3,3.27,6,On Time,29.03
TRIP209523,,Standard,Severe,14.00,11,41,,18,Severe Delay,119.49
TRIP200398,Rainy,Express,Moderate,6.42,11,28,4.29,10,Moderate Delay,35.55
TRIP208815,Clear,Standard,Moderate,15.17,15,46,4.58,9,Severe Delay,70.85
TRIP203603,Clear,Standard,Moderate,9.69,11,39,1.22,5,Moderate Delay,54.95
TRIP205155,Clear,Mini Bus,Severe,6.59,5,28,2.90,10,Moderate Delay,63.17
TRIP202850,Windy,Mini Bus,High,16.21,18,16,17.04,11,Moderate Delay,98.40
TRIP205148,Clear,Standard,High,13.81,15,35,18.00,7,Moderate Delay,79.97
TRIP204899,Clear,Standard,High,6.44,6,39,4.54,19,Severe Delay,43.97
TRIP201569,Clear,Standard,High,18.60,22,31,12.68,13,Moderate Delay,119.39
TRIP203306,Clear,Standard,Moderate,5.08,7,11,6.31,10,On Time,28.02
TRIP207193,Clear,Standard,Moderate,,13,42,3.66,7,Severe Delay,66.77
TRIP208321,Windy,Standard,Severe,8.29,10,38,2.80,19,Severe Delay,70.37
TRIP202864,Rainy,Mini Bus,Low,5.57,4,37,3.15,7,On Time,47.31
TRIP208935,Rainy,Standard,High,10.41,12,30,12.62,20,Severe Delay,69.04
TRIP201883,Rainy,Standard,High,12.89,12,35,2.96,15,Severe Delay,87.85
TRIP202619,Clear,Express,High,15.41,17,32,18.00,14,Moderate Delay,79.40
TRIP204189,Clear,Standard,High,8.46,10,37,8.87,16,Moderate Delay,52.49
TRIP201021,Clear,Standard,Severe,8.50,8,53,9.94,12,Moderate Delay,55.69
TRIP201247,Rainy,Express,Moderate,14.61,16,21,4.42,5,Moderate Delay,61.44
TRIP203462,Clear,Mini Bus,Moderate,6.55,10,30,7.66,19,Moderate Delay,41.74
TRIP208766,Clear,Express,Low,4.78,4,25,2.95,21,On Time,12.00
TRIP203664,Clear,Express,Moderate,10.26,12,52,1.46,17,Severe Delay,38.36
TRIP203219,Foggy,Mini Bus,Low,10.79,7,18,6.78,9,Moderate Delay,48.90
TRIP209200,Clear,Mini Bus,Moderate,8.94,12,39,13.44,8,On Time,41.89
TRIP207782,Clear,Standard,Moderate,11.49,9,19,0.26,21,On Time,49.57
TRIP205498,Clear,Standard,Moderate,18.17,20,29,4.50,10,Moderate Delay,94.08
TRIP209628,Clear,Standard,Low,7.56,8,53,3.01,9,On Time,36.32
TRIP203557,Windy,Standard,Severe,9.92,14,12,6.28,5,Severe Delay,72.87
TRIP209726,Clear,Standard,Moderate,8.06,8,47,1.67,19,Severe Delay,44.53
TRIP206480,Clear,Standard,Moderate,14.39,13,27,9.69,20,On Time,62.44
TRIP208366,Clear,Standard,Moderate,4.60,3,39,2.17,8,Moderate Delay,37.26
TRIP201745,Rainy,Mini Bus,High,13.12,14,25,3.09,14,Severe Delay,98.49
TRIP203977,Clear,Mini Bus,Low,9.90,13,10,8.18,23,On Time,30.69
TRIP208339,Clear,Standard,Severe,5.50,9,19,2.68,14,Moderate Delay,46.06
TRIP206216,,Mini Bus,Moderate,12.64,11,30,5.16,23,Moderate Delay,66.19
TRIP200801,Windy,Mini Bus,Severe,3.03,6,16,1.63,6,Severe Delay,38.58
TRIP205487,Clear,Standard,Severe,7.22,6,30,1.88,10,Moderate Delay,57.25
TRIP202492,Clear,Standard,Low,7.49,4,36,2.98,21,On Time,17.67
TRIP202672,Clear,Standard,Moderate,7.18,5,28,2.17,5,Moderate Delay,30.67
TRIP209714,Foggy,Standard,High,12.31,17,39,15.05,18,Severe Delay,90.92
TRIP203969,Rainy,Mini Bus,Severe,12.17,10,6,7.21,20,Severe Delay,104.44
TRIP200402,Foggy,Standard,Moderate,,9,33,2.84,15,Moderate Delay,36.31
TRIP208097,Clear,Standard,Moderate,11.31,9,39,6.06,8,Severe Delay,63.86
TRIP209161,Clear,Standard,Severe,13.39,16,,4.62,14,Moderate Delay,99.58
TRIP201483,Clear,Standard,High,2.31,3,60,7.87,19,Moderate Delay,19.85
TRIP209614,Rainy,Standard,Low,10.66,15,32,18.00,12,On Time,49.62
TRIP206781,Clear,Mini Bus,Moderate,7.65,11,14,9.63,23,On Time,49.82
TRIP204982,Rainy,Standard,Moderate,21.09,24,37,7.97,13,Severe Delay,119.63
TRIP207205,Windy,Mini Bus,Moderate,16.20,16,4,0.58,22,Severe Delay,80.38
TRIP207886,Clear,Express,Low,9.15,9,23,6.01,20,On Time,25.97
TRIP203546,Clear,Express,Moderate,7.98,6,34,1.38,19,Moderate Delay,32.69
TRIP200392,Windy,Mini Bus,Moderate,9.36,10,26,16.74,13,On Time,39.68
TRIP207509,Clear,Express,Low,10.84,9,26,1.75,21,On Time,26.31
TRIP200768,Windy,Mini Bus,High,8.60,10,39,5.17,11,Moderate Delay,58.47
TRIP203431,Rainy,Standard,Moderate,12.14,10,61,8.81,16,Severe Delay,66.82
TRIP200833,Clear,Standard,Moderate,15.82,17,47,4.56,23,Severe Delay,75.71
TRIP202180,Clear,Mini Bus,Moderate,,32,18,18.00,17,Severe Delay,160.93
TRIP205627,Clear,Express,Moderate,10.98,12,5,4.60,23,On Time,35.16
TRIP200129,Windy,Standard,High,16.33,20,35,3.71,14,Moderate Delay,110.42
TRIP203673,Clear,Express,Low,11.86,13,19,3.36,12,On Time,32.28
TRIP201777,Rainy,Standard,Moderate,18.37,21,46,1.17,17,Severe Delay,104.18
TRIP204106,Rainy,Standard,Low,5.10,3,22,1.88,11,Moderate Delay,21.16
TRIP205476,Windy,Mini Bus,High,6.54,7,9,3.11,13,Moderate Delay,47.72
TRIP201638,Clear,Express,High,5.29,3,24,6.74,17,Moderate Delay,21.18
TRIP202005,Clear,Express,High,15.32,15,40,14.06,7,Moderate Delay,82.38
TRIP208356,Clear,Standard,High,14.72,17,35,13.20,9,Severe Delay,88.63
TRIP204845,Clear,Standard,Low,4.74,4,36,1.91,5,On Time,26.75
TRIP204073,Rainy,Standard,High,,3,58,11.32,23,Severe Delay,38.48
TRIP200671,Clear,Standard,Moderate,8.46,8,38,2.51,18,Moderate Delay,45.66
TRIP201976,Clear,Mini Bus,High,8.65,8,39,1.40,8,Severe Delay,49.13
TRIP205522,Clear,Standard,Moderate,17.13,17,36,1.91,13,Moderate Delay,69.00
TRIP206561,Rainy,Express,High,18.22,16,30,2.52,8,Severe Delay,118.51
TRIP205224,Rainy,,Low,16.49,19,29,2.18,5,Moderate Delay,82.50
TRIP209278,Clear,Express,High,14.46,15,10,8.47,11,On Time,74.89
TRIP201939,Windy,Express,Moderate,10.73,10,21,0.82,13,On Time,32.43
TRIP209755,Clear,Standard,High,7.01,9,56,,17,Severe Delay,40.77
TRIP205011,Foggy,Standard,Moderate,13.04,17,45,5.76,9,Severe Delay,79.18
TRIP204380,Rainy,Mini Bus,Moderate,9.71,11,29,6.35,18,Moderate Delay,50.96
TRIP208125,Rainy,Express,High,15.65,17,42,8.29,7,Severe Delay,102.49
TRIP201184,Rainy,,Moderate,19.15,21,39,9.63,17,Severe Delay,107.98
TRIP202320,Clear,Standard,Moderate,5.15,3,39,9.22,16,Moderate Delay,30.19
TRIP202749,Clear,Express,High,10.97,12,11,3.41,5,On Time,54.61
TRIP203698,Clear,Standard,Moderate,3.19,5,50,3.06,9,Moderate Delay,32.08
TRIP208860,Foggy,Express,High,13.23,15,6,6.80,6,Moderate Delay,75.76
TRIP205726,Rainy,Standard,High,12.33,19,27,5.72,6,Severe Delay,94.17
TRIP200397,Clear,Standard,Moderate,10.13,11,48,14.16,11,Moderate Delay,46.05
TRIP207942,,Mini Bus,Low,21.94,21,16,5.54,11,Moderate Delay,99.61
TRIP205434,Foggy,Standard,Moderate,8.41,7,31,,11,On Time,48.97
TRIP205728,Clear,Mini Bus,Moderate,5.78,5,6,8.34,12,On Time,29.67
TRIP204365,Rainy,Express,Moderate,5.42,10,18,2.17,14,On Time,22.77
TRIP207008,Clear,Express,Moderate,10.72,9,19,3.69,18,On Time,42.75
TRIP204051,Windy,Mini Bus,Low,10.44,9,23,10.58,19,Moderate Delay,52.36
TRIP207629,Rainy,Mini Bus,Moderate,9.96,10,10,3.87,20,Moderate Delay,47.75
TRIP200988,Clear,Standard,Low,14.18,10,38,0.93,12,On Time,64.06
TRIP203175,Rainy,Express,Low,13.28,12,42,17.54,14,On Time,37.87
TRIP205877,Foggy,Standard,Low,13.33,13,51,6.84,19,Severe Delay,64.33
TRIP206898,Rainy,Standard,Moderate,2.73,6,38,7.13,17,Moderate Delay,32.13
TRIP204325,Clear,Standard,Moderate,12.88,16,52,13.89,9,Severe Delay,64.63
TRIP206953,Rainy,Mini Bus,Moderate,17.68,17,10,6.83,13,Moderate Delay,93.01
TRIP202462,Clear,Express,Low,6.07,7,30,7.19,22,On Time,18.05
TRIP200411,Rainy,Mini Bus,High,12.14,17,11,8.54,6,Severe Delay,82.88
TRIP203645,,Express,Low,3.49,6,42,8.05,19,On Time,18.17
TRIP206553,Clear,Mini Bus,High,8.49,9,8,11.36,21,On Time,39.50
TRIP204451,Windy,Express,Moderate,10.93,13,17,12.62,22,On Time,35.48
TRIP207564,Clear,Standard,Moderate,16.99,19,56,3.32,17,Severe Delay,89.70
TRIP202837,Rainy,Standard,Moderate,4.18,6,27,8.52,6,On Time,28.72
TRIP204883,Foggy,Standard,Moderate,6.25,9,29,6.03,16,Severe Delay,51.20
TRIP203699,Clear,Express,Moderate,7.10,6,20,10.39,20,On Time,14.19
TRIP203609,Windy,Mini Bus,Moderate,12.68,14,10,0.73,15,Moderate Delay,66.67
TRIP203122,Clear,Standard,High,4.66,6,,12.66,8,Moderate Delay,33.48
TRIP208839,Foggy,Standard,Moderate,5.91,6,34,1.20,23,Moderate Delay,44.35
TRIP205119,Clear,Standard,High,5.45,6,28,8.15,11,On Time,33.04
TRIP208342,Rainy,Standard,Low,11.52,14,44,8.94,9,Moderate Delay,57.90
TRIP200955,Clear,Standard,Moderate,6.07,3,20,5.45,20,On Time,31.65
TRIP205987,Clear,Standard,Moderate,18.16,19,41,3.77,22,On Time,98.51
TRIP205794,Clear,Standard,Severe,7.28,9,34,6.44,15,Moderate Delay,53.32
TRIP209262,Clear,Standard,Severe,6.45,11,43,8.37,10,Moderate Delay,57.09
TRIP204422,Clear,Standard,Severe,8.44,6,37,7.69,9,Severe Delay,67.54
TRIP206330,Clear,Standard,High,4.50,3,24,5.59,6,On Time,34.00
TRIP203088,Clear,Standard,High,10.27,13,47,3.23,23,Severe Delay,61.54
TRIP205968,Rainy,Mini Bus,Moderate,9.68,9,10,4.97,21,On Time,48.32
TRIP200740,Windy,Express,Moderate,6.27,7,50,2.25,17,Severe Delay,28.37
TRIP205584,Clear,Standard,Moderate,16.84,15,39,6.75,23,On Time,66.23
TRIP206583,Rainy,Express,Low,4.79,8,20,4.97,11,On Time,23.61
TRIP205212,Rainy,Mini Bus,Severe,9.60,11,12,12.40,16,Severe Delay,86.17
TRIP203888,Clear,Standard,High,4.21,8,32,4.66,11,On Time,33.73
TRIP201234,Clear,Mini Bus,Moderate,13.44,16,23,6.02,14,Moderate Delay,67.27
TRIP205298,Clear,Express,Moderate,11.90,13,19,5.99,19,Moderate Delay,57.59
TRIP202277,,Standard,High,8.46,6,32,4.24,13,Moderate Delay,46.01
TRIP204539,Clear,Express,High,9.48,10,15,2.82,22,Moderate Delay,40.22
TRIP203124,Clear,Mini Bus,Severe,12.49,14,19,2.26,14,Severe Delay,94.71
TRIP208418,Windy,Mini Bus,Moderate,8.14,10,3,4.30,14,On Time,39.88
TRIP201876,Clear,Standard,Moderate,5.84,6,37,2.83,19,Moderate Delay,34.62
TRIP201853,Clear,Mini Bus,Low,14.26,14,41,7.16,9,Moderate Delay,62.12
TRIP208914,Clear,Standard,High,6.08,8,31,3.76,23,Moderate Delay,29.82
TRIP206721,Rainy,Standard,Moderate,4.38,5,34,5.13,15,Moderate Delay,22.42
TRIP203298,Clear,Mini Bus,High,7.68,7,22,3.80,15,Moderate Delay,55.34
TRIP201667,,Standard,Low,8.33,9,52,4.08,17,Moderate Delay,49.21
TRIP203576,Clear,Standard,High,19.84,20,36,9.81,15,Severe Delay,123.17
TRIP204833,Clear,Standard,Moderate,6.22,9,28,3.15,10,On Time,36.14
TRIP202290,Clear,Standard,Severe,7.19,7,26,2.79,14,Moderate Delay,51.99
TRIP200516,Clear,,High,6.99,5,21,5.84,17,Moderate Delay,39.04
TRIP201198,Windy,Express,High,11.43,13,30,12.93,17,Moderate Delay,60.64
TRIP208170,Clear,Express,Low,5.47,7,20,0.37,11,On Time,24.92
TRIP205950,Windy,Mini Bus,Moderate,6.44,3,15,4.93,15,On Time,30.43
TRIP202659,Clear,Express,Severe,5.95,4,14,3.74,12,Moderate Delay,33.21
TRIP201504,Clear,Standard,High,5.19,5,50,2.66,17,Severe Delay,36.01
TRIP204177,Rainy,Standard,Low,8.57,11,30,2.33,10,On Time,46.98
TRIP201325,Clear,Standard,High,8.55,10,28,5.46,12,Moderate Delay,54.38
TRIP203857,Clear,Mini Bus,Moderate,11.06,13,20,4.47,12,On Time,54.35
TRIP207847,Rainy,Express,Moderate,10.15,16,20,5.63,20,On Time,40.87
TRIP209188,Clear,Express,Low,7.61,6,38,7.63,15,On Time,14.07
TRIP207953,Clear,Mini Bus,High,12.83,11,9,6.66,20,Moderate Delay,71.67
TRIP201553,Rainy,Standard,Low,13.06,16,34,10.62,7,Moderate Delay,61.19
TRIP204827,Clear,Express,Low,6.25,5,25,1.59,5,On Time,12.00
TRIP207420,Clear,Standard,Moderate,7.42,6,26,4.64,10,On Time,29.76
TRIP205985,Rainy,Standard,Severe,7.66,5,,11.38,19,Severe Delay,70.19
TRIP204213,Windy,Standard,Moderate,7.79,12,19,1.00,6,On Time,49.85
TRIP200213,Windy,Standard,High,16.05,16,63,6.69,16,Severe Delay,104.38
TRIP204187,Foggy,Standard,High,5.99,6,29,2.83,6,Moderate Delay,41.19
TRIP207809,Windy,Express,Moderate,9.81,12,28,4.58,9,On Time,40.99
TRIP204894,Windy,Standard,High,15.73,14,36,18.00,21,Moderate Delay,89.97
TRIP201407,Clear,Express,High,21.78,19,20,0.80,23,Severe Delay,123.00
TRIP200422,Clear,Standard,High,20.40,18,34,2.24,20,Severe Delay,130.03
TRIP204468,Foggy,Express,Moderate,14.69,15,3,18.00,5,On Time,61.02
TRIP205591,Clear,Mini Bus,Severe,4.65,5,19,4.25,21,On Time,29.02
TRIP202043,Foggy,Standard,Moderate,12.01,13,26,4.07,11,On Time,60.51
TRIP209173,Rainy,Standard,Severe,11.63,10,28,1.44,10,Severe Delay,95.07
TRIP207471,Rainy,Express,High,14.15,16,21,7.81,7,Severe Delay,96.86
TRIP201798,Clear,Standard,Low,16.97,16,7,2.08,6,Severe Delay,68.87
TRIP202557,Clear,Standard,Moderate,18.06,16,21,12.89,6,Moderate Delay,82.30
TRIP208639,Clear,Standard,Severe,8.80,13,24,,13,Moderate Delay,65.76
TRIP201517,Foggy,Mini Bus,Moderate,13.60,12,12,0.82,15,Moderate Delay,69.04
TRIP207307,Foggy,Mini Bus,Moderate,3.59,6,15,7.36,18,Moderate Delay,39.23
TRIP209364,Clear,Standard,Moderate,5.97,12,60,4.18,17,Severe Delay,45.03
TRIP207545,Rainy,Standard,High,6.60,5,45,11.67,8,Severe Delay,51.56
TRIP200023,Clear,Mini Bus,High,7.94,7,26,3.00,21,Moderate Delay,52.77
TRIP209183,Clear,Standard,Moderate,7.37,9,34,7.88,14,On Time,31.42
TRIP203181,Clear,Standard,Moderate,6.57,6,39,2.88,19,Severe Delay,37.05
TRIP201564,Clear,Standard,Moderate,19.96,22,43,4.42,15,Moderate Delay,107.15
TRIP206708,Foggy,Express,Moderate,11.25,10,17,1.46,17,Severe Delay,48.05
TRIP203238,Rainy,Standard,Moderate,19.84,17,44,2.62,21,Severe Delay,107.03
TRIP202065,Clear,Mini Bus,High,8.88,10,15,8.75,9,Moderate Delay,57.18
TRIP207907,Clear,Mini Bus,Moderate,18.05,21,16,2.69,11,Moderate Delay,93.12
TRIP204041,Clear,Mini Bus,Low,10.60,8,12,5.63,5,On Time,49.75
TRIP207022,Rainy,Mini Bus,Moderate,6.11,5,3,3.31,22,On Time,40.32
TRIP207362,Clear,Standard,Low,23.63,26,31,2.09,10,Moderate Delay,113.79
TRIP208854,Windy,Express,Moderate,6.25,5,34,,18,Moderate Delay,21.50
TRIP202922,Windy,Express,Low,5.22,5,24,4.04,14,On Time,12.00
TRIP203443,Clear,Standard,Severe,14.23,19,24,5.66,20,Moderate Delay,103.80
TRIP207597,Foggy,Standard,Moderate,11.11,10,45,0.29,7,Severe Delay,58.16
TRIP201330,Windy,Standard,Severe,16.74,18,23,5.94,15,Severe Delay,128.13
TRIP205884,Windy,Standard,Moderate,5.46,9,43,11.55,5,On Time,36.16
TRIP206829,Rainy,Standard,High,11.49,10,14,4.81,21,Moderate Delay,85.65
TRIP203381,Windy,Standard,Moderate,8.19,8,30,9.58,11,On Time,40.86
TRIP204723,Clear,Standard,Moderate,13.76,12,57,9.71,20,On Time,60.31
TRIP202889,Foggy,Express,Severe,11.51,16,44,8.59,8,Severe Delay,82.74
TRIP200530,Clear,Standard,Moderate,11.79,11,41,4.66,8,Moderate Delay,60.67
TRIP200400,Clear,Standard,High,11.93,14,36,9.74,8,Severe Delay,74.89
TRIP200790,Foggy,Standard,Moderate,6.29,5,57,4.67,19,Severe Delay,47.65
TRIP209395,Rainy,Standard,Moderate,11.81,11,27,5.85,13,Moderate Delay,62.57
TRIP201664,Windy,Standard,Severe,10.64,12,30,15.34,15,Moderate Delay,73.85
TRIP205838,Rainy,,Low,14.35,15,41,10.50,8,Severe Delay,69.71
TRIP209829,Clear,Standard,Moderate,30.61,33,32,8.65,11,Severe Delay,180.00
TRIP202792,Rainy,Mini Bus,High,12.32,14,29,7.71,10,Severe Delay,82.78
TRIP208452,Clear,Standard,High,3.99,3,29,6.69,11,On Time,23.04
TRIP204267,Clear,Mini Bus,Moderate,7.91,9,18,8.53,6,On Time,32.12
TRIP208510,Clear,Mini Bus,High,14.62,18,11,7.77,17,Severe Delay,85.56
TRIP207091,Windy,Standard,High,,11,45,12.70,18,Severe Delay,64.42
TRIP205405,Rainy,Standard,Low,10.62,11,35,9.03,22,On Time,44.27
TRIP204892,Clear,Standard,Moderate,7.48,6,32,9.23,7,Moderate Delay,31.96
TRIP202318,Rainy,Mini Bus,Low,16.14,18,26,5.22,22,Moderate Delay,78.89
TRIP200117,Foggy,Mini Bus,Severe,8.16,7,3,6.14,10,Severe Delay,65.24
TRIP203813,,Mini Bus,Low,4.30,8,17,3.09,12,On Time,16.31
TRIP203866,Clear,Mini Bus,High,10.68,9,3,1.27,12,Moderate Delay,54.03
TRIP203748,Clear,Standard,High,4.43,3,21,,15,On Time,30.47
TRIP200837,Rainy,Standard,High,6.00,5,60,7.16,16,Severe Delay,54.77
TRIP203519,Rainy,Express,High,5.99,3,29,10.22,8,Severe Delay,44.72
TRIP209819,Windy,Standard,Moderate,7.40,8,41,8.54,23,On Time,36.66
TRIP203393,Clear,Standard,Moderate,12.03,12,43,2.39,17,Moderate Delay,70.78
TRIP203751,Clear,Standard,High,23.94,27,25,,6,Severe Delay,155.99
TRIP208184,Windy,Standard,Low,12.34,10,27,8.58,15,On Time,44.27
TRIP201306,Clear,Standard,Low,2.26,3,28,1.66,10,On Time,12.00
TRIP204262,Clear,Standard,Severe,7.33,10,32,2.32,7,Severe Delay,62.33
TRIP205515,Clear,Mini Bus,Moderate,17.91,16,29,2.62,7,Severe Delay,88.29
TRIP202931,Clear,Standard,High,15.31,19,40,3.62,8,Severe Delay,96.54
TRIP202521,Clear,Mini Bus,Moderate,16.46,16,29,5.35,18,Severe Delay,83.23
TRIP207816,Clear,Standard,Low,13.96,16,51,7.03,21,Moderate Delay,65.22
TRIP208544,Clear,Standard,Severe,22.70,22,24,9.96,12,Severe Delay,175.39
TRIP208669,Windy,Standard,High,5.75,11,26,8.60,10,On Time,39.35
TRIP209802,Clear,Standard,Moderate,5.15,7,,7.30,13,On Time,12.66
TRIP206044,Clear,Standard,Moderate,16.83,17,14,18.00,5,On Time,80.09
TRIP204740,Clear,Standard,Moderate,13.68,12,35,7.85,14,On Time,69.47
TRIP209318,Clear,Mini Bus,Moderate,8.02,11,20,0.62,15,Moderate Delay,34.62
TRIP201912,Clear,Standard,High,7.11,8,23,7.34,22,On Time,31.70
TRIP207424,Rainy,Express,Moderate,22.17,23,24,1.85,8,Severe Delay,125.63
TRIP201616,Rainy,Express,Moderate,32.00,34,22,3.68,9,Severe Delay,180.00
TRIP207558,Foggy,Standard,Moderate,3.65,4,48,7.54,13,Moderate Delay,34.19
TRIP202408,Clear,Mini Bus,High,7.19,13,14,,20,On Time,46.62
TRIP201158,Windy,Mini Bus,Moderate,12.16,12,16,5.08,10,On Time,59.84
TRIP206743,Foggy,Mini Bus,Low,9.23,9,37,4.24,9,Severe Delay,53.27
TRIP207686,Windy,Standard,Moderate,9.51,6,36,5.46,7,Moderate Delay,50.43
TRIP204976,Clear,Mini Bus,Moderate,10.87,12,22,6.26,16,Moderate Delay,61.07
TRIP202000,Clear,Standard,Low,9.27,6,43,3.16,9,On Time,41.66
TRIP200435,Rainy,Mini Bus,Moderate,10.85,11,27,2.43,16,Severe Delay,61.60
TRIP206977,Clear,Standard,Moderate,7.26,6,35,5.70,19,On Time,46.31
TRIP207217,Windy,Express,Moderate,10.33,8,35,7.49,11,On Time,31.87
TRIP205308,Clear,Mini Bus,Low,8.09,8,9,5.27,15,On Time,33.37
TRIP203949,Clear,,High,9.79,14,42,10.43,21,Moderate Delay,60.15
TRIP200962,Windy,Standard,Moderate,19.07,20,40,1.47,10,Severe Delay,108.62
TRIP204166,Clear,Standard,Moderate,14.42,15,51,3.12,17,Severe Delay,81.81
TRIP200112,Rainy,Standard,Severe,13.54,17,30,1.53,13,Severe Delay,114.58
TRIP201002,Clear,Express,High,12.08,17,30,2.73,16,Severe Delay,68.38
TRIP208635,Clear,Standard,Severe,16.24,17,24,8.62,11,Moderate Delay,119.85
TRIP207142,Clear,Standard,Moderate,3.91,7,32,4.15,23,Moderate Delay,21.31
TRIP205077,Clear,Express,Moderate,4.50,3,22,5.24,10,On Time,17.29
TRIP202497,Rainy,Standard,Moderate,16.29,19,58,5.59,9,Severe Delay,93.28
TRIP206854,Windy,Standard,Low,3.11,4,36,7.31,23,On Time,18.99
TRIP208014,Clear,Express,High,9.99,12,30,4.50,21,Moderate Delay,45.94
TRIP201635,Rainy,Standard,High,13.36,16,26,6.16,5,Severe Delay,93.37
TRIP204415,Clear,Standard,High,13.44,15,12,18.00,12,Moderate Delay,74.66
TRIP204077,Foggy,Standard,Severe,6.34,6,41,8.81,9,Severe Delay,61.82
TRIP209202,Rainy,Mini Bus,Severe,13.55,13,15,6.02,11,Severe Delay,113.42
TRIP208293,Foggy,Standard,High,3.30,6,43,6.56,13,Moderate Delay,35.81
TRIP205333,Clear,Express,Moderate,15.53,16,35,4.70,19,Moderate Delay,71.75
TRIP205832,Rainy,Express,Moderate,4.09,5,25,4.44,10,On Time,18.20
TRIP207422,Rainy,Express,High,12.29,14,34,5.17,21,Moderate Delay,70.62
TRIP207751,Clear,Mini Bus,Low,9.35,9,,5.52,19,On Time,46.48
TRIP205313,Foggy,Standard,High,13.87,17,56,6.16,18,Severe Delay,108.14
TRIP209742,Clear,Standard,Moderate,11.98,14,55,,8,Severe Delay,59.13
TRIP208446,Foggy,Mini Bus,Low,11.49,12,10,2.14,9,Severe Delay,59.39
TRIP208984,Rainy,Standard,Moderate,10.81,12,42,7.74,5,Moderate Delay,45.47
TRIP203934,Windy,Standard,Severe,4.61,5,38,0.89,11,Severe Delay,43.33
TRIP208677,Clear,Standard,High,6.69,6,32,1.68,22,On Time,31.20
TRIP202783,Rainy,Express,Low,2.54,3,40,0.87,16,Moderate Delay,16.32
TRIP208920,Rainy,Standard,Moderate,12.71,17,37,9.89,23,Moderate Delay,65.16
TRIP207018,Windy,Express,High,,14,43,3.66,17,Moderate Delay,72.58
TRIP206751,Clear,Mini Bus,Severe,7.88,9,3,,11,Moderate Delay,56.48
TRIP201966,Windy,Mini Bus,Moderate,10.32,6,14,8.36,12,On Time,40.81
TRIP203635,Clear,Mini Bus,Moderate,11.19,10,7,9.08,22,On Time,46.81
TRIP209664,Foggy,Express,Low,4.80,5,31,2.94,15,On Time,26.38
TRIP208683,Windy,Express,Severe,8.79,8,36,3.38,9,Severe Delay,54.48
TRIP200011,Rainy,Standard,Low,5.19,4,21,4.21,10,On Time,21.13
TRIP207180,Windy,Standard,Moderate,10.19,11,27,4.21,23,Moderate Delay,50.06
TRIP200731,Clear,Standard,High,10.16,9,36,7.02,5,On Time,65.13
TRIP206491,Clear,,High,7.98,9,30,11.39,5,On Time,43.65
TRIP201116,Clear,Standard,Severe,12.54,12,39,1.74,11,Moderate Delay,85.74
TRIP206971,Rainy,Standard,Moderate,12.12,10,45,5.02,20,On Time,56.21
TRIP206918,Clear,Mini Bus,Moderate,7.87,12,35,9.16,17,On Time,52.35
TRIP208806,Rainy,Mini Bus,Low,6.53,9,13,10.72,17,On Time,30.35
TRIP206206,Clear,Mini Bus,High,11.87,11,9,9.15,15,Moderate Delay,75.07
TRIP208863,Rainy,Express,High,7.53,8,34,10.33,9,Severe Delay,54.93
TRIP200181,Foggy,Mini Bus,High,4.87,8,9,9.19,16,Severe Delay,49.46
TRIP207877,Clear,Mini Bus,Low,8.01,9,19,3.77,5,On Time,41.90
TRIP206376,Clear,Standard,Low,15.99,19,33,7.76,6,On Time,61.28
TRIP202278,Rainy,Standard,Moderate,6.85,9,37,6.16,23,Moderate Delay,38.07
TRIP206196,Rainy,,Moderate,5.89,11,28,5.16,15,Moderate Delay,36.59
TRIP208868,Foggy,Mini Bus,Low,5.06,3,17,6.78,21,On Time,37.47
TRIP206309,Clear,Mini Bus,Severe,9.32,7,29,4.03,8,Severe Delay,77.59
TRIP202157,Clear,Standard,Moderate,13.67,15,57,5.20,19,Severe Delay,83.69
TRIP201217,Clear,Express,Severe,3.11,5,24,6.79,5,On Time,20.50
TRIP202341,Clear,Express,Moderate,4.38,3,24,17.75,9,On Time,12.00
TRIP205293,Clear,Mini Bus,High,9.74,6,29,2.43,21,Severe Delay,54.24
TRIP208825,Clear,Standard,High,9.98,8,39,6.28,5,On Time,58.43
TRIP206981,Clear,Express,Moderate,10.14,12,24,1.06,5,On Time,35.49
TRIP209510,Clear,Mini Bus,Low,10.71,10,17,3.66,22,On Time,38.41
TRIP201609,Rainy,Standard,Low,12.59,8,15,3.41,23,On Time,54.78
TRIP209473,Windy,Standard,Moderate,5.00,6,40,14.17,11,Moderate Delay,29.10
TRIP209023,Clear,Standard,Moderate,14.20,13,25,8.94,21,Moderate Delay,63.26
TRIP208186,Rainy,Standard,High,12.03,12,22,3.64,23,Severe Delay,70.38
TRIP202685,Windy,Express,High,5.14,3,23,14.68,15,Moderate Delay,16.70
TRIP200399,Clear,Express,Low,5.07,10,40,1.28,19,Moderate Delay,20.19
TRIP207416,Clear,Standard,High,11.76,14,26,6.65,5,On Time,69.88
TRIP202265,Rainy,Standard,Moderate,3.95,7,38,12.75,23,On Time,33.87
TRIP202311,Clear,Express,High,10.22,8,31,6.81,22,On Time,43.88
TRIP202139,Windy,Mini Bus,High,11.53,11,25,4.86,14,Moderate Delay,65.89
TRIP205391,Clear,Standard,High,10.05,8,30,1.68,7,Severe Delay,64.14
TRIP202909,Clear,Standard,High,4.38,7,50,0.67,15,Moderate Delay,21.05
TRIP201961,,Standard,Severe,8.92,8,28,5.31,6,On Time,66.75
TRIP208088,Clear,Standard,Low,12.76,12,31,7.24,15,On Time,57.36
TRIP209609,Rainy,Express,Low,5.13,3,24,6.58,16,On Time,19.63
TRIP206224,Clear,Standard,Moderate,19.53,19,19,9.39,13,Moderate Delay,84.47
TRIP205622,Clear,Mini Bus,High,16.84,15,38,7.73,20,Moderate Delay,105.51
TRIP203403,Rainy,Standard,Low,16.41,16,24,8.81,20,Moderate Delay,71.53
TRIP208458,Clear,Mini Bus,High,8.03,11,30,15.17,23,Moderate Delay,38.01
TRIP206435,Clear,Mini Bus,Low,17.00,16,15,0.80,6,Moderate Delay,77.28
TRIP203070,Clear,Standard,High,16.34,18,38,1.31,10,Severe Delay,101.21
TRIP202818,Clear,Standard,High,,7,33,0.39,20,Moderate Delay,44.80
TRIP200748,Clear,Mini Bus,Low,9.65,7,4,2.36,21,On Time,43.07
TRIP202442,Foggy,Standard,High,2.04,4,53,2.92,9,Severe Delay,47.26
TRIP208289,Rainy,Standard,Moderate,17.97,17,31,6.69,11,Moderate Delay,84.64
TRIP200475,Windy,Standard,High,8.61,14,21,2.45,14,Severe Delay,50.06
TRIP207519,Clear,Standard,Moderate,24.73,25,31,2.78,7,Severe Delay,141.33
TRIP209571,Clear,Standard,Moderate,11.94,11,53,9.64,16,Moderate Delay,56.54
TRIP205132,Clear,Mini Bus,Low,6.79,3,17,3.34,14,On Time,28.01
TRIP206134,Windy,Express,Moderate,10.35,13,21,1.04,11,On Time,43.67
TRIP204448,Clear,Standard,Moderate,6.62,4,40,13.59,14,On Time,37.33
TRIP209053,Windy,Mini Bus,Low,6.10,8,10,13.33,12,On Time,37.04
TRIP206257,Rainy,Standard,High,8.75,10,31,3.15,17,Severe Delay,67.00
TRIP204963,Foggy,Standard,Severe,3.76,6,35,2.19,14,Severe Delay,37.37
TRIP209233,Clear,Standard,Severe,5.12,5,34,11.15,23,On Time,48.54
TRIP202177,Clear,Mini Bus,High,5.45,5,24,6.91,15,Moderate Delay,43.80
TRIP206464,Foggy,Express,Moderate,9.77,6,41,9.88,7,On Time,32.01
TRIP207487,Rainy,Standard,Moderate,13.29,18,44,7.22,10,Moderate Delay,73.59
TRIP204824,Rainy,Standard,High,21.14,23,51,5.58,19,Severe Delay,148.32
TRIP206620,Clear,Express,High,16.97,17,18,7.99,23,Moderate Delay,90.52
TRIP204143,Clear,Standard,Moderate,4.39,5,25,6.23,20,On Time,27.47
TRIP204023,Clear,Standard,Moderate,12.96,16,34,5.89,9,Severe Delay,70.37
TRIP203968,Windy,Standard,Moderate,22.89,23,29,4.10,20,Severe Delay,122.19
TRIP201998,Clear,Mini Bus,Moderate,3.24,3,15,5.82,10,On Time,16.41
TRIP205785,Clear,Mini Bus,Moderate,13.53,13,30,4.12,22,On Time,68.14
TRIP200558,Rainy,Mini Bus,High,10.44,11,15,7.80,13,Severe Delay,76.95
TRIP202676,Clear,Mini Bus,High,8.86,10,30,5.33,9,Severe Delay,58.88
TRIP207922,Clear,Express,Severe,26.34,27,32,1.87,13,Severe Delay,180.00
TRIP200000,Clear,Standard,Severe,9.08,8,32,3.08,5,Moderate Delay,69.94
TRIP206509,Clear,Mini Bus,High,10.48,13,13,8.61,14,Moderate Delay,64.37
TRIP200012,Rainy,Standard,Moderate,17.04,19,21,3.60,18,Severe Delay,93.44
TRIP201219,Rainy,Standard,High,14.09,17,36,0.72,13,Severe Delay,99.45
TRIP204261,Clear,Standard,Moderate,6.50,3,29,6.25,20,On Time,34.81
TRIP208778,Rainy,Express,Low,5.25,5,18,2.79,23,On Time,18.55
TRIP208943,Rainy,Standard,High,12.40,12,24,4.69,11,Severe Delay,85.09
TRIP205589,Clear,Express,High,,11,19,2.83,11,On Time,38.36
TRIP201342,Windy,Standard,Low,9.94,8,32,18.00,12,On Time,36.02
TRIP209416,Clear,Standard,Moderate,19.98,23,35,14.60,9,Severe Delay,109.72
TRIP209815,Rainy,Standard,Moderate,10.24,14,35,4.32,17,Severe Delay,60.29
TRIP204835,Rainy,Standard,High,5.48,6,35,4.32,16,Severe Delay,43.70
TRIP204763,Clear,Mini Bus,High,12.72,13,34,13.88,9,Severe Delay,78.60
TRIP206165,Rainy,Standard,High,,8,52,3.84,8,Severe Delay,62.05
TRIP203045,Clear,Express,Severe,7.52,7,36,0.65,12,Moderate Delay,51.97
TRIP209733,Clear,Express,High,11.60,11,5,1.69,20,Moderate Delay,55.52
TRIP207417,Foggy,Mini Bus,High,19.39,25,29,6.05,11,Severe Delay,138.33
TRIP200342,Rainy,Standard,Low,3.37,3,42,6.37,12,On Time,26.89
TRIP209560,Clear,Express,High,8.04,8,32,3.46,5,On Time,40.73
TRIP208699,Rainy,Standard,Severe,3.51,3,40,1.99,16,Severe Delay,53.58
TRIP200035,Clear,Express,Severe,18.72,21,42,1.73,7,Severe Delay,135.54
TRIP206083,Clear,Standard,High,14.41,16,50,11.06,6,Moderate Delay,86.56
TRIP208964,Clear,Express,High,6.73,6,30,1.32,21,Moderate Delay,35.55
TRIP205189,Rainy,Mini Bus,Low,,27,26,1.92,7,Severe Delay,97.43
TRIP207727,Clear,Mini Bus,Low,4.48,7,30,15.24,19,On Time,22.88
TRIP200732,Rainy,Mini Bus,High,4.91,6,27,10.21,19,Severe Delay,39.49
TRIP206092,Rainy,Express,Low,6.19,6,28,12.49,13,On Time,18.77
TRIP203392,Clear,Express,Moderate,7.86,7,12,7.35,6,On Time,28.96
TRIP204304,Rainy,Standard,Moderate,2.00,3,43,7.13,8,Moderate Delay,26.43
TRIP200373,Windy,Standard,Moderate,9.30,11,29,17.54,20,Moderate Delay,41.86
TRIP205243,Windy,Express,Moderate,5.75,3,22,2.57,23,On Time,24.93
TRIP207309,Windy,Standard,Moderate,8.03,4,35,3.44,23,On Time,27.66
TRIP204853,Clear,Standard,Moderate,19.01,20,37,3.49,19,Severe Delay,109.74
TRIP200696,Foggy,Standard,Severe,11.11,9,28,6.65,10,Moderate Delay,78.68
TRIP202116,Foggy,Mini Bus,High,5.83,4,4,1.60,15,Severe Delay,47.56
TRIP206487,Foggy,Standard,Low,9.03,9,22,7.26,16,Moderate Delay,49.87
TRIP201494,Windy,Standard,High,11.11,19,44,3.14,12,Moderate Delay,69.54
TRIP203387,Windy,Standard,High,11.27,11,40,5.51,21,On Time,70.14
TRIP202345,Clear,Express,Moderate,9.32,9,4,4.21,20,On Time,27.64
TRIP202438,Clear,Express,Moderate,19.56,15,9,4.54,12,On Time,83.16
TRIP201258,Foggy,Express,High,15.64,17,26,18.00,5,Severe Delay,86.63
TRIP206699,Rainy,Express,Moderate,16.74,20,47,12.67,16,Severe Delay,83.29
TRIP201455,Windy,Standard,Moderate,11.87,9,49,9.43,16,Moderate Delay,50.38
TRIP203071,Clear,Standard,Severe,5.22,9,30,8.05,20,Moderate Delay,44.82
TRIP200099,Windy,Express,Moderate,10.84,10,33,8.39,14,On Time,36.23
TRIP209783,Clear,Express,High,12.52,13,19,7.99,6,Moderate Delay,69.20
TRIP205186,Rainy,Express,Severe,9.32,10,19,9.05,9,Severe Delay,72.40
TRIP200239,Clear,Express,Severe,5.91,12,18,3.97,8,Moderate Delay,46.42
TRIP202642,Clear,Standard,Low,11.10,12,41,5.73,12,On Time,43.85
TRIP208063,Clear,Express,Moderate,4.96,5,34,8.74,7,On Time,16.18
TRIP200396,Windy,Standard,Low,12.07,16,43,4.06,20,Moderate Delay,59.16
TRIP201954,Clear,Express,High,16.78,17,11,2.45,22,Moderate Delay,80.27
TRIP200082,Rainy,Standard,Severe,10.19,11,45,2.49,7,Severe Delay,90.15
TRIP208917,Clear,Standard,High,9.02,3,35,1.26,13,Moderate Delay,45.23
TRIP206717,Clear,Standard,Severe,3.86,3,45,4.35,16,Severe Delay,35.69
TRIP201814,Clear,Mini Bus,Moderate,14.40,14,19,6.72,16,Moderate Delay,73.26
TRIP201524,Clear,Express,Moderate,5.59,5,39,3.46,18,On Time,25.10
TRIP208241,Clear,Standard,Moderate,17.24,19,33,7.27,6,Moderate Delay,90.88
TRIP206215,Clear,Standard,Moderate,,9,15,4.88,5,Moderate Delay,53.65
TRIP206260,Windy,Standard,Moderate,9.60,10,38,11.25,5,On Time,50.95
TRIP206265,Clear,Standard,Moderate,15.82,20,24,1.81,12,Severe Delay,79.60
TRIP206038,Clear,Standard,Severe,26.42,29,33,2.18,10,Severe Delay,180.00
TRIP206831,,Standard,High,4.84,7,35,11.04,8,Moderate Delay,49.88
TRIP205427,Clear,Standard,Moderate,9.36,9,39,12.01,15,On Time,37.85
TRIP207482,Clear,Standard,High,17.28,18,25,3.94,6,Severe Delay,103.69
TRIP206570,Clear,Standard,Low,11.60,12,19,1.57,21,On Time,54.33
TRIP204682,Clear,Standard,Severe,7.62,9,51,4.08,5,Moderate Delay,58.30
TRIP205372,Rainy,Standard,Severe,7.94,10,36,9.15,13,Severe Delay,73.12
TRIP207898,Clear,Standard,Low,15.73,18,44,6.81,6,On Time,53.55
TRIP202800,Clear,Express,Severe,11.48,14,21,2.23,18,Severe Delay,75.95
TRIP206741,Rainy,Standard,Moderate,8.40,9,38,3.62,23,Moderate Delay,44.58
TRIP207515,Clear,Standard,Moderate,22.70,22,39,4.27,5,Moderate Delay,122.17
TRIP208578,Rainy,Standard,High,2.00,3,35,18.00,18,Severe Delay,36.76
TRIP200078,Clear,Standard,Moderate,4.89,7,36,1.29,16,Moderate Delay,26.29
TRIP209679,Foggy,Standard,Low,6.67,9,9,11.22,14,On Time,23.80
TRIP205455,Clear,Standard,Severe,19.22,24,50,0.95,13,Severe Delay,146.92
TRIP202188,Clear,,High,4.53,3,39,2.29,21,Moderate Delay,30.25
TRIP204107,Clear,Standard,Severe,7.62,5,43,4.92,10,Moderate Delay,58.99
TRIP203970,Windy,Standard,Moderate,9.15,8,43,5.47,17,Severe Delay,50.51
TRIP208468,Clear,Standard,High,23.53,25,24,9.07,15,Severe Delay,155.02
TRIP206804,Clear,Standard,High,7.51,10,32,1.06,17,Severe Delay,60.28
TRIP207604,Clear,Standard,High,,9,15,7.59,23,Moderate Delay,58.87
TRIP207541,Clear,Express,Moderate,8.14,5,23,9.25,22,On Time,28.99
TRIP203556,Rainy,Standard,Severe,6.43,6,51,5.10,16,Severe Delay,56.27
TRIP200815,Clear,Standard,Moderate,27.06,27,45,6.12,18,Severe Delay,161.07
TRIP209309,Clear,Mini Bus,Low,8.99,8,31,2.31,18,Moderate Delay,36.70
TRIP201852,Clear,Standard,Low,12.97,12,39,4.23,15,On Time,48.85
TRIP207759,Windy,Express,Low,5.62,5,39,5.28,19,On Time,29.52
TRIP205788,Clear,Standard,Moderate,6.81,9,45,3.39,15,Moderate Delay,36.63
TRIP202973,Clear,Express,Low,11.38,12,,10.91,20,On Time,36.30
TRIP201054,Windy,Standard,Moderate,18.57,18,39,13.85,19,Moderate Delay,101.49
TRIP202292,Rainy,Mini Bus,Moderate,9.72,10,23,6.08,11,Moderate Delay,51.91
TRIP208741,Rainy,Standard,Severe,5.77,7,37,8.22,22,Moderate Delay,53.83
TRIP205552,Foggy,Mini Bus,High,22.83,28,34,16.19,19,Severe Delay,162.76
TRIP205518,Windy,Express,High,13.86,16,42,2.66,8,Severe Delay,88.33
TRIP205789,Rainy,Standard,Moderate,8.36,7,41,1.30,12,Severe Delay,39.77
TRIP202119,Rainy,Mini Bus,High,7.76,7,40,3.76,7,Severe Delay,67.47
TRIP206773,Clear,Standard,Moderate,13.19,13,48,1.36,7,Severe Delay,83.71
TRIP209594,Clear,Standard,High,8.43,8,46,5.56,17,Severe Delay,57.73
TRIP200592,Rainy,Mini Bus,Severe,8.68,10,16,7.52,17,Severe Delay,85.57
TRIP203659,Clear,Standard,Moderate,12.17,13,32,2.81,10,Moderate Delay,64.22
TRIP200454,Rainy,Express,Severe,12.58,13,36,3.27,14,Severe Delay,90.00
TRIP202943,Rainy,Standard,Low,10.00,10,45,1.67,9,Moderate Delay,54.57
TRIP205777,Rainy,Standard,Moderate,4.68,3,27,1.61,13,Moderate Delay,41.79
TRIP202358,Clear,Standard,Low,6.75,5,34,,7,On Time,31.92
TRIP202051,Foggy,Standard,Severe,8.23,14,21,2.70,6,Severe Delay,81.81
TRIP203592,Windy,Standard,Moderate,17.21,18,,8.40,11,Moderate Delay,89.50
TRIP201567,Windy,Standard,Moderate,13.72,12,21,9.34,14,On Time,62.70
TRIP206131,Clear,Standard,High,9.06,10,20,10.62,20,On Time,48.99
TRIP209298,Rainy,Express,Moderate,10.74,13,11,8.17,11,On Time,37.58
TRIP208334,Foggy,Standard,Severe,6.64,7,47,6.51,17,Severe Delay,59.47
TRIP209484,Windy,Mini Bus,Severe,13.04,14,17,,13,Severe Delay,99.83
TRIP208357,Clear,Mini Bus,Moderate,4.52,3,12,5.03,5,On Time,15.04
TRIP201355,Clear,Mini Bus,Low,5.31,3,24,5.93,11,On Time,21.12
TRIP204321,Clear,Standard,Moderate,4.32,5,46,18.00,5,On Time,18.98
TRIP203527,Clear,Mini Bus,Low,9.56,9,16,2.23,14,On Time,33.41
TRIP209332,Clear,Standard,Low,3.67,7,52,1.13,9,Severe Delay,35.15
TRIP205480,,Standard,High,10.65,10,46,18.00,11,Moderate Delay,74.32
TRIP207451,Rainy,Mini Bus,Moderate,11.88,9,34,5.05,9,Moderate Delay,67.75
TRIP204355,Clear,Standard,Low,3.58,5,31,14.39,21,On Time,21.13
TRIP203662,Clear,Standard,Moderate,8.14,10,17,15.65,10,On Time,33.09
TRIP205507,Clear,Mini Bus,Moderate,4.01,3,17,10.23,22,On Time,17.08
TRIP208851,Rainy,Standard,High,17.91,22,45,8.75,18,Severe Delay,124.93
TRIP200875,Clear,Standard,High,8.41,7,33,11.64,22,Moderate Delay,43.38
TRIP206838,Clear,Standard,Severe,5.28,3,26,2.51,11,Moderate Delay,36.52
TRIP207586,Rainy,Standard,Severe,12.39,13,47,11.24,8,Severe Delay,109.53
TRIP205701,Clear,Standard,Low,8.60,13,19,12.69,11,On Time,34.07
TRIP208039,Clear,Standard,High,4.69,3,27,4.80,21,On Time,24.01
TRIP205617,Clear,Standard,Moderate,9.22,8,29,4.16,14,On Time,37.98
TRIP208960,Windy,Standard,High,7.03,6,52,5.85,19,Severe Delay,45.31
TRIP202522,Clear,Standard,Low,10.62,15,49,8.89,17,Moderate Delay,50.74
TRIP200079,Foggy,Mini Bus,Low,15.95,16,19,4.43,14,Moderate Delay,83.44
TRIP206740,Windy,Express,High,6.75,11,21,3.41,20,Moderate Delay,36.97
TRIP204101,Rainy,Mini Bus,Moderate,2.97,3,16,4.35,14,On Time,21.50
TRIP201842,Windy,Mini Bus,Severe,5.92,5,36,1.68,7,Severe Delay,51.38
TRIP203368,Windy,Standard,Moderate,,16,32,9.10,6,On Time,78.19
TRIP200144,Clear,Standard,Severe,14.72,14,28,10.85,13,On Time,103.51
TRIP209760,Rainy,Standard,Moderate,,33,25,10.21,20,Moderate Delay,180.00
TRIP205297,Clear,Mini Bus,Moderate,9.68,7,3,4.37,13,On Time,37.45
TRIP209493,Rainy,,Moderate,7.53,9,19,7.30,12,On Time,50.96
TRIP205397,Rainy,Standard,Moderate,7.13,6,41,13.23,8,Moderate Delay,46.34
TRIP207404,Rainy,Standard,Severe,11.01,10,43,5.00,11,Severe Delay,88.00
TRIP204382,Clear,Mini Bus,Low,25.67,27,28,3.30,9,Severe Delay,136.23
TRIP200938,Foggy,Standard,Moderate,8.60,12,45,4.40,19,Severe Delay,60.26
TRIP208084,Clear,Standard,Low,6.27,3,30,5.69,22,On Time,15.58
TRIP208454,Rainy,Express,Moderate,5.61,7,3,4.73,5,On Time,28.09
TRIP206753,Rainy,Standard,High,10.78,12,29,,15,Severe Delay,76.04
TRIP208685,Windy,Mini Bus,High,3.11,5,42,7.73,10,Moderate Delay,32.86
TRIP207647,Windy,Standard,Low,26.19,32,32,11.47,11,Severe Delay,128.47
TRIP203990,Rainy,Mini Bus,Moderate,7.78,7,24,1.71,9,Severe Delay,42.16
TRIP205021,Clear,Standard,Moderate,22.90,21,43,12.16,16,Severe Delay,129.00
TRIP202655,Foggy,Express,Moderate,4.49,6,20,4.44,22,On Time,32.38
TRIP202917,Foggy,Standard,Moderate,20.39,21,44,6.00,11,Moderate Delay,108.81
TRIP200408,Clear,Standard,Moderate,20.22,21,37,8.86,20,Moderate Delay,109.87
TRIP204777,Windy,Mini Bus,Moderate,11.05,12,31,5.68,19,Moderate Delay,63.23
TRIP208636,Clear,Express,Moderate,7.56,7,38,,19,On Time,29.17
TRIP209429,Clear,Mini Bus,Moderate,7.48,5,14,7.44,10,On Time,37.27
TRIP202298,Rainy,Mini Bus,High,6.22,5,26,1.78,23,Severe Delay,43.74
TRIP201358,Clear,Express,High,3.26,4,31,13.22,16,Moderate Delay,25.85
TRIP209622,Clear,Express,High,10.49,12,28,8.15,7,Moderate Delay,64.46
TRIP202756,Rainy,Standard,Low,6.07,6,,2.78,6,Moderate Delay,24.31
TRIP203724,Clear,Standard,Severe,8.31,9,29,0.24,6,Moderate Delay,62.29
TRIP206984,Rainy,Mini Bus,Severe,10.61,8,25,1.28,16,Severe Delay,86.16
TRIP205396,Rainy,Mini Bus,Severe,21.07,22,18,,17,Severe Delay,180.00
TRIP207092,Clear,Mini Bus,Moderate,8.48,12,12,7.55,15,On Time,36.58
TRIP205611,Clear,Standard,High,4.86,6,31,9.36,23,On Time,27.77
TRIP206272,Rainy,Standard,Moderate,11.27,12,40,1.62,8,Severe Delay,61.01
TRIP209260,Clear,Mini Bus,High,5.64,7,19,6.91,14,On Time,37.94
TRIP204134,Clear,Standard,Low,14.40,16,41,9.92,10,On Time,52.09
TRIP208564,Windy,Standard,Moderate,19.81,18,32,4.25,16,Severe Delay,102.59
TRIP208478,Clear,Express,Moderate,11.57,14,,5.52,18,Moderate Delay,60.68
TRIP204699,,Mini Bus,Low,5.76,3,6,1.70,5,On Time,37.10
TRIP203487,Clear,Standard,Moderate,6.20,7,29,12.70,20,On Time,22.41
TRIP203749,Clear,Mini Bus,Low,8.33,6,13,3.70,5,On Time,27.15
TRIP202386,Rainy,Mini Bus,Moderate,12.14,13,23,4.91,8,Moderate Delay,67.72
TRIP201360,Clear,Express,Moderate,11.17,10,11,7.09,15,On Time,43.21
TRIP209259,Windy,Standard,Moderate,9.63,12,40,2.56,15,Moderate Delay,51.25
TRIP200803,Clear,Standard,Severe,8.36,7,23,3.84,14,Moderate Delay,66.80
TRIP206206,Clear,Mini Bus,High,11.87,11,9,9.15,15,Moderate Delay,75.07
TRIP203533,Clear,Standard,Moderate,3.02,4,32,8.69,15,On Time,21.53
TRIP200350,Windy,Standard,High,27.73,28,41,10.88,19,Severe Delay,180.00
TRIP201689,Rainy,Standard,Severe,13.18,12,59,7.82,16,Severe Delay,107.43
TRIP200632,Foggy,Standard,Low,6.02,8,36,13.13,13,On Time,29.60
TRIP201886,Windy,Standard,Moderate,14.80,17,31,6.53,20,Moderate Delay,75.80
TRIP203127,Clear,Mini Bus,Severe,4.23,3,12,4.15,6,Moderate Delay,20.58
TRIP204731,Rainy,Standard,High,8.74,8,40,6.53,13,Moderate Delay,61.20
TRIP203984,Rainy,Standard,Moderate,7.60,6,34,15.20,5,Moderate Delay,31.85
TRIP207257,Rainy,Standard,Moderate,7.51,7,37,3.75,23,On Time,36.06
TRIP204930,,Standard,Moderate,17.02,19,39,4.41,14,Moderate Delay,87.69
TRIP208355,Windy,Standard,Low,12.49,12,25,4.61,5,On Time,53.91
TRIP208177,,Standard,High,20.45,17,33,17.90,13,Moderate Delay,120.09
TRIP207853,Rainy,Standard,Moderate,7.51,9,31,7.47,11,On Time,45.37
TRIP209245,Windy,Standard,Moderate,9.19,10,38,11.79,8,Moderate Delay,46.64
TRIP209655,,Mini Bus,Moderate,7.77,12,22,1.29,16,Moderate Delay,44.34
TRIP208476,Rainy,Mini Bus,Moderate,19.96,21,5,10.83,11,Severe Delay,105.61
TRIP209172,Clear,Standard,Low,19.90,22,37,7.67,12,On Time,84.94
TRIP207021,Windy,Standard,Moderate,10.26,10,29,10.24,22,On Time,41.36
TRIP205358,Clear,,Low,9.57,12,15,7.75,18,Moderate Delay,55.15
TRIP208533,Clear,Standard,Moderate,12.08,13,39,2.34,11,Moderate Delay,52.31
TRIP201424,Rainy,Express,Severe,17.17,17,15,4.02,19,Severe Delay,129.58
TRIP204645,Foggy,Mini Bus,Low,3.67,4,27,4.44,8,On Time,29.85
TRIP202249,Rainy,Standard,High,17.24,17,13,2.31,17,Severe Delay,121.36
TRIP207833,Windy,Mini Bus,Moderate,3.10,3,22,5.17,10,On Time,28.44
TRIP208325,Clear,Standard,Moderate,2.66,4,42,1.59,9,Moderate Delay,24.95
TRIP208362,Clear,Standard,Moderate,6.96,8,37,8.91,16,Moderate Delay,48.65
TRIP203770,Rainy,Standard,Moderate,6.54,7,35,5.75,17,Moderate Delay,43.95
TRIP205882,Foggy,Standard,Severe,3.86,4,49,6.60,8,Severe Delay,55.72
TRIP200593,,Mini Bus,Low,3.41,5,21,6.24,21,On Time,22.86
TRIP209129,Clear,Express,Low,12.49,13,30,0.94,20,On Time,43.81
TRIP203137,Rainy,Standard,High,,24,22,4.68,11,Severe Delay,118.50
TRIP203914,Clear,Mini Bus,Severe,,8,22,3.01,7,Severe Delay,58.98
TRIP201033,Clear,Express,Moderate,16.35,16,29,1.29,13,Moderate Delay,71.75
TRIP206489,Clear,Standard,Moderate,7.94,6,38,4.19,8,On Time,32.67
TRIP201186,Rainy,Mini Bus,Low,14.87,19,17,7.62,8,Severe Delay,78.94
TRIP201420,Windy,Standard,High,9.41,13,45,2.28,14,Moderate Delay,57.98
TRIP209217,Clear,Standard,Moderate,,6,32,7.93,21,On Time,28.15
TRIP208262,Clear,Express,Low,13.15,17,22,7.03,21,On Time,38.17
TRIP206384,Clear,Standard,Severe,13.44,12,51,2.35,15,Severe Delay,100.59
TRIP206000,Clear,Standard,Moderate,3.01,3,27,3.01,6,On Time,17.38
TRIP207067,Rainy,Mini Bus,Low,14.28,14,4,6.47,10,On Time,67.29
TRIP201460,Clear,Standard,High,11.29,10,42,3.98,8,Moderate Delay,79.38
TRIP200821,Rainy,Express,High,5.27,3,29,2.00,22,Severe Delay,45.97
TRIP200631,Clear,Express,Moderate,5.45,5,25,11.93,7,On Time,19.05
TRIP208525,Rainy,Standard,High,17.13,17,54,3.79,8,Severe Delay,118.13
TRIP206950,Clear,Standard,Severe,4.91,5,33,18.00,11,On Time,35.88
TRIP203513,Clear,Standard,High,10.92,12,31,10.82,10,Moderate Delay,70.63
TRIP204733,Windy,Standard,Moderate,8.19,5,46,2.82,19,Moderate Delay,44.58
TRIP207725,Clear,Standard,High,8.42,10,47,6.98,9,Severe Delay,59.71
TRIP208641,Rainy,Mini Bus,High,11.53,12,29,4.88,8,Severe Delay,83.97
TRIP206456,Windy,Standard,Moderate,8.84,9,48,9.69,9,Moderate Delay,55.90
TRIP205592,Clear,Standard,High,14.34,13,26,4.74,12,On Time,75.30
TRIP201703,Foggy,Mini Bus,Moderate,27.18,28,28,4.71,5,Severe Delay,166.45
TRIP206120,Windy,Standard,Low,21.13,23,29,,11,Moderate Delay,95.80
TRIP209136,Rainy,Standard,Moderate,11.54,13,40,6.18,15,On Time,65.63
TRIP201220,Clear,Mini Bus,Moderate,13.63,14,36,3.43,18,Moderate Delay,64.08
TRIP202934,Clear,Mini Bus,Moderate,17.25,19,28,5.92,9,Moderate Delay,93.72
TRIP209341,Rainy,Express,Moderate,7.79,7,24,4.21,14,On Time,30.52
TRIP208246,Clear,Mini Bus,Moderate,11.59,16,48,5.05,17,Moderate Delay,65.36
TRIP208083,Clear,Standard,Moderate,3.00,3,53,3.13,8,Severe Delay,24.74
TRIP204258,Rainy,Standard,High,10.41,16,42,4.56,19,Severe Delay,83.27
TRIP207169,Clear,Express,Moderate,8.52,8,25,0.59,17,Severe Delay,35.24
TRIP206302,Clear,Express,High,10.81,11,25,7.41,23,Moderate Delay,41.14
TRIP201833,Rainy,Standard,Severe,6.03,10,57,5.57,16,Severe Delay,52.51
TRIP203265,Clear,,Low,3.92,4,43,8.05,5,On Time,16.44
TRIP206607,Windy,Express,High,7.16,14,29,6.27,5,Moderate Delay,44.23
TRIP200860,Clear,Standard,High,13.47,14,44,5.25,5,Moderate Delay,73.34
TRIP203319,Clear,Standard,Low,4.67,7,50,1.62,17,Moderate Delay,30.82
TRIP205320,Clear,Standard,High,19.62,17,26,2.31,6,Severe Delay,111.52
TRIP205973,Clear,Express,Low,6.25,8,22,5.34,10,On Time,13.43
TRIP200843,Rainy,Mini Bus,High,5.97,8,15,,20,Severe Delay,46.98
TRIP203803,Clear,Standard,Moderate,7.87,9,41,3.22,12,On Time,41.92
TRIP205576,Clear,Mini Bus,High,22.71,26,17,8.06,10,Severe Delay,152.45
TRIP208420,Rainy,Standard,High,6.65,6,28,2.81,6,Severe Delay,53.03
TRIP205965,Clear,Express,High,3.91,10,11,7.95,20,On Time,19.69
TRIP200738,Rainy,Standard,Moderate,3.31,4,49,1.49,15,Moderate Delay,32.13
TRIP201969,Rainy,Standard,High,5.85,4,44,11.41,10,Moderate Delay,49.50
TRIP206229,Clear,Mini Bus,Moderate,8.09,9,5,6.75,5,On Time,45.20
TRIP202953,Rainy,Standard,Moderate,7.39,7,18,2.80,11,On Time,45.30
TRIP204610,Clear,Standard,Severe,10.49,11,17,0.73,14,Moderate Delay,70.78
TRIP201974,Clear,Express,Severe,7.27,6,23,5.41,7,On Time,48.44
TRIP205349,Clear,Mini Bus,Moderate,8.42,11,18,7.40,23,On Time,41.71
TRIP209468,Clear,Mini Bus,High,6.38,8,18,8.56,6,Moderate Delay,38.69
TRIP205758,Windy,Standard,Moderate,3.53,4,47,18.00,10,On Time,27.16
TRIP200436,,Mini Bus,High,2.87,4,32,8.50,9,Severe Delay,34.57
TRIP208010,Clear,Mini Bus,Low,8.34,10,45,3.36,17,Moderate Delay,46.30
TRIP206103,Windy,Standard,Low,12.11,9,25,3.98,10,On Time,49.89
TRIP206608,Clear,Standard,Moderate,4.58,6,33,2.76,9,Moderate Delay,27.37
TRIP206080,Clear,Standard,High,7.14,8,50,6.35,16,Severe Delay,50.08
TRIP200537,Rainy,Mini Bus,Moderate,5.42,7,42,10.16,7,Moderate Delay,42.66
TRIP207792,Rainy,Express,Moderate,11.41,14,32,3.15,7,Moderate Delay,45.62
TRIP202401,Clear,Standard,Low,9.59,14,35,5.43,21,On Time,45.74
TRIP204593,Rainy,Standard,Low,20.82,19,48,2.39,20,Severe Delay,98.85
TRIP200445,Clear,Standard,Moderate,7.42,9,44,2.99,18,Severe Delay,44.08
TRIP204613,Foggy,Express,Low,3.79,5,33,5.42,19,On Time,16.42
TRIP207006,Windy,Express,High,6.61,5,6,6.70,14,On Time,25.62
TRIP206471,Clear,Mini Bus,Moderate,3.76,3,3,6.76,13,On Time,19.72
TRIP207314,Clear,Mini Bus,Low,4.92,3,40,3.56,9,On Time,27.78
TRIP202447,Clear,Standard,Moderate,15.81,20,31,11.45,9,Moderate Delay,77.10
TRIP200596,Rainy,Standard,High,2.15,3,38,10.35,12,On Time,26.36
TRIP209205,Rainy,Standard,High,6.83,10,56,5.49,19,Severe Delay,63.17
TRIP205528,Clear,Standard,Moderate,23.84,30,44,7.00,11,Moderate Delay,133.76
TRIP202100,Clear,Mini Bus,High,11.83,12,4,8.43,6,Moderate Delay,72.56
TRIP203846,Foggy,Standard,High,4.30,3,40,8.23,7,Severe Delay,34.12
TRIP207387,Clear,Standard,Moderate,3.18,6,28,13.49,20,On Time,18.86
TRIP203028,Foggy,Mini Bus,High,10.67,14,19,5.76,14,Severe Delay,84.18
TRIP209064,Clear,Mini Bus,High,5.44,3,17,6.68,10,Moderate Delay,27.83
TRIP207219,Clear,Express,Low,17.76,17,31,6.83,5,On Time,62.57
TRIP203377,,Express,High,5.86,5,25,6.85,20,On Time,25.42
TRIP201959,Clear,Standard,Moderate,7.06,7,29,0.95,21,On Time,36.04
TRIP204004,Foggy,Standard,Low,12.59,9,56,2.13,18,Severe Delay,50.64
TRIP201410,Windy,Standard,Moderate,13.30,15,37,6.83,11,Moderate Delay,67.86
TRIP205340,Clear,Mini Bus,Moderate,2.46,4,14,6.57,17,Moderate Delay,19.08
TRIP204650,Rainy,Mini Bus,High,18.16,18,14,2.97,20,Severe Delay,127.65
TRIP209568,Rainy,Express,Severe,7.97,4,12,7.75,10,Moderate Delay,57.25
TRIP209417,Clear,Express,Moderate,13.30,13,17,3.51,22,On Time,54.08
TRIP202294,Clear,Standard,High,25.27,28,35,5.68,10,Severe Delay,169.03
TRIP206315,Rainy,Standard,Moderate,18.15,19,63,9.00,16,Severe Delay,102.19
TRIP206404,Windy,Mini Bus,Moderate,6.27,8,8,4.16,5,On Time,28.14
TRIP209165,Clear,Mini Bus,Low,10.80,10,28,0.45,21,On Time,44.79
TRIP203504,Clear,Mini Bus,Moderate,17.37,16,8,1.62,5,Severe Delay,84.09
TRIP205082,Clear,Mini Bus,Moderate,6.30,7,20,0.58,12,On Time,39.30
TRIP208551,Clear,Standard,Severe,10.75,9,31,5.46,20,Moderate Delay,72.33
TRIP205554,Clear,Standard,Severe,14.45,16,21,4.05,21,Moderate Delay,109.90
TRIP202034,,Standard,Moderate,15.65,15,48,5.67,15,On Time,79.18
TRIP209475,Clear,Mini Bus,High,18.24,17,18,,20,Severe Delay,110.26
TRIP204082,Clear,Standard,Low,8.03,3,57,7.08,7,Moderate Delay,30.71
TRIP204454,Clear,Mini Bus,Moderate,11.72,11,24,5.34,6,On Time,51.57
TRIP208404,Clear,Standard,Moderate,5.32,6,52,3.86,16,Moderate Delay,25.48
TRIP204406,Rainy,Standard,High,7.44,9,35,2.83,20,Severe Delay,54.51
TRIP203485,Rainy,Standard,Moderate,4.85,3,34,4.74,20,On Time,36.55
TRIP209379,Clear,Mini Bus,Moderate,14.94,15,16,3.54,11,Moderate Delay,68.02
TRIP206156,Clear,Standard,Moderate,10.53,6,28,2.07,5,Moderate Delay,47.65
TRIP200725,Clear,Express,High,13.80,20,14,4.29,13,Moderate Delay,65.71
TRIP202001,Clear,Mini Bus,High,6.69,5,33,5.08,8,Moderate Delay,44.62
TRIP203924,Clear,Standard,High,4.73,4,37,3.13,16,Moderate Delay,31.74
TRIP205931,Rainy,Standard,Moderate,7.56,8,34,8.53,20,On Time,36.68
TRIP206938,Clear,Standard,Moderate,5.58,9,50,6.17,8,Moderate Delay,33.37
TRIP202072,Foggy,Standard,Moderate,12.31,9,21,8.30,15,On Time,55.51
TRIP202064,Rainy,Standard,Moderate,12.78,12,55,7.70,9,Severe Delay,69.00
TRIP204104,Clear,Standard,Low,13.14,13,41,3.25,13,On Time,49.69
TRIP203471,Clear,Standard,High,8.03,3,41,4.00,5,On Time,45.18
TRIP206032,Rainy,Standard,Moderate,5.62,7,42,9.10,19,Moderate Delay,36.29
TRIP207510,Clear,Standard,Severe,7.03,8,34,12.06,21,Moderate Delay,57.03
TRIP200302,Rainy,Standard,High,12.17,13,48,1.52,9,Severe Delay,92.49
TRIP209767,Rainy,Mini Bus,Low,5.57,4,12,13.99,15,On Time,31.08
TRIP202793,Rainy,Express,High,3.82,4,7,2.25,13,Moderate Delay,26.68
TRIP206769,Clear,Standard,High,9.19,10,27,7.32,5,Moderate Delay,47.29
TRIP200536,Rainy,Standard,High,16.92,16,23,2.46,18,Severe Delay,124.84
TRIP206812,Rainy,Standard,High,11.38,12,36,10.97,21,Severe Delay,72.82
TRIP202691,Clear,Standard,High,14.49,12,52,7.98,18,Severe Delay,83.61
TRIP206314,Foggy,Standard,Moderate,7.65,7,35,3.19,8,Severe Delay,35.00
TRIP208832,Clear,Standard,High,7.95,4,24,3.60,12,On Time,42.24
TRIP206861,Clear,Mini Bus,Moderate,12.71,14,34,5.39,18,Moderate Delay,67.52
TRIP207714,Rainy,,Low,,12,17,6.63,22,On Time,40.80
TRIP202845,Windy,Express,High,10.29,12,35,3.60,17,Moderate Delay,56.60
TRIP200831,Foggy,Standard,High,9.55,10,33,3.47,8,Severe Delay,56.85
TRIP202350,Rainy,Express,High,4.54,7,40,6.29,20,Moderate Delay,40.67
TRIP207418,Clear,Mini Bus,High,4.25,5,26,7.15,22,On Time,33.14
TRIP207913,Foggy,Standard,Moderate,7.23,8,55,16.48,7,Moderate Delay,47.98
TRIP201321,Clear,Express,Moderate,13.37,17,12,3.85,14,On Time,47.88
TRIP208848,Clear,Mini Bus,Moderate,8.24,10,27,9.91,18,Moderate Delay,50.87
TRIP209618,Windy,Mini Bus,Moderate,32.00,32,28,13.59,19,Severe Delay,180.00
TRIP205673,Rainy,Standard,High,11.66,12,44,3.33,9,Severe Delay,84.01
TRIP205816,Rainy,Standard,Low,16.97,16,27,3.15,15,Moderate Delay,73.03
TRIP204434,Windy,Mini Bus,High,14.71,15,20,2.80,12,Severe Delay,82.33
TRIP209314,Clear,Mini Bus,High,6.07,8,20,2.78,17,Severe Delay,39.01
TRIP209328,Foggy,Standard,Severe,9.25,11,38,0.57,22,Severe Delay,84.40
TRIP204873,Clear,Express,High,14.61,18,22,0.51,18,Severe Delay,86.52
TRIP201341,Rainy,Express,High,8.35,9,43,4.45,8,Severe Delay,71.24
TRIP208689,Clear,Standard,Severe,4.93,3,39,1.95,8,Severe Delay,48.40
TRIP205235,Clear,Mini Bus,Low,24.82,31,10,7.23,14,Moderate Delay,122.28
TRIP208338,Rainy,Standard,Low,26.75,31,65,5.53,16,Severe Delay,142.66
TRIP205659,Rainy,Standard,Severe,25.36,27,47,3.57,10,Severe Delay,180.00
TRIP208195,Clear,Standard,Low,4.53,3,41,6.36,10,On Time,16.12
TRIP202924,Rainy,Standard,Severe,9.86,12,28,1.68,11,Severe Delay,83.14
TRIP201111,Clear,Standard,High,3.19,3,46,8.39,16,Moderate Delay,22.16
TRIP203891,Clear,Standard,High,8.36,5,14,5.73,21,On Time,38.95
TRIP202236,Windy,Standard,Low,11.78,10,52,1.60,7,Severe Delay,58.96
TRIP206354,,Standard,Low,9.69,9,29,1.41,22,On Time,43.02
TRIP204547,Clear,Standard,Low,12.92,13,48,5.67,7,Moderate Delay,65.53
TRIP206121,Foggy,Express,Severe,4.74,5,18,4.24,22,Moderate Delay,38.17
TRIP207537,Clear,Express,Low,9.63,10,26,18.00,18,On Time,26.58
TRIP208426,Rainy,Standard,Low,7.21,4,33,4.51,11,On Time,41.59
TRIP208323,Clear,Mini Bus,Moderate,,12,21,7.61,12,On Time,43.15
TRIP209007,Clear,,Moderate,16.86,17,8,4.57,10,Moderate Delay,80.55
TRIP207637,Clear,Express,Moderate,14.66,17,25,,17,Moderate Delay,67.78
TRIP203858,Rainy,Express,High,22.72,20,43,1.42,20,Severe Delay,160.40
TRIP203157,Windy,Mini Bus,Moderate,2.55,6,22,3.32,5,Moderate Delay,19.92
TRIP206587,Clear,Express,Severe,3.80,7,46,9.60,8,Severe Delay,24.33
TRIP209696,Clear,Mini Bus,Moderate,2.58,3,34,4.34,19,Moderate Delay,25.22
TRIP200368,Clear,Standard,Moderate,21.58,23,26,6.49,6,Moderate Delay,113.74
TRIP204376,Windy,Express,High,14.85,18,29,10.00,15,Moderate Delay,80.12
TRIP203960,Clear,Standard,High,6.29,5,39,1.96,15,Moderate Delay,56.29
TRIP208029,Clear,,Moderate,3.35,6,28,14.69,20,On Time,29.66
TRIP204678,Windy,Mini Bus,Severe,5.22,13,20,12.19,6,Moderate Delay,45.55
TRIP205479,Clear,Mini Bus,High,15.80,16,46,1.73,16,Severe Delay,102.75
TRIP208434,Clear,Standard,Severe,7.67,9,28,1.88,12,Moderate Delay,52.76
TRIP200308,Clear,Standard,High,4.33,3,60,0.91,17,Severe Delay,28.93
TRIP207342,Rainy,Standard,Low,11.59,11,54,10.29,19,Moderate Delay,56.41
TRIP204494,Clear,Standard,High,12.98,14,51,10.53,17,Severe Delay,80.34
TRIP208563,Clear,Mini Bus,High,7.93,4,18,9.62,20,Moderate Delay,45.11
TRIP204017,Clear,Mini Bus,Low,12.86,13,24,2.01,21,Moderate Delay,49.08
TRIP205519,Clear,Standard,Severe,7.53,6,36,6.60,20,On Time,54.30
TRIP202280,,Standard,High,10.51,12,33,1.24,9,Severe Delay,80.59
TRIP205820,Clear,Mini Bus,Low,8.18,10,21,12.01,19,Moderate Delay,42.78
TRIP207000,Foggy,Mini Bus,Moderate,5.72,9,23,7.62,21,On Time,33.39
TRIP200271,Rainy,Standard,Moderate,11.44,20,41,2.19,23,Moderate Delay,78.30
TRIP207070,Rainy,Express,High,2.70,3,42,2.53,19,Severe Delay,41.20
TRIP204093,Clear,Standard,Moderate,5.48,3,17,0.35,5,On Time,28.32
TRIP205881,Rainy,Express,High,13.10,12,24,1.97,20,Severe Delay,72.59
TRIP208593,,Standard,High,6.52,7,35,3.67,16,Moderate Delay,45.65
TRIP201919,Foggy,Standard,Low,9.02,10,42,8.31,11,On Time,46.18
TRIP200929,Rainy,Standard,Moderate,10.27,7,55,4.41,18,Severe Delay,59.38
TRIP200856,Rainy,Mini Bus,Moderate,3.13,3,24,,14,Moderate Delay,21.93
TRIP200618,Rainy,Standard,Low,7.70,7,36,4.32,8,Moderate Delay,37.67
TRIP208431,Rainy,Express,Low,5.19,3,14,15.14,18,On Time,17.28
TRIP204755,Foggy,Standard,Moderate,12.21,11,42,8.02,16,Moderate Delay,74.25
TRIP200360,Clear,Mini Bus,High,7.42,10,23,8.73,19,Severe Delay,43.49
TRIP201598,Rainy,Mini Bus,Moderate,12.48,12,30,5.65,17,Moderate Delay,72.20
TRIP204457,Clear,Standard,Moderate,14.09,12,34,5.22,10,Moderate Delay,71.71
TRIP206392,Rainy,Express,High,11.89,15,15,3.45,15,Moderate Delay,59.28
TRIP200380,Clear,Standard,High,6.74,7,44,16.45,16,Moderate Delay,44.82
TRIP202004,Clear,Express,High,6.64,8,16,7.35,16,On Time,32.23
TRIP208994,Clear,Express,Moderate,6.54,3,12,4.98,20,On Time,14.43
TRIP201085,Clear,Standard,Low,9.21,4,29,7.04,14,On Time,29.74
TRIP206926,Windy,Standard,Moderate,18.15,19,39,7.61,14,Moderate Delay,88.62
TRIP203334,Rainy,Express,Moderate,17.88,23,18,12.50,17,Moderate Delay,82.20
TRIP209722,Foggy,Standard,Low,6.59,8,34,2.29,15,On Time,32.05
TRIP209115,Clear,Standard,High,18.13,20,41,8.74,7,Severe Delay,127.58
TRIP208772,Clear,Standard,Severe,21.86,25,40,5.67,18,Severe Delay,168.51
TRIP209085,Windy,Standard,Low,12.59,12,21,2.90,13,On Time,47.39
TRIP209234,Clear,Mini Bus,Moderate,3.49,5,3,4.74,18,On Time,24.17
TRIP208370,Clear,,Moderate,5.74,5,47,2.08,20,Moderate Delay,29.84
TRIP203308,Clear,Standard,Low,11.30,11,35,0.82,13,On Time,39.71
TRIP204968,Clear,Standard,High,6.94,10,27,1.36,15,Moderate Delay,42.77
TRIP208396,Rainy,Mini Bus,Low,14.85,14,3,4.03,6,On Time,55.13
TRIP203606,Clear,Standard,Moderate,7.95,6,52,2.02,20,Severe Delay,38.84
TRIP201222,Clear,Mini Bus,Low,19.17,17,10,3.98,23,Moderate Delay,79.37
TRIP208441,Clear,Mini Bus,Moderate,11.18,12,18,6.17,18,Moderate Delay,50.29
TRIP206460,Clear,Standard,Moderate,16.93,16,26,5.63,11,Moderate Delay,84.91
TRIP203682,Clear,Standard,High,3.18,3,48,10.93,17,Moderate Delay,26.36
TRIP201266,Clear,Standard,Moderate,14.21,17,24,3.48,6,Moderate Delay,77.96
TRIP205315,Clear,Mini Bus,Moderate,6.68,7,34,8.46,17,Moderate Delay,39.72
TRIP201134,Clear,,High,12.64,9,21,18.00,19,Moderate Delay,71.03
TRIP200667,Clear,Standard,Low,9.27,8,37,3.60,8,On Time,41.48
TRIP208329,Clear,Standard,Moderate,7.33,8,35,3.22,5,On Time,29.64
TRIP206056,Rainy,Mini Bus,High,11.20,10,12,0.75,23,Severe Delay,68.15
TRIP204689,Rainy,Standard,Severe,5.48,8,47,2.40,8,Severe Delay,72.47
TRIP200115,Clear,Express,Moderate,15.59,18,31,2.99,8,Severe Delay,68.46
TRIP207114,Clear,Standard,High,10.74,12,55,0.20,8,Severe Delay,72.77
TRIP201197,Clear,Express,Moderate,4.54,3,35,10.71,16,On Time,14.96
TRIP201675,Clear,Standard,Moderate,15.72,16,35,6.60,20,Moderate Delay,69.21
TRIP204444,Foggy,Express,High,14.62,15,21,8.66,17,Severe Delay,76.28
TRIP206225,Windy,Standard,Severe,2.77,3,46,2.48,16,Severe Delay,33.01
TRIP204147,Windy,Standard,Low,9.78,12,21,,21,On Time,38.47
TRIP200218,Clear,Mini Bus,Low,5.29,6,38,3.71,7,On Time,31.90
TRIP202627,Clear,Mini Bus,Moderate,3.14,5,11,13.51,15,On Time,13.34
TRIP207610,Clear,Standard,High,4.32,10,50,17.03,19,Severe Delay,36.79
TRIP200089,,,Low,12.13,11,18,5.47,9,Moderate Delay,58.95
TRIP202076,Rainy,Standard,Low,9.86,8,28,3.88,14,On Time,44.73
TRIP205121,Clear,Standard,Low,9.22,9,28,10.18,10,On Time,25.68
TRIP201770,Rainy,Mini Bus,Severe,5.35,9,18,2.95,7,Severe Delay,62.29
TRIP201829,Clear,Express,Low,22.22,22,22,10.98,19,Moderate Delay,84.90
TRIP207977,Rainy,Standard,Low,16.66,20,24,15.44,14,Moderate Delay,75.36
TRIP205812,Rainy,Mini Bus,Moderate,13.08,12,12,4.27,15,Moderate Delay,76.60
TRIP204512,Clear,Standard,Moderate,5.81,5,36,12.56,5,On Time,22.18
TRIP204296,,Standard,Low,11.95,11,40,8.51,19,On Time,45.87
TRIP204031,Rainy,Mini Bus,Low,11.68,13,37,3.04,7,Severe Delay,56.38
TRIP202080,Windy,Mini Bus,Moderate,10.47,11,26,7.82,10,On Time,49.16
TRIP202349,Rainy,Standard,High,18.65,17,40,2.61,11,Severe Delay,117.06
TRIP202369,Clear,Standard,Low,5.81,7,38,10.92,20,On Time,28.71
TRIP206754,Windy,Mini Bus,Moderate,3.48,5,27,2.41,18,Severe Delay,37.75
TRIP205033,Clear,Mini Bus,Severe,5.35,6,21,2.22,7,Severe Delay,50.44
TRIP205493,Clear,Mini Bus,Low,11.16,10,16,8.67,14,On Time,31.63
TRIP204765,Clear,Express,Moderate,3.12,3,23,10.58,11,On Time,12.00
TRIP207145,Clear,Mini Bus,Moderate,4.23,4,29,7.35,18,Moderate Delay,22.56
TRIP202435,Clear,Mini Bus,Moderate,11.27,14,22,4.45,18,Moderate Delay,58.26
TRIP207952,Clear,Standard,Moderate,11.27,14,32,5.28,10,On Time,56.87
TRIP202653,Foggy,Standard,Low,13.81,16,34,1.74,5,Severe Delay,60.50
TRIP204159,Clear,Mini Bus,Severe,9.47,12,36,17.53,8,Severe Delay,76.95
TRIP208129,Rainy,Mini Bus,High,11.55,12,14,1.42,23,Severe Delay,83.45
TRIP200279,Clear,Standard,Moderate,12.13,12,32,0.33,15,Moderate Delay,61.82
TRIP207929,Foggy,Standard,High,7.64,11,50,7.07,16,Severe Delay,60.19
TRIP202866,Clear,Express,Moderate,21.96,25,28,2.00,11,Moderate Delay,92.51
TRIP204538,Clear,Express,Low,6.69,9,23,11.53,18,On Time,21.09
TRIP201998,Clear,Mini Bus,Moderate,3.24,3,15,5.82,10,On Time,16.41
TRIP209791,,Mini Bus,Moderate,4.08,4,12,4.29,12,On Time,25.87
TRIP203182,Windy,Mini Bus,High,3.98,3,3,10.64,21,Moderate Delay,24.99
TRIP206109,Clear,Standard,Moderate,6.63,4,53,2.84,9,Severe Delay,37.85
TRIP208303,Clear,Standard,Moderate,2.87,6,30,2.45,8,Moderate Delay,33.82
TRIP206183,Clear,Mini Bus,High,3.70,4,26,8.95,18,Severe Delay,38.33
TRIP201761,Windy,Standard,Moderate,,15,44,4.50,9,Severe Delay,69.64
TRIP200660,Clear,Standard,Low,3.30,5,45,,7,On Time,28.25
TRIP207862,Rainy,Standard,Severe,21.28,25,26,1.43,14,Severe Delay,180.00
TRIP207970,Clear,Mini Bus,Moderate,6.11,5,45,2.70,8,Severe Delay,40.44
TRIP209110,Rainy,Standard,High,,14,36,13.16,19,Severe Delay,81.55
TRIP206674,Clear,Standard,Moderate,6.43,6,45,5.49,23,On Time,29.26
TRIP204532,Rainy,Standard,Low,15.83,16,26,1.14,23,Severe Delay,63.39
TRIP208298,Clear,Standard,Moderate,6.59,6,19,6.22,13,On Time,21.05
TRIP205229,Clear,Mini Bus,Low,23.11,24,27,8.44,19,Severe Delay,114.20
TRIP209683,Clear,Standard,Low,13.78,13,52,2.82,16,Severe Delay,59.12
TRIP205626,Windy,Express,Moderate,5.78,5,18,5.02,11,On Time,21.16
TRIP207849,Windy,Standard,Low,29.18,29,32,13.03,5,On Time,156.13
TRIP208076,Rainy,Express,Low,7.60,12,,,13,On Time,36.70
TRIP207820,Windy,Mini Bus,Severe,7.35,8,26,0.94,7,Severe Delay,55.37
TRIP200931,Rainy,Standard,Severe,6.62,5,56,3.67,18,Severe Delay,78.78
TRIP208703,Clear,Standard,Low,9.96,12,40,5.85,23,On Time,44.73
TRIP201177,Rainy,Standard,High,10.29,11,33,2.59,14,Severe Delay,70.38
TRIP204377,Clear,Standard,High,3.20,3,50,4.38,16,Severe Delay,29.15
TRIP205883,Rainy,Mini Bus,High,8.19,9,16,1.32,9,Severe Delay,65.66
TRIP201501,Rainy,Mini Bus,Severe,21.18,24,17,3.09,9,Severe Delay,180.00
TRIP202810,Rainy,Mini Bus,Low,9.92,11,16,13.94,22,On Time,41.35
TRIP200791,Foggy,Express,High,7.43,11,27,7.69,8,Severe Delay,42.56
TRIP206519,Clear,Standard,High,9.79,11,31,3.70,14,On Time,55.60
TRIP200542,,Express,Low,11.52,11,29,3.48,6,On Time,34.09
TRIP208526,Clear,Mini Bus,Severe,4.11,3,28,2.65,19,Severe Delay,32.78
TRIP202843,Clear,Standard,Moderate,4.80,3,27,2.97,23,On Time,23.65
TRIP200083,Clear,Express,Moderate,23.80,25,36,7.97,7,Severe Delay,110.25
TRIP203132,Clear,Mini Bus,Severe,5.96,5,14,8.88,20,Severe Delay,34.66
TRIP202416,,Express,High,4.98,5,34,10.75,23,On Time,31.39
TRIP206538,Windy,Standard,Moderate,6.38,3,60,9.15,23,Moderate Delay,28.21
TRIP206172,Clear,Standard,Low,10.46,9,13,1.10,23,On Time,37.55
TRIP203702,Foggy,Standard,Severe,11.15,12,32,8.31,11,Severe Delay,78.59
TRIP205216,Windy,Express,Low,8.65,10,14,4.66,20,On Time,33.31
TRIP205178,Clear,Mini Bus,High,5.67,6,11,7.43,22,On Time,32.35
TRIP208623,Rainy,Standard,Severe,6.89,8,46,4.84,9,Severe Delay,76.69
TRIP208265,Windy,Standard,High,7.36,6,18,4.29,14,On Time,45.22
TRIP209820,Windy,Mini Bus,Moderate,16.57,12,9,2.12,21,Moderate Delay,77.59
TRIP204216,Foggy,Standard,Severe,26.12,29,30,18.00,18,Severe Delay,180.00
TRIP200217,Clear,Mini Bus,High,15.78,18,24,3.12,18,Severe Delay,101.46
TRIP201943,Clear,Standard,Moderate,17.14,19,47,5.99,17,Severe Delay,97.74
TRIP202959,Rainy,,Severe,6.17,8,43,10.93,10,Moderate Delay,59.59
TRIP209561,Clear,Standard,Moderate,27.05,32,38,7.13,16,Severe Delay,171.91
TRIP203057,Clear,Standard,Severe,18.34,20,32,0.98,13,Severe Delay,129.49
TRIP207449,Windy,Mini Bus,Severe,10.47,13,27,0.41,23,Severe Delay,88.18
TRIP207386,Clear,Standard,Moderate,2.30,3,32,3.68,19,On Time,12.89
TRIP207533,Clear,Mini Bus,High,3.68,4,22,1.14,21,Moderate Delay,28.38
TRIP208702,Clear,Standard,Moderate,11.92,14,50,8.06,17,Moderate Delay,63.76
TRIP201451,Clear,Standard,Moderate,13.13,13,49,3.70,18,Severe Delay,69.81
TRIP206478,Windy,Mini Bus,Moderate,21.94,23,36,,11,Moderate Delay,124.65
TRIP206074,Clear,Standard,Low,12.38,14,36,5.43,19,On Time,60.32
TRIP200262,Clear,Express,High,8.38,6,23,7.12,19,Moderate Delay,38.66
TRIP208519,Foggy,Express,High,31.67,34,29,9.00,13,Severe Delay,180.00
TRIP209520,Windy,Standard,Severe,16.60,17,48,18.00,9,Severe Delay,121.33
TRIP209665,Windy,Standard,Severe,5.93,8,53,5.88,19,Severe Delay,60.97
TRIP203536,Rainy,Standard,Moderate,8.91,11,35,1.57,6,Severe Delay,40.67
TRIP205383,Foggy,Mini Bus,High,12.44,15,28,,7,Severe Delay,86.54
TRIP205513,Windy,Standard,Low,5.73,6,21,1.97,15,On Time,26.99
TRIP209276,Foggy,Standard,Moderate,7.79,9,40,5.46,20,On Time,47.94
TRIP208681,Rainy,Standard,Moderate,16.81,16,47,5.78,7,Severe Delay,100.96
TRIP208363,Rainy,Express,Moderate,4.30,7,24,3.16,9,Moderate Delay,32.37
TRIP201973,Clear,Standard,High,10.89,14,21,3.95,5,On Time,57.47
TRIP201535,Rainy,Standard,High,7.40,8,44,9.01,19,Severe Delay,69.86
TRIP203225,Clear,Standard,Low,,8,28,6.74,20,On Time,39.29
TRIP207685,Clear,Standard,Moderate,7.43,5,56,4.94,9,Severe Delay,43.28
TRIP200569,Windy,Express,Severe,5.16,7,25,3.71,10,On Time,24.86
TRIP202491,Clear,Mini Bus,Moderate,6.19,6,16,7.39,6,On Time,38.01
TRIP202938,Clear,Standard,Moderate,12.81,16,32,7.59,15,On Time,53.51
TRIP200192,Clear,Standard,High,11.10,11,37,3.81,15,On Time,56.25
TRIP201471,Foggy,Express,Low,7.09,10,28,5.88,10,On Time,25.08
TRIP206474,Rainy,Standard,Moderate,12.71,13,36,,20,On Time,64.24
TRIP208400,Rainy,Mini Bus,Moderate,20.34,24,13,0.79,13,Severe Delay,126.28
TRIP208956,Clear,Standard,Moderate,5.20,9,31,2.93,22,Moderate Delay,35.16
TRIP209363,Rainy,Express,Low,7.21,6,13,3.21,6,On Time,39.81
TRIP208520,Clear,Mini Bus,High,10.33,13,20,2.53,5,Severe Delay,61.47
TRIP203073,Clear,Standard,Low,14.30,20,30,9.58,19,Moderate Delay,67.75
TRIP203291,Rainy,Mini Bus,Moderate,7.10,10,29,2.29,19,Severe Delay,50.91
TRIP205393,Rainy,Standard,Low,3.01,7,28,2.69,21,Moderate Delay,27.02
TRIP204054,Windy,Mini Bus,Severe,11.08,13,17,2.34,14,Severe Delay,82.73
TRIP203248,Rainy,Standard,Moderate,2.00,5,49,7.71,19,Moderate Delay,41.05
TRIP202748,Clear,Standard,Moderate,7.21,11,46,5.37,9,Severe Delay,40.42
TRIP207207,Rainy,Standard,Moderate,5.03,3,48,3.27,19,Severe Delay,35.46
TRIP208280,Rainy,Standard,Severe,12.37,14,50,2.25,6,Severe Delay,110.82
TRIP203851,Clear,Standard,Severe,3.39,4,37,1.76,8,Severe Delay,26.19
TRIP201935,Rainy,Standard,Low,8.95,9,26,6.33,22,On Time,44.23
TRIP203318,Rainy,Mini Bus,Moderate,7.76,9,33,1.53,18,Severe Delay,57.59
TRIP200016,Windy,Standard,High,6.71,10,32,16.30,10,On Time,50.75
TRIP200505,Windy,Mini Bus,Moderate,6.88,3,19,4.36,23,On Time,44.17
TRIP208884,Rainy,Standard,Moderate,18.58,17,40,9.03,7,Severe Delay,97.52
TRIP208690,Clear,Mini Bus,Severe,5.79,5,35,10.14,19,Severe Delay,45.26
TRIP209246,Clear,Standard,High,12.86,14,20,6.49,14,On Time,75.99
TRIP203654,Windy,Express,Low,7.73,8,22,5.41,10,On Time,21.50
TRIP207121,Rainy,Mini Bus,Moderate,12.04,13,3,6.37,21,Moderate Delay,62.70
TRIP209576,Windy,Mini Bus,Moderate,6.93,8,15,18.00,17,On Time,50.28
TRIP203761,Rainy,Mini Bus,Severe,3.14,3,13,9.44,10,Moderate Delay,41.47
TRIP206217,Clear,Mini Bus,High,9.29,10,13,4.74,10,Moderate Delay,47.06
TRIP203009,Foggy,Express,Moderate,8.10,9,31,5.92,5,On Time,43.65
TRIP203997,Windy,Express,Low,6.48,6,25,7.56,11,On Time,12.00
TRIP208992,Clear,,Moderate,6.39,7,32,3.39,12,On Time,31.24
TRIP205337,Clear,Mini Bus,Low,17.76,11,41,18.00,9,Moderate Delay,71.76
TRIP202128,Clear,Standard,Moderate,7.49,8,40,10.92,23,On Time,35.62
TRIP208475,Rainy,Mini Bus,High,3.36,3,23,2.50,20,Severe Delay,37.12
TRIP202554,Clear,Standard,High,2.60,3,30,6.16,14,On Time,18.19
TRIP200956,Rainy,Standard,Low,13.09,13,34,1.36,11,Moderate Delay,58.78
TRIP200273,Windy,Express,Severe,4.92,6,21,5.27,22,On Time,35.42
TRIP202024,Clear,Standard,Severe,9.02,12,19,6.83,12,On Time,64.63
TRIP203101,Rainy,Mini Bus,Moderate,10.58,11,41,3.63,19,Severe Delay,59.56
TRIP206276,Foggy,Express,Low,15.75,16,,4.26,17,Severe Delay,67.61
TRIP205618,Clear,Mini Bus,Moderate,8.45,7,15,0.63,14,On Time,32.74
TRIP202919,Rainy,Mini Bus,Severe,9.05,8,31,4.66,18,Severe Delay,89.55
TRIP208379,Foggy,Mini Bus,Moderate,4.91,5,28,8.06,18,Moderate Delay,40.39
TRIP207945,Clear,Standard,Moderate,8.85,13,32,3.97,11,On Time,41.57
TRIP205874,Rainy,Mini Bus,High,,11,8,4.62,10,Severe Delay,77.74
TRIP208990,Windy,Standard,Moderate,23.06,26,45,4.04,11,Severe Delay,127.24
TRIP200058,Rainy,Mini Bus,Severe,7.34,11,18,9.86,7,Severe Delay,71.97
TRIP208514,Windy,Standard,High,5.07,9,51,7.35,15,Moderate Delay,38.41
TRIP201056,Clear,Standard,Severe,17.42,18,27,1.75,14,Severe Delay,129.78
TRIP206339,Windy,Standard,High,18.85,18,24,9.20,12,Severe Delay,131.71
TRIP208448,Clear,Express,High,8.18,10,41,0.91,19,Severe Delay,48.81
TRIP206692,Windy,Mini Bus,Severe,4.51,4,27,7.48,13,Severe Delay,49.93
TRIP201844,Clear,Standard,Moderate,7.46,7,59,2.51,8,Severe Delay,43.19
TRIP202448,Rainy,Standard,Low,8.93,10,59,9.81,19,Moderate Delay,53.82
TRIP208892,Clear,Standard,Moderate,17.46,16,51,8.26,18,Severe Delay,86.62
TRIP200755,Clear,Standard,High,6.12,8,48,9.67,18,Severe Delay,43.05
TRIP209042,Clear,Standard,Low,14.60,16,37,8.23,20,On Time,54.56
TRIP205778,Clear,Mini Bus,High,8.87,9,26,6.30,19,Severe Delay,54.75
TRIP203630,Clear,Express,Low,11.32,13,46,9.10,17,Moderate Delay,31.55
TRIP201680,Foggy,Standard,High,11.48,12,40,9.67,15,Severe Delay,76.49
TRIP207402,Clear,,High,11.09,12,39,12.80,20,On Time,59.19
TRIP209761,Clear,Standard,Low,6.84,4,42,4.95,12,On Time,35.00
TRIP209652,Rainy,Mini Bus,Moderate,4.99,6,29,4.49,6,On Time,30.43
TRIP202167,,Standard,High,14.79,17,45,6.63,12,Moderate Delay,74.71
TRIP203060,Foggy,Standard,Moderate,7.51,8,55,14.35,17,Severe Delay,44.72
TRIP207079,Clear,Standard,Low,25.11,27,57,4.21,8,Severe Delay,127.43
TRIP207494,Clear,Mini Bus,Moderate,7.70,6,22,5.63,9,Moderate Delay,41.19
TRIP209835,Foggy,Standard,High,9.29,10,39,3.47,15,Severe Delay,58.67
TRIP208023,Clear,Standard,Severe,,3,44,2.97,23,Severe Delay,32.88
TRIP206327,Clear,Mini Bus,Moderate,7.73,9,8,12.10,21,On Time,35.06
TRIP205536,Clear,Mini Bus,High,16.89,17,11,8.86,14,Moderate Delay,96.98
TRIP204281,Clear,Standard,High,10.33,13,34,1.10,15,On Time,57.40
TRIP201386,Clear,Standard,Moderate,6.04,8,32,4.84,9,Moderate Delay,40.78
TRIP203658,Clear,Standard,Moderate,6.08,8,25,3.67,6,On Time,30.12
TRIP207703,Rainy,Standard,Low,3.33,4,18,2.93,18,Moderate Delay,26.53
TRIP200561,Windy,Standard,High,4.12,5,41,18.00,18,Moderate Delay,32.70
TRIP208240,Windy,Mini Bus,Moderate,2.11,3,21,5.42,18,Moderate Delay,40.64
TRIP206622,Clear,Standard,Severe,9.59,10,33,5.37,16,Severe Delay,83.17
TRIP207313,Clear,Standard,Moderate,7.10,9,46,8.42,7,Moderate Delay,37.09
TRIP200517,Clear,Express,Severe,7.32,8,39,1.17,9,Severe Delay,52.55
TRIP200565,Clear,Mini Bus,High,7.19,8,7,2.60,11,Moderate Delay,39.07
TRIP203916,Windy,Standard,High,9.95,12,29,3.57,20,Moderate Delay,60.05
TRIP201663,Rainy,Standard,Moderate,4.62,4,31,11.48,8,Moderate Delay,33.86
TRIP205587,Clear,Standard,High,13.00,14,32,4.32,23,On Time,79.89
TRIP207749,Clear,Standard,Low,2.18,4,45,6.82,19,On Time,13.59
TRIP203629,Clear,Standard,Moderate,11.35,13,22,6.06,11,Moderate Delay,46.93
TRIP206488,Foggy,Standard,High,2.16,3,29,9.62,21,Moderate Delay,21.77
TRIP209369,Clear,Mini Bus,Moderate,4.47,5,27,3.24,16,Moderate Delay,27.23
TRIP207457,Clear,Standard,Low,4.40,6,39,2.35,13,On Time,24.63
TRIP200809,Windy,Standard,Low,8.02,7,36,5.26,17,Moderate Delay,32.32
TRIP207475,Clear,Express,Low,13.23,11,8,2.85,13,On Time,39.57
TRIP208622,Windy,Mini Bus,Severe,5.17,5,11,4.75,23,Moderate Delay,41.70
TRIP204886,Clear,Mini Bus,High,3.63,6,22,2.02,15,Severe Delay,29.67
TRIP207678,Clear,Standard,High,6.69,6,56,5.31,9,Severe Delay,43.54
TRIP200765,Clear,Express,Moderate,7.95,11,13,6.03,10,On Time,32.62
TRIP201408,Clear,Express,High,4.73,4,24,3.30,20,On Time,29.99
TRIP209519,Clear,Mini Bus,Moderate,7.94,7,13,1.98,14,On Time,36.48
TRIP207796,Clear,Mini Bus,Moderate,7.14,5,12,2.95,11,On Time,30.52
TRIP202661,Windy,Standard,Moderate,9.37,14,31,10.00,14,Moderate Delay,47.86
TRIP202326,Clear,Express,Moderate,6.04,4,34,8.64,11,On Time,18.84
TRIP208624,Clear,Standard,High,4.28,10,57,2.86,11,Moderate Delay,38.87
TRIP204087,Windy,Standard,Low,18.13,20,17,12.42,8,Severe Delay,78.89
TRIP202175,Windy,Standard,High,11.97,12,39,18.00,15,Moderate Delay,73.26
TRIP208123,Clear,Express,Severe,22.18,21,33,3.63,17,Severe Delay,172.55
TRIP209030,Clear,Mini Bus,High,4.94,6,24,11.38,21,Moderate Delay,37.23
TRIP204381,Clear,Express,Low,20.30,21,27,9.53,6,On Time,83.06
TRIP209573,Clear,Standard,Moderate,6.13,4,25,2.59,13,On Time,28.95
TRIP201505,Clear,Standard,Low,11.25,11,58,10.69,18,Moderate Delay,54.82
TRIP201388,Clear,Standard,Moderate,10.10,13,33,18.00,6,On Time,35.68
TRIP209133,Foggy,Standard,Severe,7.07,6,24,4.06,10,Moderate Delay,60.26
TRIP208249,Clear,Standard,High,3.27,4,30,6.06,22,On Time,25.69
TRIP200499,Clear,Mini Bus,Moderate,7.23,8,31,6.03,18,Moderate Delay,39.66
TRIP202940,Clear,Standard,Low,13.71,17,44,2.24,7,Severe Delay,58.16
TRIP204895,Rainy,Standard,Moderate,17.21,20,31,1.94,12,Severe Delay,85.07
TRIP208775,Rainy,Standard,Moderate,6.87,8,57,8.08,17,Moderate Delay,40.97
TRIP208017,Clear,Standard,Moderate,10.24,8,32,2.25,12,Moderate Delay,49.01
TRIP206759,Clear,Mini Bus,Severe,21.47,22,5,1.50,12,Severe Delay,164.10
TRIP206231,Clear,Mini Bus,Moderate,6.29,6,28,5.25,19,Moderate Delay,40.10
TRIP207040,Clear,Standard,Low,8.40,7,27,10.38,9,On Time,32.42
TRIP204303,Rainy,Standard,High,5.50,6,46,17.76,9,Severe Delay,50.38
TRIP202185,Clear,Mini Bus,High,9.89,9,25,7.29,22,Moderate Delay,61.45
TRIP205998,Rainy,Mini Bus,Moderate,2.58,3,8,3.90,16,Moderate Delay,44.34
TRIP200343,Clear,Standard,Severe,8.31,7,36,8.19,22,Moderate Delay,64.57
TRIP209584,Clear,Standard,High,10.46,11,32,0.79,23,Moderate Delay,66.76
TRIP204280,Clear,,Severe,5.94,10,31,7.01,23,Moderate Delay,60.54
TRIP209021,Windy,Standard,High,11.31,10,40,5.75,16,Severe Delay,69.49
TRIP203602,Rainy,Standard,High,9.76,11,19,5.52,11,Severe Delay,67.15
TRIP206660,Clear,Standard,High,3.86,7,19,5.87,18,Moderate Delay,39.75
TRIP208469,Clear,Express,Low,9.58,10,30,13.33,22,On Time,25.81
TRIP207002,Clear,Express,Moderate,7.51,7,25,3.65,13,On Time,24.48
TRIP206995,Clear,Mini Bus,Severe,4.53,4,13,5.11,5,On Time,24.90
TRIP206007,,Standard,Severe,12.82,16,21,7.89,23,Moderate Delay,92.02
TRIP208172,Clear,Mini Bus,Moderate,13.31,17,19,5.29,8,Severe Delay,71.46
TRIP208216,Clear,Standard,Low,8.92,8,55,1.77,7,Severe Delay,38.09
TRIP206189,Rainy,Mini Bus,Moderate,4.33,6,8,6.62,5,Moderate Delay,34.08
TRIP202347,Clear,Standard,High,13.60,19,14,1.07,6,Severe Delay,90.41
TRIP206323,Clear,Standard,Low,8.81,9,21,6.27,15,On Time,26.52
TRIP200858,Clear,Standard,Moderate,,8,47,0.70,9,Severe Delay,44.70
TRIP200265,Rainy,Standard,High,12.04,9,36,6.36,7,Severe Delay,84.22
TRIP203737,Windy,Standard,High,14.25,16,59,3.73,9,Severe Delay,92.96
TRIP204006,Rainy,Express,Moderate,12.38,15,24,13.46,8,Severe Delay,53.43
TRIP207957,Rainy,Mini Bus,Moderate,11.97,9,14,3.35,20,Moderate Delay,57.22
TRIP205426,Windy,Express,Low,20.70,21,24,7.16,6,On Time,82.34
TRIP208409,Windy,Mini Bus,High,15.61,18,10,5.95,11,Severe Delay,87.98
TRIP200967,Rainy,Standard,Low,8.26,7,26,17.33,18,Moderate Delay,34.82
TRIP208634,Clear,Mini Bus,Moderate,,13,16,3.78,11,On Time,66.08
TRIP203109,Clear,Standard,Moderate,14.55,17,40,2.78,19,Severe Delay,85.88
TRIP202415,Windy,Mini Bus,Moderate,14.78,17,6,4.41,10,On Time,70.54
TRIP208281,Clear,Standard,Severe,12.42,13,33,13.61,18,Moderate Delay,89.46
TRIP207368,Clear,Mini Bus,Moderate,7.56,8,13,3.20,22,On Time,43.27
TRIP201447,Windy,Standard,High,24.59,30,49,1.71,18,Severe Delay,171.39
TRIP202142,Clear,Standard,High,7.30,6,41,,14,On Time,40.02
TRIP203194,Clear,Mini Bus,Moderate,8.44,11,20,5.53,6,On Time,41.75
TRIP207132,Clear,Express,Moderate,4.49,6,18,9.41,23,On Time,12.00
TRIP203188,Clear,Mini Bus,Severe,8.34,8,27,12.74,14,Moderate Delay,58.93
TRIP201607,Clear,Mini Bus,Moderate,5.80,5,16,6.11,17,On Time,35.79
TRIP204298,Rainy,,High,19.03,22,11,16.80,22,Severe Delay,113.96
TRIP208504,Clear,Mini Bus,Severe,8.91,8,33,0.65,18,Severe Delay,76.14
TRIP208704,Rainy,Standard,High,2.44,3,35,2.92,22,Moderate Delay,32.89
TRIP206911,Clear,Standard,Low,5.38,4,31,1.83,13,On Time,15.03
TRIP207062,Clear,Mini Bus,Low,4.39,5,11,6.87,23,On Time,19.92
TRIP201000,Rainy,Mini Bus,High,3.99,4,15,7.89,6,Moderate Delay,43.66
TRIP208675,Clear,Standard,Severe,15.01,15,50,1.75,15,Severe Delay,116.94
TRIP201641,Clear,Mini Bus,Low,11.42,13,38,5.82,17,Moderate Delay,46.00
TRIP204246,Clear,Express,High,22.35,23,31,4.78,20,Moderate Delay,136.62
TRIP206358,Clear,Mini Bus,Moderate,6.25,4,9,4.41,21,On Time,37.64
TRIP205750,Clear,Mini Bus,Moderate,10.39,13,29,8.77,12,On Time,59.69
TRIP208494,Rainy,Standard,High,26.53,25,48,15.38,18,Severe Delay,180.00
TRIP203340,Clear,Standard,High,5.68,5,29,2.32,20,On Time,23.70
TRIP201168,Rainy,Express,Low,,9,32,5.90,19,On Time,39.37
TRIP204556,Foggy,Standard,High,6.50,6,45,1.02,15,Severe Delay,47.15
TRIP205566,,Standard,High,13.74,10,44,1.62,6,Moderate Delay,82.03
TRIP209833,Clear,,Low,11.39,9,27,8.36,21,On Time,42.25
TRIP201278,Rainy,Express,Low,8.44,7,24,,16,Moderate Delay,37.08
TRIP202124,Rainy,Standard,Moderate,4.99,9,46,5.75,9,Severe Delay,41.96
TRIP206163,Clear,Standard,Moderate,10.02,9,33,2.53,14,Moderate Delay,53.74
TRIP208168,Rainy,Standard,Moderate,5.05,5,40,7.97,6,On Time,30.05
TRIP208199,Clear,Express,High,8.03,7,9,9.25,12,On Time,23.63
TRIP204832,Windy,Standard,Severe,5.80,7,21,7.90,12,Moderate Delay,52.02
TRIP205991,Rainy,Standard,Moderate,20.00,19,24,1.30,21,Moderate Delay,103.41
TRIP204757,Rainy,Standard,Low,5.09,3,48,2.28,22,Moderate Delay,24.03
TRIP206090,Foggy,Express,Moderate,6.25,6,14,2.57,7,Moderate Delay,39.65
TRIP209526,Clear,Standard,High,11.14,10,26,6.87,18,Moderate Delay,68.04
TRIP203832,Clear,Standard,High,8.04,13,33,6.94,8,Moderate Delay,57.02
TRIP204056,Clear,Standard,High,11.85,13,31,8.37,5,Moderate Delay,67.28
TRIP203241,Windy,Standard,Severe,12.53,15,29,,6,Moderate Delay,83.16
TRIP203108,Clear,Standard,Moderate,7.08,12,19,5.21,13,Moderate Delay,40.04
TRIP207999,Clear,Mini Bus,Severe,13.23,11,4,10.70,20,Severe Delay,94.37
TRIP208438,Clear,Standard,Moderate,5.61,8,28,6.56,11,On Time,38.25
TRIP205095,Clear,Standard,High,12.46,16,33,4.33,23,Moderate Delay,69.21
TRIP206072,Clear,Mini Bus,Moderate,13.35,15,13,3.87,23,On Time,58.27
TRIP208717,Clear,Express,Moderate,9.21,13,41,1.63,16,Moderate Delay,45.94
TRIP205064,Clear,Mini Bus,Moderate,11.22,14,29,11.00,13,On Time,50.79
TRIP202044,Foggy,Mini Bus,Low,7.47,14,19,3.48,13,On Time,32.24
TRIP209455,Clear,Standard,Low,,9,26,1.47,11,Moderate Delay,21.72
TRIP202323,Rainy,Standard,Moderate,11.97,11,40,4.64,17,Severe Delay,66.90
TRIP206662,Clear,Express,High,2.75,7,23,5.78,16,Moderate Delay,12.00
TRIP208164,Clear,Standard,Low,7.73,10,46,8.84,18,Moderate Delay,42.84
TRIP202914,Foggy,Express,High,17.12,21,9,4.33,10,Severe Delay,107.62
TRIP203599,Clear,Mini Bus,Moderate,11.38,14,28,4.38,21,On Time,57.46
TRIP205415,Rainy,Standard,Low,18.14,18,37,1.48,17,Severe Delay,99.74
TRIP201442,Windy,Express,High,13.28,10,9,10.48,5,On Time,70.05
TRIP203930,Clear,Standard,High,6.28,6,16,7.46,22,Moderate Delay,33.72
TRIP204372,,Standard,Low,10.28,12,45,11.75,18,Moderate Delay,41.06
TRIP201797,Rainy,Standard,High,14.15,16,42,4.59,18,Severe Delay,97.95
TRIP205716,Windy,Standard,Moderate,,8,19,3.65,20,On Time,34.56
TRIP208988,Clear,Express,Low,11.82,13,36,14.50,14,On Time,46.79
TRIP204858,Clear,Standard,High,23.64,22,55,2.31,16,Severe Delay,153.22
TRIP200546,Windy,Express,Severe,2.95,7,18,7.19,15,On Time,16.75
TRIP207236,Clear,Standard,Moderate,17.54,14,25,3.42,12,On Time,83.45
TRIP205723,Windy,Standard,Moderate,12.72,12,29,16.78,20,On Time,60.00
TRIP204663,Windy,Standard,Moderate,23.05,23,32,7.53,21,Moderate Delay,129.27
TRIP201068,Clear,Standard,Moderate,6.04,6,26,6.30,21,On Time,27.53
TRIP205658,Clear,Standard,High,17.99,21,46,2.56,18,Severe Delay,131.74
TRIP206839,Foggy,Standard,Severe,3.09,3,37,5.95,15,Moderate Delay,33.76
TRIP202687,Clear,Standard,Low,4.97,10,35,13.36,14,On Time,28.21
TRIP202684,Rainy,Standard,Low,8.42,10,24,4.99,10,Moderate Delay,40.36
TRIP204379,,Standard,Severe,2.85,3,52,3.85,18,Severe Delay,33.98
TRIP202214,Foggy,Standard,High,10.35,10,21,5.94,10,Severe Delay,61.96
TRIP206399,Rainy,Standard,Moderate,5.44,6,41,3.37,18,Moderate Delay,33.49
TRIP206991,Windy,Express,Moderate,11.44,14,9,6.18,22,On Time,32.99
TRIP201210,Clear,Express,High,24.67,28,26,10.55,20,Severe Delay,144.81
TRIP204039,Clear,Mini Bus,Low,15.66,15,11,4.19,12,On Time,75.39
TRIP203948,Clear,Standard,Moderate,19.99,25,40,9.14,15,Moderate Delay,111.84
TRIP206494,Windy,Standard,High,12.02,13,35,2.87,22,Moderate Delay,73.34
TRIP205016,Clear,Mini Bus,Moderate,4.16,6,22,3.69,15,On Time,25.32
TRIP206438,Clear,Standard,High,19.97,17,34,,10,Moderate Delay,123.24
TRIP200570,Clear,Standard,High,5.13,4,31,0.92,20,On Time,30.86
TRIP200364,Clear,Standard,Moderate,8.30,8,36,2.43,20,Moderate Delay,39.72
TRIP209745,Clear,Standard,Moderate,11.16,11,33,4.20,18,Moderate Delay,61.46
TRIP208583,Clear,Standard,High,7.95,6,39,8.78,16,Moderate Delay,53.22
TRIP202305,Clear,Mini Bus,High,9.79,10,3,4.83,6,Moderate Delay,56.24
TRIP205335,Rainy,Standard,Severe,11.68,12,65,9.75,18,Severe Delay,111.78
TRIP200824,Clear,,High,3.95,6,40,6.52,19,Severe Delay,38.84
TRIP202784,Clear,Standard,Low,4.28,5,28,1.29,19,Moderate Delay,12.16
TRIP204644,Clear,Standard,High,7.35,6,35,9.17,20,On Time,35.15
TRIP200440,Clear,Express,Low,7.03,6,33,6.41,5,On Time,16.22
TRIP208972,Foggy,Standard,High,8.23,11,37,1.62,5,Severe Delay,48.00
TRIP207874,Clear,Standard,Low,17.74,19,34,4.29,5,On Time,75.66
TRIP203859,Clear,Mini Bus,Low,4.68,5,16,9.02,10,On Time,34.07
TRIP204776,Windy,Mini Bus,High,16.00,18,27,2.35,8,Severe Delay,109.89
TRIP203959,Clear,,High,12.79,13,34,8.63,5,Moderate Delay,64.75
TRIP205179,Clear,Mini Bus,High,12.58,12,31,5.89,20,Moderate Delay,66.27
TRIP201241,,Standard,Severe,10.19,11,,4.40,20,Moderate Delay,75.07
TRIP202144,Clear,Standard,Moderate,3.91,4,41,8.36,17,Moderate Delay,34.50
TRIP208005,Clear,Standard,Moderate,10.98,14,58,7.55,8,Severe Delay,63.62
TRIP208271,Clear,Mini Bus,Severe,,9,21,5.55,18,Moderate Delay,60.01
TRIP202733,Clear,Standard,Moderate,6.59,4,27,9.93,20,On Time,24.03
TRIP200661,Windy,Express,Severe,14.39,19,16,,16,Severe Delay,95.24
TRIP202337,Windy,,High,6.06,3,24,4.59,6,On Time,22.64
TRIP206359,Rainy,,High,3.90,3,32,16.28,13,Moderate Delay,29.70
TRIP200043,Rainy,Express,Moderate,22.14,25,18,0.61,20,Severe Delay,110.32
TRIP206860,,Express,Moderate,4.67,4,23,12.44,11,On Time,17.56
TRIP202035,Clear,Mini Bus,Moderate,13.01,20,28,7.18,9,Moderate Delay,75.14
TRIP207554,Rainy,Standard,Severe,9.35,12,24,2.80,21,Severe Delay,74.32
TRIP203217,Windy,Mini Bus,High,,6,15,9.20,7,Severe Delay,64.46
TRIP209663,Rainy,Standard,Moderate,19.44,20,27,2.47,22,Severe Delay,106.35
TRIP205319,Rainy,Standard,Moderate,6.07,7,39,7.87,8,Severe Delay,47.03
TRIP209293,Rainy,Standard,Moderate,14.29,14,26,3.69,20,Moderate Delay,73.64
TRIP206325,Rainy,Standard,Moderate,8.37,8,35,3.12,20,Moderate Delay,44.24
TRIP207581,Clear,Standard,Low,10.94,12,36,2.50,5,Moderate Delay,50.28
TRIP206194,Windy,Express,High,5.49,7,4,2.06,20,Moderate Delay,24.83
TRIP206733,Clear,Standard,Moderate,9.60,15,48,7.24,8,Severe Delay,50.43
TRIP204349,Rainy,Standard,Moderate,5.34,7,17,4.49,20,On Time,27.49
TRIP207567,Rainy,Standard,High,10.85,10,40,1.39,17,Severe Delay,82.40
TRIP207881,Windy,Standard,Low,7.60,9,32,5.43,10,On Time,37.90
TRIP206896,Clear,Standard,Low,8.80,10,36,6.45,19,On Time,36.58
TRIP204228,Clear,Mini Bus,Moderate,4.47,7,40,8.95,16,Moderate Delay,34.43
TRIP207768,Clear,Standard,Severe,5.04,3,37,3.66,17,Moderate Delay,40.69
TRIP208726,Clear,Standard,Low,5.90,8,32,1.17,6,On Time,28.33
TRIP200901,Clear,Standard,Low,13.85,15,35,18.00,14,On Time,52.24
TRIP201046,Rainy,Mini Bus,Moderate,11.94,12,13,1.27,5,On Time,58.46
TRIP206617,Clear,Standard,Moderate,17.05,21,30,18.00,21,Moderate Delay,88.72
TRIP200473,Windy,Mini Bus,Low,12.14,8,33,3.33,16,Moderate Delay,62.01
TRIP206075,Foggy,Mini Bus,Severe,3.46,3,9,1.16,10,Severe Delay,41.37
TRIP205549,Clear,Standard,Moderate,10.94,8,35,10.39,6,On Time,44.30
TRIP207606,Clear,Standard,Severe,6.02,5,37,1.88,20,Severe Delay,47.06
TRIP205737,Clear,Mini Bus,High,7.55,13,11,9.01,11,Moderate Delay,47.89
TRIP206940,Rainy,Standard,Severe,18.95,24,51,2.33,16,Severe Delay,166.04
TRIP208509,Clear,Standard,High,13.80,17,30,6.84,20,Moderate Delay,79.20
TRIP201017,Windy,Express,Moderate,20.89,24,36,5.72,9,Severe Delay,104.60
TRIP209312,Rainy,Express,Severe,20.19,22,43,1.38,19,Severe Delay,160.49
TRIP204164,Rainy,Standard,Low,11.25,13,30,2.52,20,On Time,48.99
TRIP206233,Clear,Standard,Low,5.48,3,33,10.09,6,On Time,22.42
TRIP206810,Foggy,Mini Bus,Low,13.17,12,11,3.90,22,On Time,55.66
TRIP206693,Rainy,Mini Bus,Low,19.50,17,9,6.05,5,Moderate Delay,83.02
TRIP206690,Rainy,Mini Bus,Moderate,5.36,4,26,10.56,21,Moderate Delay,29.94
TRIP201815,Clear,Express,Low,8.83,11,39,5.31,16,On Time,28.16
TRIP205981,Clear,Standard,High,10.14,14,36,0.85,13,Moderate Delay,52.83
TRIP209037,,Standard,Severe,16.50,15,37,3.42,7,Severe Delay,121.81
TRIP202849,Clear,Standard,Moderate,18.14,19,21,1.96,22,Moderate Delay,81.52
TRIP206019,Clear,Mini Bus,Moderate,16.62,18,11,,6,On Time,79.10
TRIP206104,Clear,Standard,Moderate,18.12,13,51,9.29,21,Moderate Delay,86.75
TRIP205532,Rainy,Standard,High,9.94,9,31,12.49,11,Moderate Delay,64.04
TRIP206799,Clear,Standard,Severe,18.88,15,42,9.10,18,Severe Delay,143.09
TRIP207855,Clear,Standard,High,16.70,19,45,5.29,5,Moderate Delay,107.88
TRIP208142,Clear,Express,Severe,6.00,3,8,2.88,11,Moderate Delay,36.78
TRIP208752,Clear,Standard,Low,32.00,37,39,3.20,22,Moderate Delay,180.00
TRIP204206,Windy,Standard,Moderate,10.05,11,44,3.31,13,On Time,48.70
TRIP209822,Windy,Standard,Low,15.52,16,14,2.64,13,Moderate Delay,63.09
TRIP202324,Windy,Standard,Moderate,13.46,12,20,8.60,21,On Time,63.53
TRIP204122,Rainy,Mini Bus,High,8.35,9,11,3.84,10,Severe Delay,66.01
TRIP201006,Clear,Mini Bus,Moderate,6.13,3,31,2.72,20,On Time,26.28
TRIP204925,Rainy,Express,Moderate,4.80,8,29,3.02,21,On Time,25.80
TRIP207025,Clear,Standard,High,13.40,14,60,4.79,9,Severe Delay,76.58
TRIP203726,Windy,Mini Bus,Moderate,11.65,12,25,2.84,12,Moderate Delay,62.68
TRIP203380,Foggy,Mini Bus,High,5.90,4,37,1.02,19,Severe Delay,57.20
TRIP200451,Rainy,Mini Bus,High,8.23,9,12,17.20,5,Severe Delay,52.62
TRIP203903,Clear,Mini Bus,Low,4.71,4,25,1.63,11,On Time,16.59
TRIP202487,Clear,Standard,Severe,5.10,6,38,,11,On Time,35.53
TRIP203216,Windy,Mini Bus,Low,6.42,10,,18.00,13,On Time,24.38
TRIP208256,Clear,Standard,Moderate,15.91,15,40,4.26,7,Moderate Delay,80.25
TRIP203173,Clear,Standard,Low,9.54,10,52,6.45,7,Moderate Delay,41.38
TRIP204891,Clear,Mini Bus,High,7.68,9,20,,21,Moderate Delay,40.35
TRIP209270,Clear,Mini Bus,Moderate,14.27,13,41,4.97,17,Moderate Delay,70.23
TRIP204356,Clear,Standard,Moderate,17.10,16,38,3.43,23,Moderate Delay,84.87
TRIP200080,Rainy,Standard,Moderate,10.60,10,32,3.79,7,Moderate Delay,56.19
TRIP208538,Rainy,Express,Moderate,22.69,20,27,4.37,9,Severe Delay,119.30
TRIP201309,Foggy,Standard,Moderate,3.08,5,43,2.55,16,Severe Delay,28.51
TRIP203707,Windy,Standard,High,3.25,4,22,0.67,6,Moderate Delay,29.15
TRIP209156,Clear,Mini Bus,Severe,9.15,11,21,2.55,18,Severe Delay,69.87
TRIP203554,Clear,Express,Low,7.63,6,31,2.00,19,Severe Delay,23.77
TRIP207433,Clear,Standard,High,6.94,8,40,6.96,8,Moderate Delay,51.64
TRIP206735,Windy,Standard,High,3.30,3,34,4.06,15,Moderate Delay,26.70
TRIP205745,Rainy,Standard,Moderate,9.24,7,33,0.77,13,Moderate Delay,51.72
TRIP204909,Clear,Express,High,23.95,26,13,4.43,12,Severe Delay,134.66
TRIP207095,Rainy,Standard,Moderate,4.75,7,32,7.97,9,Severe Delay,44.23
TRIP204513,Rainy,Standard,High,3.57,4,39,6.34,15,Severe Delay,38.63
TRIP206563,Foggy,Standard,Moderate,8.15,14,24,3.05,12,On Time,52.79
TRIP208101,Rainy,Standard,High,29.75,31,30,7.69,10,Severe Delay,180.00
TRIP206747,Foggy,Standard,Moderate,9.67,9,50,4.15,21,Moderate Delay,53.04
TRIP201731,Clear,Mini Bus,Moderate,17.75,21,30,10.21,12,Moderate Delay,84.94
TRIP201029,Clear,Standard,Moderate,26.88,27,17,4.18,21,Moderate Delay,156.45
TRIP207643,Rainy,Mini Bus,Moderate,11.50,10,17,10.64,15,Moderate Delay,57.25
TRIP201828,Clear,Mini Bus,Moderate,6.53,13,11,9.44,5,On Time,30.15
TRIP202982,Clear,Standard,High,14.90,15,35,11.01,19,Moderate Delay,87.43
TRIP209402,Rainy,Standard,Moderate,11.10,11,38,3.93,17,Severe Delay,67.27
TRIP207367,Clear,Mini Bus,Moderate,10.21,11,17,16.98,21,On Time,47.34
TRIP206797,Foggy,Standard,Severe,5.57,6,36,6.51,6,Severe Delay,44.83
TRIP202267,Foggy,Standard,Moderate,4.03,5,40,2.15,18,Severe Delay,40.20
TRIP203685,Windy,Standard,Moderate,8.59,9,21,12.62,22,On Time,36.87
TRIP200753,Clear,Standard,Severe,16.53,22,13,1.90,21,Severe Delay,120.08
TRIP200787,,Standard,High,15.25,18,25,2.69,5,Severe Delay,88.51
TRIP206118,Rainy,Standard,Severe,18.00,20,32,6.67,5,Severe Delay,146.81
TRIP204703,Foggy,Mini Bus,Moderate,6.48,7,39,18.00,7,Moderate Delay,36.89
TRIP202788,Rainy,Mini Bus,Moderate,7.11,12,,8.84,9,Moderate Delay,51.05
TRIP209681,Rainy,Standard,Moderate,10.83,11,19,2.97,20,Moderate Delay,47.70
TRIP205375,Clear,Standard,Low,14.42,13,27,2.86,11,Moderate Delay,57.44
TRIP200391,Clear,Express,Severe,7.08,7,45,1.32,9,Severe Delay,46.14
TRIP206912,Windy,Express,High,8.07,8,21,4.65,9,Moderate Delay,39.65
TRIP204742,Clear,Express,Severe,9.45,12,29,2.02,17,Severe Delay,65.67
TRIP200978,Windy,Standard,Low,7.91,10,53,7.72,11,On Time,32.05
TRIP200300,Windy,Express,Moderate,22.57,21,31,2.77,21,Moderate Delay,108.39
TRIP202413,Rainy,Express,High,28.33,32,19,3.05,6,Severe Delay,180.00
TRIP206259,Foggy,Standard,High,15.28,18,40,5.22,21,Severe Delay,99.19
TRIP201789,Clear,Standard,Low,5.00,3,37,10.55,18,Moderate Delay,22.86
TRIP205126,Clear,Express,High,5.32,4,34,9.23,19,Moderate Delay,35.65
TRIP202916,Foggy,Standard,High,7.27,9,28,6.39,23,Moderate Delay,51.82
TRIP206783,Clear,Standard,High,15.33,15,30,3.28,23,Moderate Delay,92.61
TRIP200151,Clear,Standard,Low,8.79,9,49,,11,On Time,40.83
TRIP200991,Clear,Mini Bus,Low,7.71,10,,3.11,11,On Time,38.86
TRIP202875,Windy,Express,High,4.05,5,16,2.74,22,Moderate Delay,22.24
TRIP207723,Rainy,Standard,High,10.61,12,,4.59,12,Severe Delay,75.57
TRIP207660,Windy,Standard,High,6.55,7,17,14.32,22,On Time,41.35
TRIP203083,Clear,Mini Bus,High,11.78,8,31,7.10,18,Severe Delay,67.45
TRIP202275,Clear,Express,Low,8.42,7,15,4.90,19,Moderate Delay,23.20
TRIP208779,Clear,Standard,Moderate,10.42,10,,10.60,5,On Time,44.43
TRIP202061,Clear,Standard,Low,4.24,5,34,4.23,11,On Time,17.59
TRIP206177,Rainy,Standard,High,10.30,14,37,1.89,23,Severe Delay,73.80
TRIP209055,Clear,Mini Bus,Low,14.23,15,7,10.26,6,On Time,48.16
TRIP204744,Clear,Standard,High,4.93,4,35,5.43,22,On Time,31.24
TRIP204408,Clear,Express,Moderate,11.55,11,38,10.34,6,On Time,42.95
TRIP206210,Rainy,Standard,Moderate,12.89,13,12,4.83,15,Moderate Delay,63.41
TRIP209788,Clear,Mini Bus,High,9.44,10,21,5.75,14,Moderate Delay,61.52
TRIP204144,Rainy,Mini Bus,Low,13.57,13,12,7.77,21,On Time,67.72
TRIP204427,Clear,Standard,Low,7.27,7,,6.60,12,On Time,25.98
TRIP203829,Clear,Standard,Low,9.13,8,46,3.62,18,Moderate Delay,42.78
TRIP203251,Windy,Standard,High,26.21,29,55,8.54,7,Severe Delay,180.00
TRIP200448,Rainy,Standard,High,3.73,4,40,2.39,13,Severe Delay,41.31
TRIP208193,Windy,Standard,Moderate,17.94,15,36,6.11,8,Severe Delay,90.60
TRIP209063,Foggy,Standard,Low,7.86,7,21,3.00,20,On Time,36.44
TRIP204604,Clear,Standard,High,12.58,16,32,2.76,10,Severe Delay,71.98
TRIP207444,Foggy,Standard,Moderate,8.37,13,35,5.68,9,Moderate Delay,51.68
TRIP208453,Clear,Mini Bus,Moderate,8.15,8,28,3.72,7,Moderate Delay,47.91
TRIP201170,Clear,Standard,High,11.23,14,24,3.78,12,On Time,62.77
TRIP204984,Clear,Standard,Moderate,16.29,20,31,3.22,22,Moderate Delay,83.60
TRIP207709,Clear,Express,High,3.30,6,34,2.45,14,Moderate Delay,13.11
TRIP209225,Clear,Standard,High,6.91,5,60,7.76,9,Moderate Delay,41.05
TRIP208793,Clear,Standard,High,2.99,3,45,16.19,18,Moderate Delay,34.48
TRIP205793,Rainy,Express,High,6.87,6,29,3.13,22,Severe Delay,59.37
TRIP205503,Windy,Standard,Moderate,12.63,16,27,2.58,11,Moderate Delay,68.60
TRIP202976,Clear,Express,Moderate,16.54,16,22,6.00,22,On Time,66.37
TRIP206433,Windy,Standard,High,18.03,18,51,7.18,17,Severe Delay,120.31
TRIP201308,Rainy,Standard,High,6.28,8,40,4.11,18,Severe Delay,60.45
TRIP205671,Foggy,Mini Bus,Low,12.68,12,19,4.06,5,On Time,52.05
TRIP209228,Clear,Express,High,11.80,14,22,7.03,17,Moderate Delay,56.38
TRIP200301,Clear,Standard,Severe,19.62,21,32,12.46,10,Severe Delay,146.37
TRIP207763,Clear,Express,High,21.13,22,27,8.84,21,Severe Delay,121.70
TRIP208727,Windy,Express,Low,14.22,15,43,9.00,18,On Time,56.23
TRIP202599,Clear,Express,High,9.65,8,20,9.23,5,On Time,38.77
TRIP200333,,Mini Bus,Low,4.94,7,14,0.95,10,On Time,23.29
TRIP205402,Clear,Standard,Moderate,15.93,18,44,2.12,22,Severe Delay,81.49
TRIP207202,,Standard,Moderate,11.30,11,56,6.62,17,Severe Delay,66.21
TRIP209495,Clear,Mini Bus,Moderate,15.62,19,8,1.08,12,Moderate Delay,80.03
TRIP207628,Clear,Mini Bus,Severe,8.38,9,24,10.16,15,Severe Delay,63.21
TRIP209435,Clear,Express,Low,13.17,15,42,8.69,8,Moderate Delay,46.51
TRIP205509,Clear,Standard,Moderate,11.34,8,31,6.09,14,On Time,49.37
TRIP205548,Clear,Express,Severe,8.92,9,15,10.37,23,On Time,48.34
TRIP203701,Clear,Mini Bus,Moderate,11.15,12,12,4.63,21,On Time,44.31
TRIP203772,Clear,Express,Severe,18.50,22,24,5.95,11,Severe Delay,126.24
TRIP208896,Clear,Standard,Low,9.71,10,48,9.80,7,Severe Delay,39.06
TRIP208206,Clear,Express,Low,13.72,13,12,5.70,8,On Time,44.06
TRIP207568,Clear,Mini Bus,Severe,15.08,18,33,9.58,8,Severe Delay,124.79
TRIP204092,Clear,Mini Bus,High,6.69,7,36,5.50,9,Severe Delay,57.71
TRIP205863,Rainy,Express,Low,6.52,5,18,2.08,7,Moderate Delay,25.35
TRIP200664,Rainy,Standard,High,9.84,10,32,6.16,9,Severe Delay,83.23
TRIP207170,Rainy,Standard,High,5.83,5,31,6.36,23,Severe Delay,47.38
TRIP202695,Clear,Express,Moderate,3.81,3,38,3.22,18,Moderate Delay,25.55
TRIP209391,Foggy,Express,Moderate,2.85,3,30,12.98,18,Moderate Delay,24.99
TRIP202713,Windy,Mini Bus,Moderate,22.13,23,3,6.10,11,Moderate Delay,127.37
TRIP209120,Clear,Express,Moderate,3.99,4,,7.03,7,On Time,23.69
TRIP204090,Clear,Express,Moderate,7.54,8,3,6.92,20,On Time,29.71
TRIP209375,Clear,Standard,Low,8.46,8,29,3.39,6,On Time,25.38
TRIP206363,Foggy,Express,High,13.43,14,8,1.03,21,Severe Delay,76.15
TRIP208885,Clear,Standard,Moderate,3.23,4,37,6.75,12,On Time,19.59
TRIP201271,Rainy,Mini Bus,High,4.10,6,,2.37,5,Severe Delay,40.45
TRIP202829,Clear,Standard,High,7.31,7,33,5.43,15,On Time,43.51
TRIP201924,Rainy,Mini Bus,High,5.51,5,14,9.13,11,Moderate Delay,41.19
TRIP208081,Clear,Standard,Low,11.13,10,14,4.95,13,On Time,41.49
TRIP204309,Clear,Express,High,14.74,16,31,14.56,16,Moderate Delay,80.33
TRIP208673,Rainy,Standard,Severe,9.07,6,33,4.09,15,Moderate Delay,81.18
TRIP205136,Rainy,Express,Moderate,7.16,6,35,9.22,19,On Time,49.62
TRIP207662,Rainy,Standard,Severe,7.32,8,34,2.18,23,Severe Delay,56.86
TRIP204308,Foggy,Standard,High,5.15,7,23,3.66,10,Moderate Delay,32.30
TRIP203496,Clear,Express,High,6.65,4,36,8.13,18,Moderate Delay,35.11
TRIP208819,Clear,Standard,High,11.56,11,57,8.10,19,Severe Delay,76.84
TRIP203809,Clear,Standard,Severe,5.30,6,11,4.95,14,On Time,41.40
TRIP208980,Clear,Mini Bus,Low,,8,41,1.23,18,Severe Delay,54.10
TRIP205839,Rainy,Standard,Moderate,17.87,18,48,3.37,17,Severe Delay,99.57
TRIP204014,Rainy,Mini Bus,Moderate,3.23,4,16,1.33,11,Moderate Delay,37.50
TRIP203350,Clear,Standard,Moderate,8.46,9,30,9.93,12,On Time,42.66
TRIP209542,Clear,Standard,Moderate,10.49,8,32,6.17,18,Moderate Delay,42.51
TRIP207338,Foggy,Standard,Low,9.18,16,55,3.81,19,Severe Delay,54.09
TRIP203244,Rainy,Standard,Low,11.63,14,42,7.52,17,Moderate Delay,57.12
TRIP201735,Clear,Standard,Severe,8.94,9,29,,15,Moderate Delay,64.41
TRIP204036,Clear,Standard,Moderate,25.14,25,37,6.95,23,Severe Delay,131.27
TRIP207157,Windy,Express,Moderate,7.67,9,18,7.86,20,On Time,33.46
TRIP202975,Rainy,Standard,High,6.75,7,8,9.52,12,Moderate Delay,44.65
TRIP208034,Foggy,Express,Low,21.52,20,14,18.00,13,On Time,73.48
TRIP206835,Rainy,Standard,Moderate,6.12,6,33,2.36,15,Moderate Delay,34.93
TRIP207526,Clear,Express,High,12.34,15,18,4.82,15,Moderate Delay,55.53
TRIP201737,Rainy,Mini Bus,High,8.69,12,3,6.40,14,Severe Delay,64.76
TRIP209029,Foggy,Express,High,18.72,18,9,4.77,11,Severe Delay,101.15
TRIP204174,Clear,Standard,Low,21.50,23,48,5.62,5,Moderate Delay,102.27
TRIP204288,Rainy,Standard,Severe,3.85,3,31,5.01,20,Moderate Delay,44.01
TRIP202410,Clear,Standard,High,10.31,10,40,3.14,10,On Time,54.64
TRIP206616,Foggy,Standard,High,11.92,11,34,4.56,12,Severe Delay,70.66
TRIP200205,Clear,Mini Bus,Moderate,11.00,8,18,5.01,7,On Time,52.92
TRIP201792,Clear,,Severe,26.71,28,29,13.49,23,Severe Delay,180.00
TRIP205982,Clear,Express,Severe,3.74,5,35,5.12,21,On Time,34.09
TRIP205560,Clear,Standard,High,3.66,3,37,8.37,18,Moderate Delay,29.53
TRIP206894,Windy,Express,High,5.81,7,41,7.45,19,Moderate Delay,41.12
TRIP203827,Foggy,Standard,High,9.76,9,28,1.33,22,Severe Delay,67.14
TRIP208997,Clear,Express,Severe,10.20,16,19,5.10,13,Severe Delay,66.81
TRIP204485,,Standard,High,,16,41,4.18,23,Severe Delay,102.87
TRIP202407,Clear,Standard,Moderate,6.60,10,38,4.57,20,On Time,41.42
TRIP209824,Foggy,Standard,High,9.46,11,37,7.81,21,Severe Delay,62.46
TRIP200168,Windy,Mini Bus,Moderate,6.92,8,22,3.54,11,On Time,36.16
TRIP205635,Clear,Express,Moderate,8.63,14,4,8.85,12,On Time,20.32
TRIP201133,Foggy,Mini Bus,Moderate,14.33,13,9,6.43,5,On Time,65.50
TRIP209273,Clear,Express,Severe,16.77,18,32,14.15,6,Moderate Delay,113.63
TRIP208910,Rainy,Mini Bus,Severe,6.99,6,10,4.05,15,Severe Delay,51.94
TRIP203756,Clear,Standard,Severe,3.38,4,30,11.85,13,On Time,29.93
TRIP202535,Clear,Express,Low,13.13,14,31,4.42,20,On Time,42.15
TRIP208026,Rainy,Standard,Moderate,7.31,7,46,4.66,9,Severe Delay,48.90
TRIP207150,Clear,Express,High,16.06,18,30,3.15,8,Severe Delay,88.75
TRIP207595,Rainy,Standard,Low,13.62,14,24,3.71,6,Moderate Delay,54.07
TRIP205135,Foggy,Standard,Moderate,9.55,10,52,9.35,9,Moderate Delay,58.17
TRIP203273,,Standard,Low,11.42,11,,18.00,18,On Time,43.51
TRIP206253,Clear,Standard,Low,6.42,11,37,8.79,7,Moderate Delay,36.81
TRIP203515,Clear,Express,Low,9.15,10,28,4.74,17,On Time,23.44
TRIP203343,Clear,Standard,Low,9.18,11,40,7.92,20,On Time,34.98
TRIP204598,Clear,Standard,Moderate,3.06,5,24,5.51,20,On Time,20.32
TRIP205520,Windy,Standard,Moderate,6.75,8,36,2.48,15,On Time,40.34
TRIP203152,Rainy,Standard,Severe,24.40,22,30,3.77,10,Severe Delay,180.00
TRIP205446,Rainy,Standard,Moderate,8.18,11,27,3.13,14,Moderate Delay,45.44
TRIP205300,Clear,Standard,Low,6.45,6,21,1.12,13,On Time,33.27
TRIP208931,Foggy,Standard,Moderate,7.47,6,37,9.33,6,Moderate Delay,37.34
TRIP207294,Clear,Express,Low,6.05,6,15,5.47,5,On Time,15.77
TRIP202516,Clear,Express,Moderate,6.33,7,24,11.54,8,On Time,24.64
TRIP200084,Clear,Standard,Moderate,10.61,10,27,9.53,12,On Time,47.63
TRIP207218,Windy,Mini Bus,Low,8.61,8,13,2.35,10,Moderate Delay,32.91
TRIP203315,Rainy,Standard,Moderate,10.12,13,60,8.35,8,Severe Delay,61.04
TRIP208207,Clear,Standard,High,2.68,3,33,5.45,10,On Time,22.60
TRIP203096,Clear,Standard,High,7.53,10,41,12.54,6,Moderate Delay,50.06
TRIP206453,Clear,Standard,Moderate,20.83,21,29,2.62,11,Moderate Delay,105.47
TRIP201185,Foggy,Standard,Low,7.94,5,43,5.85,8,Moderate Delay,37.60
TRIP207746,Clear,Express,Low,18.97,24,5,13.11,15,On Time,58.96
TRIP202523,Clear,Standard,Low,11.51,9,,8.03,15,On Time,42.11
TRIP204794,Clear,Express,Moderate,5.94,6,37,4.63,7,On Time,22.70
TRIP201730,Rainy,Express,Moderate,11.26,11,46,1.36,8,Severe Delay,64.37
TRIP202989,Clear,Standard,Severe,8.50,11,42,3.52,19,Severe Delay,68.79
TRIP202026,Windy,Express,Moderate,14.26,18,10,4.92,5,On Time,55.99
TRIP205103,Windy,Mini Bus,Moderate,6.68,8,12,1.19,21,On Time,40.90
TRIP205492,Clear,Standard,Moderate,7.20,6,56,4.18,17,Moderate Delay,34.37
TRIP207705,Clear,Standard,Moderate,4.47,3,15,4.75,10,On Time,24.44
TRIP209330,Clear,,Moderate,4.77,8,38,4.69,7,Moderate Delay,33.53
TRIP208136,Windy,Mini Bus,High,16.24,17,17,6.00,7,Severe Delay,102.48
TRIP206033,Clear,Standard,High,7.51,6,48,3.79,7,Severe Delay,52.60
TRIP209830,Clear,Standard,Severe,3.78,5,26,1.82,5,Severe Delay,29.23
TRIP200431,Clear,,Low,6.88,11,26,1.78,13,Moderate Delay,26.10
TRIP203235,Windy,Mini Bus,Moderate,3.95,3,21,1.82,14,On Time,25.95
TRIP206534,Clear,Standard,Low,10.47,12,27,14.20,14,On Time,40.73
TRIP202304,Windy,Standard,Moderate,19.47,19,43,4.15,20,Moderate Delay,92.47
TRIP208296,Clear,Express,High,8.63,8,39,4.48,17,On Time,36.66
TRIP208226,Windy,Standard,High,15.40,16,36,6.47,19,Severe Delay,100.30
TRIP202988,Rainy,Standard,Moderate,18.32,19,43,1.78,9,Severe Delay,103.88
TRIP207667,Foggy,Standard,Moderate,11.18,12,32,5.75,20,Moderate Delay,64.60
TRIP204642,Clear,Mini Bus,Moderate,5.62,7,18,1.27,14,On Time,37.12
TRIP206152,Rainy,Standard,Moderate,9.61,10,58,2.53,9,Severe Delay,57.87
TRIP207594,Windy,Standard,Moderate,8.77,9,30,6.47,16,Severe Delay,45.82
TRIP207502,Rainy,Mini Bus,Moderate,32.00,35,12,8.77,13,Severe Delay,180.00
TRIP209227,Clear,Standard,Moderate,26.13,27,24,6.20,12,Moderate Delay,138.92
TRIP208020,Clear,Express,High,3.11,4,25,18.00,15,On Time,16.99
TRIP203605,Rainy,Mini Bus,Moderate,8.23,11,18,1.30,8,Severe Delay,53.34
TRIP201174,Clear,Express,Moderate,13.95,17,21,6.48,6,On Time,56.35
TRIP202500,Clear,Standard,High,13.88,16,34,3.11,14,Moderate Delay,80.62
TRIP202343,Windy,Standard,Moderate,8.74,5,41,16.46,5,On Time,39.30
TRIP204081,Windy,Express,High,7.75,8,31,18.00,18,Severe Delay,35.96
TRIP209316,Windy,Standard,Moderate,9.04,10,29,2.29,14,Moderate Delay,50.37
TRIP201581,Clear,Mini Bus,Severe,12.84,16,34,6.58,18,Severe Delay,85.28
TRIP205381,Windy,Express,High,9.14,6,26,3.58,23,Moderate Delay,45.34
TRIP207188,Clear,,Low,8.00,11,37,4.98,10,On Time,22.38
TRIP204778,,Standard,Severe,9.76,14,34,7.61,16,Severe Delay,83.58
TRIP201044,Windy,Mini Bus,High,7.21,9,32,1.40,17,Severe Delay,54.44
TRIP202583,Clear,Mini Bus,Moderate,6.10,8,28,,16,Moderate Delay,37.40
TRIP209713,Clear,Standard,Moderate,8.28,6,22,14.39,10,On Time,32.01
TRIP206782,Foggy,Standard,Moderate,9.99,14,30,5.18,13,Moderate Delay,64.72
TRIP201666,Rainy,Mini Bus,High,6.90,5,6,11.20,11,Severe Delay,59.16
TRIP205330,Clear,Mini Bus,Low,4.58,10,20,11.65,5,On Time,22.36
TRIP208223,Clear,Standard,High,15.92,20,30,5.75,14,Moderate Delay,95.41
TRIP205045,Windy,Mini Bus,Moderate,8.15,8,23,7.16,18,Moderate Delay,55.03
TRIP200207,,Express,Low,16.68,19,37,2.08,10,On Time,67.35
TRIP202122,Foggy,Standard,Low,24.61,25,30,11.73,15,Moderate Delay,119.43
TRIP204669,Clear,,Moderate,7.71,7,20,9.82,8,On Time,41.69
TRIP202197,Clear,Standard,Moderate,9.25,5,20,3.90,12,On Time,40.01
TRIP201692,Foggy,Standard,Severe,9.55,10,55,3.01,8,Severe Delay,82.31
TRIP202502,Clear,Mini Bus,Severe,7.72,5,26,11.30,19,Moderate Delay,60.54
TRIP206576,Rainy,Standard,Moderate,10.47,12,25,7.73,15,On Time,57.15
TRIP203107,Clear,Standard,Low,18.13,19,51,5.71,15,Severe Delay,76.17
TRIP209804,,Standard,Moderate,7.90,10,51,6.70,5,Moderate Delay,46.08
TRIP203917,Rainy,Mini Bus,Moderate,19.57,18,20,7.34,7,Severe Delay,106.97
TRIP208601,Foggy,Standard,High,6.72,11,,17.07,22,Moderate Delay,56.57
TRIP202593,Clear,Mini Bus,Moderate,9.02,12,9,6.55,15,On Time,45.94
TRIP205410,Clear,Mini Bus,Moderate,5.76,7,6,6.10,6,Moderate Delay,29.61
TRIP205640,Rainy,Mini Bus,Moderate,3.23,8,19,2.41,22,On Time,37.00
TRIP200085,Rainy,Mini Bus,Moderate,23.02,24,16,8.09,17,Severe Delay,136.95
TRIP200583,Clear,Express,Low,5.52,9,,3.81,9,On Time,15.57
TRIP206648,,Mini Bus,High,10.26,15,10,13.37,10,Moderate Delay,64.29
TRIP202712,Foggy,Mini Bus,High,14.61,15,37,4.09,16,Severe Delay,102.56
TRIP209171,Clear,Standard,Moderate,,5,52,2.02,9,Severe Delay,38.17
TRIP201363,Clear,Standard,Low,13.20,17,26,8.51,20,On Time,48.55
TRIP207427,Foggy,Express,Severe,4.58,5,31,3.03,8,Severe Delay,44.37
TRIP208991,Clear,Mini Bus,Low,15.16,17,27,6.46,19,Severe Delay,65.88
TRIP201338,Rainy,Standard,Severe,15.03,14,35,7.12,6,Severe Delay,127.76
TRIP205870,Clear,Express,Low,12.18,13,38,2.58,20,On Time,26.09
TRIP207834,Clear,Mini Bus,High,23.79,24,19,7.99,16,Severe Delay,159.86
TRIP207727,Clear,Mini Bus,Low,4.48,7,30,15.24,19,On Time,22.88
TRIP204272,Clear,Standard,Low,11.83,17,47,2.82,16,Severe Delay,55.07
TRIP204745,Rainy,Standard,Moderate,7.74,4,21,1.22,15,On Time,40.37
TRIP203925,Rainy,Express,High,7.30,7,36,6.91,13,Moderate Delay,42.29
TRIP204590,Rainy,Standard,Moderate,19.07,19,23,1.45,7,Severe Delay,112.00
TRIP207717,Clear,Express,High,5.25,5,8,11.22,11,On Time,15.29
TRIP209566,Rainy,Standard,Moderate,11.11,13,43,13.54,18,Moderate Delay,59.27
TRIP204518,Foggy,Express,Moderate,5.28,4,30,9.90,21,On Time,19.68
TRIP203991,Clear,Standard,High,3.15,5,54,4.22,8,Severe Delay,35.72
TRIP208079,Windy,Standard,High,9.30,8,43,4.69,8,Severe Delay,62.13
TRIP203202,Clear,Standard,Low,19.48,20,34,4.48,17,Severe Delay,81.82
TRIP209751,Clear,Standard,High,10.45,17,34,1.93,20,Severe Delay,69.37
TRIP205900,Clear,Express,Severe,4.86,4,21,6.01,20,On Time,29.82
TRIP203955,Windy,Mini Bus,Moderate,4.23,5,11,4.13,14,Moderate Delay,35.13
TRIP205114,Windy,Express,High,8.12,11,21,5.14,10,On Time,41.99
TRIP204337,Clear,Standard,Low,15.12,16,25,5.21,22,On Time,52.08
TRIP207651,Windy,Mini Bus,Moderate,,15,33,9.63,17,Severe Delay,78.27
TRIP206573,Clear,Standard,High,6.78,8,47,17.46,7,Moderate Delay,44.30
TRIP202859,Clear,Standard,High,3.34,3,7,11.98,22,On Time,34.69
TRIP207311,Windy,Standard,Low,15.15,16,10,3.00,14,On Time,61.61
TRIP209261,Clear,Standard,Low,7.05,9,43,6.32,17,On Time,35.41
TRIP209700,Windy,Standard,High,7.00,7,51,9.48,15,Moderate Delay,36.03
TRIP205702,Windy,Mini Bus,Low,12.85,16,36,4.48,8,Severe Delay,63.64
TRIP205220,Clear,Express,Moderate,16.16,20,31,7.13,5,On Time,57.03
TRIP201958,Clear,Standard,Low,10.52,15,26,4.61,23,On Time,38.95
TRIP202876,Clear,Express,Moderate,21.65,18,42,3.37,18,Moderate Delay,108.65
TRIP208688,Rainy,Standard,High,15.63,19,45,,9,Severe Delay,107.51
TRIP201673,Clear,Standard,Low,9.70,8,54,4.28,8,Moderate Delay,43.56
TRIP201918,Clear,Standard,High,5.44,3,42,2.22,7,Severe Delay,28.78
TRIP205184,Rainy,Standard,High,4.64,3,39,11.27,5,On Time,41.03
TRIP201324,Clear,Standard,High,6.04,7,46,8.60,9,Severe Delay,45.23
TRIP205631,Windy,Standard,High,11.70,13,27,6.31,23,Moderate Delay,75.21
TRIP201478,Clear,Standard,High,5.83,6,42,4.90,17,Moderate Delay,41.71
TRIP205031,Rainy,Express,Moderate,13.30,12,43,7.23,7,Moderate Delay,55.08
TRIP205325,Clear,Standard,Low,7.48,5,37,2.17,16,Moderate Delay,36.41
TRIP206317,Clear,Express,Severe,6.37,4,6,7.63,23,Moderate Delay,24.88
TRIP208257,Rainy,Standard,Severe,18.09,19,42,5.53,17,Severe Delay,149.93
TRIP205017,Clear,Express,Severe,7.83,7,21,7.65,10,Moderate Delay,35.15
TRIP201194,Clear,Standard,Low,4.83,4,10,1.89,13,On Time,14.31
TRIP203369,Clear,Mini Bus,Moderate,9.03,12,17,8.34,12,On Time,35.92
TRIP206856,Rainy,Standard,Low,4.44,3,52,3.40,8,Moderate Delay,27.42
TRIP202396,Rainy,Standard,Moderate,9.25,10,58,5.41,8,Severe Delay,51.50
TRIP207671,Clear,Standard,Moderate,14.98,18,51,5.57,19,Severe Delay,79.90
TRIP205752,Clear,Mini Bus,Severe,15.70,18,17,14.00,17,Severe Delay,127.92
TRIP201153,Windy,Mini Bus,Moderate,11.66,15,48,8.26,19,Severe Delay,65.18
TRIP207823,Clear,Mini Bus,Moderate,16.50,19,29,4.42,19,Moderate Delay,86.76
TRIP202663,Foggy,Mini Bus,High,9.29,9,10,2.69,15,Severe Delay,60.07
TRIP200623,Clear,Express,High,6.43,6,25,9.18,10,On Time,21.19
TRIP200456,Clear,Standard,High,13.64,19,,5.24,7,Severe Delay,99.95
TRIP207199,Windy,Standard,Severe,4.40,5,58,4.93,17,Severe Delay,51.03
TRIP207899,Rainy,Standard,Moderate,8.12,7,37,7.75,22,On Time,44.20
TRIP207634,Clear,Standard,Moderate,13.02,18,17,0.89,5,Severe Delay,54.89
TRIP207042,Clear,Standard,Low,17.51,19,26,0.84,13,Moderate Delay,70.07
TRIP207082,Foggy,Express,Moderate,16.21,17,19,6.99,14,Moderate Delay,63.93
TRIP208215,Clear,Express,Low,6.11,7,17,2.86,12,On Time,18.31
TRIP201207,Clear,Mini Bus,Low,18.52,17,29,2.58,7,Severe Delay,80.74
TRIP202618,Clear,Express,High,3.69,5,21,3.67,14,On Time,26.56
TRIP203278,Windy,Express,Moderate,8.97,10,39,1.42,7,Moderate Delay,41.33
TRIP207224,Rainy,Express,Severe,3.51,3,21,13.42,6,Severe Delay,32.18
TRIP206113,,Standard,Moderate,10.57,10,40,7.13,22,On Time,40.17
TRIP207535,Clear,Mini Bus,High,12.83,13,23,3.09,7,Severe Delay,83.01
TRIP205227,Clear,Standard,Low,26.03,27,37,4.69,20,Moderate Delay,123.80
TRIP201254,Windy,Express,High,6.07,3,13,0.51,19,Severe Delay,37.20
TRIP204312,Rainy,Mini Bus,Moderate,14.51,14,31,7.50,7,Moderate Delay,79.93
TRIP203677,Clear,Standard,Moderate,13.80,13,34,3.78,13,On Time,61.42
TRIP208297,Rainy,Standard,Severe,6.38,6,63,9.29,16,Severe Delay,62.36
TRIP203712,Clear,Standard,High,12.99,14,45,6.70,8,Moderate Delay,78.83
TRIP200810,Foggy,Standard,High,10.36,15,41,2.19,22,Severe Delay,75.13
TRIP201979,Clear,Express,Moderate,6.62,4,13,10.91,15,On Time,25.23
TRIP205010,Clear,Standard,High,25.94,29,43,4.32,18,Severe Delay,180.00
TRIP207438,Clear,Mini Bus,Moderate,15.82,18,12,16.45,10,On Time,71.16
TRIP204229,Clear,Mini Bus,High,7.47,9,23,12.17,9,Moderate Delay,58.16
TRIP207488,Clear,Standard,Moderate,4.08,7,50,7.34,17,Moderate Delay,28.52
TRIP209409,Clear,Standard,Severe,9.95,10,41,9.23,18,Severe Delay,69.74
TRIP205770,Clear,Standard,High,2.53,3,62,10.77,11,Moderate Delay,12.00
TRIP204140,Clear,Mini Bus,High,5.62,5,15,,8,Moderate Delay,47.25
TRIP204921,Windy,Standard,Moderate,14.61,17,53,3.56,19,Severe Delay,71.95
TRIP202300,Foggy,Express,Moderate,10.47,11,27,2.90,12,Moderate Delay,49.04
TRIP206357,Clear,Express,Low,3.22,3,30,3.16,13,On Time,13.67
TRIP202628,Clear,Standard,Severe,12.49,14,45,9.61,8,Severe Delay,96.95
TRIP205032,Clear,,High,8.77,12,37,6.52,21,On Time,49.40
TRIP203013,Clear,Mini Bus,Moderate,9.57,7,12,0.83,12,Moderate Delay,53.73
TRIP206774,Clear,Express,High,8.03,10,22,16.42,7,Moderate Delay,33.15
TRIP205572,Foggy,Standard,Moderate,5.92,9,40,8.98,5,On Time,38.22
TRIP204691,Clear,Standard,Moderate,9.63,14,,7.81,16,On Time,61.17
TRIP203943,Clear,Standard,Moderate,13.98,19,29,1.94,20,Severe Delay,71.85
TRIP207767,Clear,Mini Bus,Low,7.56,9,24,6.35,7,On Time,43.65
TRIP201712,Windy,Standard,High,9.54,12,39,5.91,8,Severe Delay,68.19
TRIP203535,Clear,Standard,High,17.46,18,18,5.50,5,Severe Delay,109.92
TRIP200361,Windy,Express,Severe,5.07,7,44,11.83,8,Severe Delay,35.85
TRIP206904,Rainy,Express,Moderate,3.75,6,30,5.44,15,On Time,25.14
TRIP205578,Clear,Mini Bus,Moderate,6.74,6,28,1.90,10,On Time,37.84
TRIP208794,Foggy,Standard,Moderate,6.23,5,32,5.82,21,On Time,47.62
TRIP205088,Clear,Mini Bus,Severe,20.01,21,29,6.35,6,Severe Delay,160.98
TRIP202722,Windy,Express,Moderate,11.04,15,33,1.89,17,Severe Delay,43.40
TRIP207499,Windy,Standard,High,7.81,12,,7.27,16,Severe Delay,56.93
TRIP202015,Clear,Standard,High,6.20,6,29,11.75,7,Moderate Delay,41.61
TRIP205944,Rainy,Standard,Moderate,17.97,16,44,8.94,8,Severe Delay,93.81
TRIP205357,Rainy,Express,High,6.44,9,23,1.58,15,Severe Delay,46.79
TRIP204000,Rainy,Express,High,12.68,13,16,18.00,10,Moderate Delay,77.50
TRIP207491,,Mini Bus,Severe,13.73,15,23,5.57,17,Severe Delay,123.53
TRIP207352,Clear,Standard,Low,10.54,9,51,5.96,18,Moderate Delay,48.89
TRIP207893,Windy,Express,Moderate,7.33,9,19,2.14,11,On Time,34.41
TRIP200847,Clear,Express,High,14.64,13,17,3.70,23,Moderate Delay,70.43
TRIP205411,Clear,Express,Severe,8.00,13,32,9.95,6,Moderate Delay,49.26
TRIP205799,Rainy,Standard,Low,19.01,16,38,2.57,22,Severe Delay,76.03
TRIP206978,Clear,Standard,Moderate,15.79,15,40,2.70,20,Moderate Delay,80.58
TRIP203063,Clear,Standard,High,11.43,14,48,6.82,18,Severe Delay,73.52
TRIP207784,Clear,Standard,Low,16.17,12,35,7.39,6,On Time,73.24
TRIP207559,Rainy,Standard,Low,3.98,5,32,0.96,15,Moderate Delay,39.30
TRIP203126,Foggy,Mini Bus,High,5.86,6,20,2.03,6,Severe Delay,50.65
TRIP200100,Rainy,Express,High,7.75,9,27,3.46,11,Moderate Delay,47.19
TRIP201057,Clear,Mini Bus,Severe,11.54,15,13,12.19,12,Moderate Delay,91.57
TRIP202120,Clear,Standard,Moderate,9.77,13,36,6.53,13,On Time,46.95
TRIP203405,Clear,Mini Bus,Low,16.93,16,27,11.49,21,On Time,64.36
TRIP208459,Foggy,Standard,High,14.03,17,36,3.33,14,Severe Delay,86.29
TRIP201790,Rainy,Standard,Moderate,17.45,19,24,7.24,13,Moderate Delay,92.21
TRIP206279,Clear,Standard,Severe,12.26,15,40,12.85,9,Severe Delay,101.68
TRIP202154,Rainy,Standard,Low,13.11,12,30,1.55,12,Moderate Delay,59.36
TRIP206757,Windy,Mini Bus,High,10.62,14,12,0.95,9,Severe Delay,70.58
TRIP200844,Windy,Express,High,12.51,13,32,6.01,11,Moderate Delay,65.74
TRIP207154,Clear,Mini Bus,Moderate,12.24,10,23,12.44,23,On Time,49.08
TRIP206523,Clear,Standard,Moderate,4.97,10,38,6.53,17,On Time,36.52
TRIP206775,Rainy,Mini Bus,Moderate,10.22,11,20,7.78,18,Severe Delay,56.70
TRIP206296,Clear,Mini Bus,Low,11.94,11,8,13.34,10,On Time,27.91
TRIP203883,Clear,Standard,High,11.74,14,55,6.70,8,Severe Delay,71.28
TRIP200746,Rainy,Standard,High,4.97,3,25,6.14,6,Moderate Delay,27.56
TRIP203201,Windy,Standard,Severe,8.76,10,34,0.36,20,Severe Delay,72.12
TRIP203708,Clear,Mini Bus,High,10.19,13,11,7.41,20,On Time,69.81
TRIP207147,Foggy,Standard,Moderate,4.49,4,34,3.99,12,Moderate Delay,25.89
TRIP204276,Rainy,Standard,High,8.31,10,46,6.68,12,Severe Delay,61.63
TRIP205696,Clear,Standard,Severe,6.90,7,38,4.15,13,Moderate Delay,47.52
TRIP203006,Foggy,Express,Severe,12.65,11,16,13.42,21,Severe Delay,78.31
TRIP209615,Clear,Express,Severe,9.65,7,20,2.99,21,Moderate Delay,60.74
TRIP203647,Windy,Mini Bus,Low,7.00,12,32,2.74,23,Moderate Delay,34.40
TRIP207261,Windy,Standard,Moderate,6.92,8,,2.32,9,Severe Delay,44.02
TRIP200729,Clear,Mini Bus,Low,14.11,16,16,10.82,22,On Time,60.75
TRIP203171,Clear,Express,Low,6.97,6,45,3.60,8,On Time,23.90
TRIP208676,,Mini Bus,High,6.48,7,45,3.47,17,Moderate Delay,59.73
TRIP206895,Clear,Standard,Moderate,10.20,7,34,2.82,11,On Time,49.57
TRIP208936,Clear,Standard,Low,8.62,11,29,8.76,12,On Time,36.31
TRIP204944,,Express,Moderate,3.06,6,51,6.70,16,Moderate Delay,19.82
TRIP203518,Clear,Standard,Low,23.45,24,50,11.78,17,Severe Delay,111.27
TRIP205779,Windy,Express,Moderate,13.30,12,29,0.78,11,Moderate Delay,58.33
TRIP208337,Rainy,Mini Bus,Low,3.92,3,20,1.09,5,On Time,19.48
TRIP209680,Clear,Express,Low,19.36,23,26,6.96,23,On Time,67.79
TRIP204931,,Standard,High,9.35,8,38,3.15,14,Moderate Delay,50.29
TRIP205205,Clear,,High,4.38,3,38,,22,On Time,13.67
TRIP200429,Rainy,Express,Moderate,11.09,12,19,1.16,13,Moderate Delay,57.91
TRIP202380,Windy,Standard,Severe,15.33,17,23,4.19,20,Moderate Delay,108.36
TRIP205328,Clear,Standard,Moderate,5.92,8,36,1.06,14,Moderate Delay,43.72
TRIP206063,Rainy,Standard,Moderate,4.88,6,38,8.38,17,On Time,30.97
TRIP207489,Rainy,Mini Bus,Moderate,4.41,5,23,3.01,10,On Time,35.52
TRIP201255,Rainy,Standard,High,3.93,5,46,6.45,9,Severe Delay,54.71
TRIP203687,Clear,Standard,Low,13.55,14,35,4.88,15,On Time,61.13
TRIP203245,Clear,Standard,High,11.02,10,45,2.01,21,Moderate Delay,68.71
TRIP202725,Clear,Standard,High,5.29,11,35,15.99,9,Moderate Delay,48.40
TRIP200614,Clear,Standard,Moderate,11.32,11,35,6.00,19,Moderate Delay,47.02
TRIP203769,Clear,Standard,High,5.02,7,60,2.08,17,Severe Delay,44.35
TRIP209419,Clear,Express,Low,6.94,11,19,10.68,23,On Time,15.19
TRIP200384,Windy,Standard,Severe,12.37,13,31,1.75,5,Severe Delay,83.12
TRIP201423,Clear,Standard,Moderate,7.95,6,23,5.23,6,On Time,32.52
TRIP206795,Clear,Standard,High,14.72,15,27,1.59,12,Moderate Delay,86.52
TRIP205094,Clear,Mini Bus,Low,6.09,7,24,4.01,23,On Time,31.38
TRIP205339,Clear,Express,Severe,14.85,17,39,3.38,16,Severe Delay,106.08
TRIP202579,Rainy,Standard,Moderate,8.03,5,20,2.63,23,Moderate Delay,44.46
TRIP201301,Clear,Standard,High,6.73,8,60,7.08,17,Severe Delay,52.83
TRIP205200,Clear,Standard,High,3.88,6,19,7.39,13,On Time,28.76
TRIP202478,Foggy,Mini Bus,Low,7.98,10,36,3.27,17,On Time,48.35
TRIP206685,Rainy,Standard,Low,10.68,17,23,5.39,20,Moderate Delay,52.86
TRIP204683,Clear,Standard,Moderate,8.16,8,42,2.74,17,Moderate Delay,48.84
TRIP200209,Clear,Standard,Low,2.20,3,37,3.66,13,On Time,21.57
TRIP201434,Windy,Standard,Moderate,8.29,6,24,3.95,22,On Time,37.56
TRIP200088,Windy,Standard,Moderate,8.25,5,34,2.05,6,Moderate Delay,39.57
TRIP206947,Clear,Mini Bus,Moderate,10.12,8,29,5.35,17,On Time,43.72
TRIP204821,Clear,Standard,Moderate,16.78,19,59,3.29,9,Severe Delay,94.33
TRIP209017,Clear,Standard,Low,7.90,12,35,5.43,12,On Time,33.44
TRIP203798,Clear,Standard,High,8.39,14,52,8.02,9,Severe Delay,59.01
TRIP204492,,Mini Bus,Moderate,10.71,9,15,3.15,11,On Time,52.67
TRIP206413,Windy,Standard,Severe,7.64,10,37,4.28,12,On Time,48.68
TRIP200574,Windy,Standard,High,11.42,13,24,9.26,22,On Time,64.12
TRIP202606,Clear,Mini Bus,Low,11.05,13,8,6.34,13,On Time,50.66
TRIP200773,Rainy,,Moderate,8.73,7,18,10.24,13,On Time,38.49
TRIP204196,Clear,Standard,Severe,13.04,16,32,9.37,13,Moderate Delay,96.26
TRIP205127,Clear,Standard,Moderate,10.26,14,43,2.51,14,Moderate Delay,45.08
TRIP206794,Clear,Mini Bus,Moderate,17.37,14,12,8.96,10,On Time,79.63
TRIP205510,Rainy,Mini Bus,Moderate,4.23,3,26,6.07,17,On Time,39.64
TRIP205027,Rainy,Standard,Low,19.55,23,46,2.86,18,Severe Delay,102.29
TRIP209559,Clear,Standard,Moderate,13.50,11,31,3.86,10,On Time,54.00
TRIP205665,Clear,Express,Moderate,14.80,16,18,18.00,6,On Time,57.77
TRIP200820,Windy,Standard,Severe,11.17,14,37,14.67,21,Severe Delay,90.02
TRIP200855,Clear,Standard,Low,3.67,3,13,10.16,20,On Time,12.00
TRIP204540,Clear,Express,High,18.69,20,50,4.87,7,Severe Delay,109.14
TRIP204878,Clear,Mini Bus,Moderate,19.31,20,9,4.43,7,Severe Delay,104.34
TRIP206218,Clear,Standard,Moderate,16.18,15,37,6.39,5,Moderate Delay,75.38
TRIP203783,Rainy,Standard,High,6.57,3,39,7.27,15,Moderate Delay,56.19
TRIP204394,Clear,Standard,Low,17.98,19,29,2.25,22,Moderate Delay,72.86
TRIP206312,Clear,Express,Low,4.88,4,35,8.83,10,On Time,12.00
TRIP208041,Clear,Standard,Low,15.28,18,36,4.57,19,Severe Delay,68.31
TRIP202867,Windy,Mini Bus,Moderate,9.66,12,20,7.08,14,On Time,43.15
TRIP203385,Clear,Mini Bus,Moderate,4.81,4,22,3.54,11,On Time,26.32
TRIP205938,Clear,Mini Bus,Moderate,10.93,10,37,6.07,9,Moderate Delay,59.08
TRIP208849,Clear,Express,Severe,14.44,13,19,9.22,12,Moderate Delay,91.93
TRIP201075,Windy,Standard,Moderate,14.98,18,35,11.33,20,On Time,68.64
TRIP203964,Clear,Mini Bus,Low,3.34,3,18,0.84,15,On Time,22.56
TRIP205266,Clear,Standard,Moderate,13.50,16,22,1.01,16,Severe Delay,66.72
TRIP203424,Foggy,Mini Bus,High,7.79,7,17,9.83,15,Severe Delay,49.88
TRIP201049,Clear,Standard,High,10.67,13,35,9.31,10,On Time,67.55
TRIP200158,Windy,Standard,Moderate,7.33,8,40,2.23,22,On Time,22.17
TRIP208130,Clear,Standard,Moderate,7.23,9,64,18.00,11,Moderate Delay,44.05
TRIP203162,Clear,Mini Bus,High,13.41,11,18,3.56,17,Severe Delay,78.56
TRIP208739,Clear,Standard,Moderate,8.65,11,33,4.14,13,On Time,43.24
TRIP208701,Clear,Express,Low,11.11,9,29,11.62,5,On Time,29.03
TRIP207481,Rainy,Standard,Severe,15.98,13,31,6.60,6,Severe Delay,123.66
TRIP201322,Windy,Standard,High,19.25,22,25,4.19,10,Severe Delay,134.35
TRIP203076,Windy,Standard,Moderate,5.03,5,29,3.54,13,On Time,23.91
TRIP207966,Windy,Standard,Moderate,7.01,9,22,7.20,9,Moderate Delay,46.80
TRIP203577,Clear,Mini Bus,High,11.76,12,34,1.58,19,Severe Delay,84.69
TRIP200383,Clear,Express,Moderate,6.04,6,19,4.64,23,On Time,21.17
TRIP206132,Clear,Standard,High,7.14,8,22,1.71,14,Moderate Delay,39.51
TRIP206157,Clear,Standard,Moderate,7.78,14,39,2.75,18,Severe Delay,50.42
TRIP203016,Windy,Express,High,11.25,10,22,10.83,21,Moderate Delay,46.21
TRIP205067,Rainy,Mini Bus,Low,9.72,11,22,9.71,12,On Time,39.15
TRIP201765,Clear,Standard,Severe,9.27,11,33,4.23,8,Severe Delay,84.67
TRIP203880,Rainy,Standard,Low,4.69,3,59,5.47,17,Moderate Delay,38.93
TRIP207443,Rainy,,High,12.39,15,29,7.97,10,Moderate Delay,73.54
TRIP208033,Foggy,Standard,Moderate,2.80,5,31,11.90,22,On Time,22.07
TRIP202608,Rainy,Standard,Moderate,8.33,9,18,4.23,22,Moderate Delay,43.55
TRIP203243,Foggy,Standard,Moderate,2.50,3,39,4.66,22,On Time,18.78
TRIP206311,Windy,Mini Bus,Moderate,18.11,18,34,13.12,9,Severe Delay,99.13
TRIP200022,Windy,Mini Bus,Low,7.86,8,21,2.75,16,Severe Delay,46.20
TRIP209134,Clear,Express,Low,16.52,19,28,2.45,8,Moderate Delay,49.26
TRIP208160,Clear,Mini Bus,High,12.48,13,7,4.63,12,Moderate Delay,70.63
TRIP208898,Clear,Standard,Moderate,10.75,9,37,4.79,15,Moderate Delay,39.69
TRIP201669,Rainy,Standard,Low,13.03,14,46,2.81,16,Severe Delay,65.35
TRIP204438,Rainy,Standard,Moderate,22.29,25,34,8.06,13,Severe Delay,136.90
TRIP207238,Clear,Standard,Severe,18.02,19,33,,13,Severe Delay,127.83
TRIP203153,Foggy,Standard,Low,14.56,15,45,14.96,20,Moderate Delay,65.74
TRIP204938,Clear,Standard,Moderate,6.70,10,39,8.33,23,Moderate Delay,29.72
TRIP201755,Clear,Mini Bus,Moderate,13.44,11,22,2.33,16,Severe Delay,61.37
TRIP200926,Windy,,Moderate,15.01,11,16,1.13,23,Moderate Delay,68.96
TRIP201438,Rainy,Mini Bus,High,7.97,9,11,8.55,12,Severe Delay,56.39
TRIP200968,Rainy,Standard,High,8.64,12,,1.47,17,Severe Delay,79.59
TRIP204728,Clear,Mini Bus,Moderate,13.86,21,25,3.58,16,Severe Delay,74.73
TRIP209796,Clear,Express,Severe,9.74,12,30,2.75,21,Moderate Delay,56.36
TRIP204121,Foggy,Express,Moderate,8.29,6,23,18.00,10,On Time,31.11
TRIP207460,Clear,Standard,High,11.74,15,34,8.64,12,On Time,69.55
TRIP201639,Rainy,Express,Moderate,26.33,22,20,3.83,22,Moderate Delay,137.77
TRIP206283,Rainy,Mini Bus,Low,7.04,5,21,5.37,16,Moderate Delay,30.82
TRIP209805,Clear,Standard,Moderate,9.43,9,34,16.25,13,On Time,34.44
TRIP206737,Clear,Standard,Moderate,9.31,9,50,13.93,21,Moderate Delay,45.38
TRIP207963,Clear,Standard,High,9.18,3,35,10.57,7,Moderate Delay,44.37
TRIP203200,Windy,Express,Moderate,9.64,10,22,3.17,12,On Time,35.65
TRIP208957,Clear,Express,Low,7.83,10,6,7.27,13,On Time,20.05
TRIP202857,Clear,,Moderate,8.99,10,29,3.35,9,On Time,33.07
TRIP208288,Windy,Mini Bus,High,7.21,8,27,5.31,19,Severe Delay,54.74
TRIP206967,Clear,Standard,Moderate,9.89,13,24,12.86,12,On Time,40.35
TRIP208783,Windy,Standard,High,5.53,6,29,8.93,12,On Time,38.00
TRIP201809,,Mini Bus,High,23.35,22,29,9.43,8,Severe Delay,151.29
TRIP202357,Clear,Standard,Moderate,4.82,5,26,0.84,10,On Time,26.18
TRIP207817,Clear,Mini Bus,Low,9.31,12,8,9.07,14,On Time,44.21
TRIP203082,Rainy,Standard,Moderate,10.08,11,34,5.43,22,Moderate Delay,51.31
TRIP206171,Clear,Standard,Moderate,6.34,7,52,5.61,14,Moderate Delay,30.55
TRIP202440,Clear,Standard,Low,10.16,11,37,0.92,23,On Time,33.78
TRIP200348,Windy,Express,Moderate,5.25,3,13,8.84,23,On Time,19.94
TRIP209539,Rainy,Standard,High,13.03,15,,7.08,14,Severe Delay,85.98
TRIP203233,Rainy,Standard,High,18.01,19,25,15.60,8,Severe Delay,119.13
TRIP208609,Foggy,Express,Low,3.04,3,29,6.40,22,On Time,16.96
TRIP205538,Rainy,Express,Moderate,4.26,3,16,3.00,6,On Time,17.20
TRIP205002,Clear,Express,Moderate,9.54,8,20,7.13,23,On Time,26.76
TRIP208861,Rainy,Mini Bus,Moderate,4.80,5,17,2.63,6,Moderate Delay,38.44
TRIP200895,Clear,Standard,Moderate,20.05,23,24,6.50,15,Severe Delay,96.54
TRIP205174,Clear,Standard,Severe,17.20,16,34,3.57,23,Severe Delay,131.47
TRIP200691,Clear,Standard,Low,16.71,17,30,12.40,6,On Time,68.03
TRIP203814,Foggy,Express,High,13.84,16,26,5.44,5,Moderate Delay,73.01
TRIP208979,Rainy,Mini Bus,Severe,6.93,10,21,4.00,5,Severe Delay,69.74
TRIP205550,Clear,Standard,High,17.90,17,43,1.83,18,Severe Delay,108.93
TRIP202473,Rainy,Mini Bus,Severe,8.54,6,14,4.48,13,Severe Delay,67.61
TRIP201872,Clear,Standard,Moderate,18.86,17,40,2.43,8,Severe Delay,104.58
TRIP208332,Clear,Standard,Low,21.54,23,47,5.98,8,Severe Delay,109.38
TRIP207292,Rainy,Standard,High,21.71,22,38,7.58,11,Severe Delay,148.42
TRIP207615,Clear,Express,Severe,7.49,6,22,5.87,12,Moderate Delay,43.29
TRIP204509,Clear,Mini Bus,High,9.78,6,17,14.04,14,Moderate Delay,51.47
TRIP204021,Clear,Standard,Severe,14.49,16,32,7.07,11,Severe Delay,106.06
TRIP203094,Clear,Mini Bus,High,19.54,22,9,,13,Severe Delay,115.59
TRIP207210,Windy,Standard,Moderate,21.89,22,45,3.03,7,Severe Delay,119.43
TRIP202106,Clear,Standard,Moderate,11.77,15,40,2.15,22,Moderate Delay,63.37
TRIP203280,Clear,Standard,Moderate,11.75,14,41,8.81,7,Moderate Delay,57.48
TRIP204562,Clear,,Moderate,4.96,3,3,2.34,22,On Time,22.61
TRIP202325,Rainy,Standard,Moderate,10.21,10,32,2.34,14,Moderate Delay,44.39
TRIP203263,Clear,Standard,Severe,9.09,10,33,0.70,22,Moderate Delay,70.25
TRIP201273,Rainy,Standard,Moderate,11.29,11,37,12.51,22,Moderate Delay,48.75
TRIP203425,Foggy,Standard,Low,9.20,16,27,10.21,22,On Time,48.84
TRIP205802,Clear,Standard,Severe,13.89,12,52,5.14,13,Severe Delay,101.09
TRIP200460,Clear,,Severe,8.10,7,22,2.79,13,Moderate Delay,47.44
TRIP204738,Clear,Standard,Moderate,16.38,15,29,10.13,11,On Time,67.27
TRIP209773,Rainy,Standard,Low,4.67,3,28,11.59,8,Moderate Delay,32.82
TRIP200318,Foggy,Standard,Low,17.55,22,55,1.85,8,Severe Delay,94.44
TRIP202972,Rainy,Standard,High,3.19,4,65,6.20,9,Severe Delay,48.08
TRIP206612,Rainy,Mini Bus,Moderate,17.18,21,,4.78,23,Moderate Delay,89.53
TRIP202234,Clear,Standard,Moderate,7.33,10,11,2.70,10,Moderate Delay,26.12
TRIP202310,Windy,Standard,High,6.15,5,40,7.04,8,Moderate Delay,36.37
TRIP200155,Windy,Mini Bus,Moderate,11.02,11,14,14.97,19,Moderate Delay,67.80
TRIP209813,Foggy,Standard,Moderate,5.99,7,28,2.04,19,Severe Delay,48.53
TRIP204279,Clear,Mini Bus,Severe,10.59,13,17,6.01,13,Moderate Delay,77.08
TRIP205693,Clear,Express,High,9.71,11,34,4.61,9,Moderate Delay,39.57
TRIP204577,Clear,Mini Bus,Moderate,12.77,12,31,0.96,5,Moderate Delay,64.71
TRIP204429,Rainy,Standard,Severe,4.18,5,37,3.59,21,Severe Delay,55.52
TRIP201448,Rainy,Standard,Low,6.37,7,40,10.03,5,On Time,23.71
TRIP205317,Foggy,Mini Bus,High,11.21,13,39,7.99,8,Severe Delay,81.41
TRIP203123,Clear,Standard,High,19.59,17,21,4.17,17,Severe Delay,123.03
TRIP202745,Foggy,Standard,Moderate,27.19,26,41,11.95,13,Severe Delay,162.18
TRIP208706,Windy,Standard,High,17.37,18,38,8.34,8,Severe Delay,115.71
TRIP209179,Clear,Standard,Moderate,13.90,14,27,7.45,11,On Time,64.38
TRIP208387,Rainy,Express,Moderate,6.80,7,7,17.59,21,On Time,19.59
TRIP200898,Windy,Mini Bus,Moderate,19.57,22,31,3.11,14,Severe Delay,109.24
TRIP206499,Clear,Standard,Moderate,2.43,5,32,0.97,5,On Time,20.72
TRIP203353,Clear,Mini Bus,High,10.08,10,17,12.64,19,On Time,55.45
TRIP205930,Clear,Mini Bus,Moderate,11.01,7,27,7.37,10,On Time,45.41
TRIP200045,Rainy,Standard,Low,10.83,13,43,3.73,8,Severe Delay,49.86
TRIP202102,Rainy,Standard,Moderate,14.71,17,39,6.07,6,Moderate Delay,78.78
TRIP205350,Foggy,Express,Severe,11.18,12,36,8.24,18,Severe Delay,90.61
TRIP203332,Rainy,Mini Bus,Moderate,11.05,13,16,9.49,18,Moderate Delay,74.41
TRIP209128,Clear,Mini Bus,Moderate,3.10,4,34,3.61,7,On Time,28.79
TRIP203864,Windy,Standard,High,8.71,7,22,10.14,12,On Time,49.43
TRIP204473,Clear,Standard,Severe,9.31,9,37,9.41,10,Moderate Delay,53.74
TRIP207440,Clear,Mini Bus,Moderate,6.82,6,42,7.63,7,Moderate Delay,33.88
TRIP209220,Windy,Standard,Low,8.55,7,23,1.52,5,On Time,38.11
TRIP207955,Rainy,Standard,Moderate,13.78,15,61,4.18,17,Severe Delay,82.46
TRIP204708,Windy,Standard,Moderate,5.27,7,40,10.79,22,On Time,27.57
TRIP205181,Clear,Standard,High,12.34,18,34,1.46,20,Severe Delay,76.77
TRIP204363,Clear,Express,Low,16.63,20,15,7.39,15,On Time,51.39
TRIP202983,Clear,Standard,Moderate,5.13,5,32,3.73,10,On Time,33.83
TRIP200827,Foggy,Standard,Low,18.00,21,42,14.76,7,Severe Delay,87.97
TRIP205062,Rainy,Mini Bus,Low,12.42,10,19,3.52,7,Moderate Delay,62.41
TRIP203167,Windy,Mini Bus,Severe,12.36,11,12,1.78,6,Severe Delay,86.48
TRIP206686,Rainy,Mini Bus,High,4.38,5,20,2.00,10,Severe Delay,40.79
TRIP202451,Rainy,Express,High,8.83,6,28,1.11,15,Moderate Delay,50.44
TRIP209812,Windy,Standard,High,7.54,6,48,7.42,7,Severe Delay,49.86
TRIP203768,Rainy,Express,Moderate,8.92,10,15,3.57,12,On Time,36.88
TRIP202260,Rainy,Standard,Severe,2.98,4,54,11.13,18,Severe Delay,53.73
TRIP207690,Clear,Standard,Moderate,5.22,9,46,13.16,20,On Time,33.72
TRIP208867,Clear,Mini Bus,Severe,26.79,30,25,2.90,19,Severe Delay,180.00
TRIP200953,Clear,Mini Bus,High,15.50,15,11,18.00,22,Moderate Delay,91.63
TRIP202060,Clear,Standard,Low,10.52,9,40,3.14,5,On Time,38.35
TRIP209674,Windy,Standard,Moderate,11.42,11,10,10.09,21,On Time,47.06
TRIP207232,Clear,Standard,Moderate,6.67,8,42,6.03,10,On Time,45.68
TRIP200853,Clear,Express,Severe,8.60,10,8,0.22,14,Severe Delay,34.07
TRIP209141,Rainy,Mini Bus,Low,12.14,15,10,5.90,6,On Time,52.75
TRIP208665,Clear,Express,Severe,19.54,22,32,8.73,21,Severe Delay,132.40
TRIP202747,Rainy,Express,High,14.52,12,33,18.00,5,Moderate Delay,87.30
TRIP206441,Foggy,Standard,Moderate,10.77,5,39,2.71,12,On Time,48.34
TRIP208787,Windy,Standard,Moderate,7.92,8,35,4.01,12,On Time,35.36
TRIP208331,Foggy,Mini Bus,High,8.38,9,32,5.89,19,Severe Delay,73.45
TRIP206678,Clear,Standard,Moderate,5.74,6,25,3.11,6,On Time,23.86
TRIP200958,Rainy,Standard,Moderate,14.62,12,51,1.80,9,Severe Delay,75.89
TRIP208654,Foggy,Standard,High,3.75,3,42,9.96,8,Severe Delay,35.83
TRIP207031,Clear,Standard,Severe,15.42,14,27,4.22,12,Moderate Delay,109.08
TRIP203856,Rainy,Standard,Moderate,3.62,4,52,1.33,13,Moderate Delay,38.63
TRIP208973,Rainy,Standard,Moderate,16.13,13,17,5.17,10,Moderate Delay,79.10
TRIP202002,Foggy,Standard,High,7.25,9,33,6.63,20,Moderate Delay,50.26
TRIP206324,Clear,Standard,High,15.62,13,40,4.73,19,Severe Delay,96.55
TRIP202321,Clear,Express,High,3.19,7,14,,12,On Time,22.22
TRIP207734,Clear,Standard,Low,2.81,3,17,6.41,21,On Time,12.00
TRIP204527,Clear,Standard,High,7.24,8,25,2.60,6,Moderate Delay,42.99
TRIP203542,Rainy,Standard,Moderate,13.31,14,29,18.00,14,Moderate Delay,75.31
TRIP201780,Clear,Express,High,9.16,9,28,2.83,6,Moderate Delay,42.03
TRIP209676,Clear,Standard,Low,7.74,8,28,1.48,12,On Time,33.10
TRIP205756,,Mini Bus,Moderate,10.31,13,23,2.29,18,Severe Delay,59.91
TRIP205490,Clear,Standard,High,5.49,4,31,6.20,10,On Time,33.85
TRIP205636,Clear,Standard,Low,6.93,3,37,2.11,6,On Time,26.83
TRIP203272,Windy,Mini Bus,Low,11.80,10,35,8.02,18,Moderate Delay,54.28
TRIP200421,Foggy,Mini Bus,Moderate,13.77,13,17,5.55,9,Severe Delay,80.23
TRIP205904,Clear,Mini Bus,High,27.48,30,11,3.26,15,Severe Delay,180.00
TRIP209813,Foggy,Standard,Moderate,5.99,7,28,2.04,19,Severe Delay,48.53
TRIP202362,Clear,Mini Bus,Severe,6.49,6,14,3.45,21,Moderate Delay,43.89
TRIP203115,Foggy,Standard,Moderate,9.76,10,43,5.26,22,Moderate Delay,53.35
TRIP204037,Windy,Express,High,7.22,9,16,11.94,21,Moderate Delay,25.58
TRIP209792,Windy,,Moderate,7.56,9,8,6.15,10,On Time,30.87
TRIP206362,Windy,Express,Moderate,7.69,9,22,14.42,8,On Time,22.85
TRIP203906,Rainy,Express,Moderate,15.30,16,26,1.72,8,Severe Delay,69.55
TRIP204737,Windy,Standard,High,9.97,12,34,3.52,19,Moderate Delay,74.01
TRIP205898,Windy,Standard,High,7.39,7,31,3.67,12,Moderate Delay,50.24
TRIP208181,Clear,Standard,Moderate,7.60,9,42,2.60,22,Moderate Delay,38.24
TRIP205234,Rainy,Express,Moderate,7.73,8,22,4.83,15,On Time,21.12
TRIP202752,Windy,Express,Severe,9.82,13,41,3.12,17,Severe Delay,71.44
TRIP201414,Rainy,Standard,Moderate,9.44,15,27,10.07,21,On Time,57.14
TRIP208679,Foggy,Mini Bus,Low,12.22,12,18,4.12,13,On Time,56.38
TRIP207917,Rainy,Mini Bus,Severe,18.94,18,22,14.07,10,Severe Delay,152.05
TRIP207087,Rainy,Standard,Moderate,7.85,5,49,3.87,9,Severe Delay,48.36
TRIP209558,Windy,Standard,Severe,16.43,17,36,0.87,15,Severe Delay,126.98
TRIP206951,Rainy,Express,Severe,17.19,18,21,8.11,10,Severe Delay,127.03
TRIP205239,Rainy,Standard,Low,10.11,11,39,3.85,8,Moderate Delay,57.33
TRIP208191,Clear,Standard,Low,8.58,11,48,1.04,19,Severe Delay,42.06
TRIP203771,Clear,Standard,High,7.60,8,39,2.85,8,Severe Delay,50.52
TRIP206111,Windy,Express,Moderate,18.33,17,19,,21,On Time,81.79
TRIP203898,Clear,Standard,Low,,4,41,8.01,17,On Time,23.95
TRIP204790,Clear,Standard,Severe,10.54,8,19,6.60,5,Moderate Delay,73.58
TRIP209806,Rainy,Mini Bus,High,15.54,16,10,1.30,12,Severe Delay,112.03
TRIP208536,Clear,Express,Severe,11.84,10,4,11.44,22,Moderate Delay,64.08
TRIP204200,Windy,Standard,High,5.33,6,29,6.27,16,Moderate Delay,40.53
TRIP201759,Rainy,Mini Bus,Low,11.66,13,30,3.94,16,Severe Delay,55.35
TRIP203040,Windy,Standard,High,11.76,14,42,9.42,11,Moderate Delay,78.58
TRIP200572,Windy,Standard,Moderate,2.47,5,35,4.20,6,On Time,35.37
TRIP200468,Foggy,Mini Bus,Moderate,2.29,3,25,5.26,9,Moderate Delay,35.54
TRIP208804,,Standard,Moderate,9.77,8,47,5.87,20,On Time,48.68
TRIP206982,Clear,Mini Bus,Low,10.04,13,31,8.39,23,On Time,41.54
TRIP208616,Foggy,Standard,High,13.05,12,35,1.22,14,Severe Delay,81.81
TRIP209462,Clear,Standard,High,17.40,17,25,4.49,22,Severe Delay,103.29
TRIP208714,Clear,Standard,Moderate,12.90,12,50,1.22,19,Severe Delay,68.17
TRIP205667,Windy,Express,Moderate,7.21,11,24,2.68,20,On Time,30.94
TRIP202365,Clear,Standard,High,3.47,5,31,4.63,14,On Time,24.75
TRIP204801,Clear,Standard,Moderate,7.63,10,19,4.73,10,On Time,39.15
TRIP204402,Clear,Standard,Moderate,5.42,4,57,18.00,8,Moderate Delay,34.96
TRIP205935,Clear,Mini Bus,High,10.37,12,26,6.56,16,Severe Delay,74.35
TRIP201314,Clear,Standard,Moderate,3.44,4,32,8.98,21,On Time,23.86
TRIP208627,Foggy,Standard,Low,20.98,23,34,18.00,20,Moderate Delay,101.32
TRIP208114,Foggy,Mini Bus,High,6.41,10,11,3.83,15,Severe Delay,39.97
TRIP203594,Windy,Standard,Moderate,15.42,20,46,5.95,9,Severe Delay,89.35
TRIP205683,Windy,Standard,Low,8.71,11,28,2.64,20,On Time,42.36
TRIP206483,Clear,Standard,Low,16.32,16,26,6.15,22,On Time,67.65
TRIP202600,Foggy,Express,Moderate,10.71,9,29,3.94,5,On Time,48.32
TRIP206434,Clear,,Severe,13.22,14,38,0.82,19,Severe Delay,103.62
TRIP207870,Rainy,Standard,Low,15.08,13,30,3.13,14,On Time,70.31
TRIP206675,Clear,Mini Bus,Low,8.78,10,20,7.51,20,On Time,40.98
TRIP208996,Windy,Mini Bus,High,10.67,13,25,3.75,21,Moderate Delay,70.37
TRIP206702,Rainy,Standard,High,5.44,3,30,10.94,6,Severe Delay,52.18
TRIP207163,Windy,Standard,High,14.80,19,45,1.72,9,Severe Delay,94.37
TRIP203442,Rainy,Standard,Severe,2.94,4,38,7.43,23,Severe Delay,38.03
TRIP207916,Windy,Express,Moderate,4.78,7,21,4.15,5,On Time,17.91
TRIP206414,Rainy,Mini Bus,Moderate,23.57,25,8,5.06,20,Moderate Delay,130.68
TRIP207508,Rainy,,Moderate,6.53,4,38,7.65,14,On Time,37.11
TRIP201608,Windy,Express,High,27.99,28,38,4.91,18,Severe Delay,180.00
TRIP207539,Windy,Express,Moderate,8.53,8,16,5.24,6,On Time,35.53
TRIP203587,Clear,Standard,Moderate,8.26,13,54,3.92,7,Severe Delay,45.69
TRIP201070,Clear,Standard,Moderate,11.41,12,44,12.87,12,On Time,49.41
TRIP201446,Rainy,Standard,High,3.48,3,31,1.08,13,Severe Delay,37.67
TRIP207992,,Standard,Moderate,19.40,17,39,11.24,6,Moderate Delay,86.27
TRIP204955,Clear,Standard,High,15.83,18,20,3.84,20,Moderate Delay,91.25
TRIP208633,Clear,Standard,High,9.78,9,51,0.86,8,Severe Delay,52.80
TRIP202884,Clear,Express,Low,18.21,19,12,5.02,23,On Time,61.60
TRIP203523,Clear,Standard,Moderate,10.04,10,37,11.95,19,Moderate Delay,46.41
TRIP201179,Rainy,Standard,Low,21.81,21,28,1.04,6,Moderate Delay,104.82
TRIP202309,Clear,Express,Moderate,24.08,22,53,8.78,19,Severe Delay,133.90
TRIP206972,Clear,Standard,Severe,11.44,14,37,6.19,19,Moderate Delay,89.74
TRIP203314,Windy,Standard,Moderate,10.67,9,40,1.33,8,Moderate Delay,70.25
TRIP205563,Clear,Standard,High,6.64,9,40,8.48,21,On Time,39.98
TRIP208747,Rainy,Mini Bus,High,12.33,13,18,2.44,13,Severe Delay,87.84
TRIP208733,Clear,Standard,Moderate,11.54,14,34,3.20,11,On Time,47.42
TRIP207518,Clear,Express,High,16.65,18,9,7.65,20,Moderate Delay,93.17
TRIP206010,,Express,Moderate,9.73,10,24,5.17,18,On Time,37.81
TRIP208663,Clear,Mini Bus,Severe,5.69,6,25,4.71,13,Moderate Delay,50.46
TRIP208822,Clear,Express,High,7.27,9,23,8.63,11,On Time,35.00
TRIP203648,Clear,Express,High,15.29,20,30,2.45,7,Severe Delay,84.46
TRIP207794,Clear,Standard,Moderate,6.81,6,29,1.70,10,On Time,26.07
TRIP206228,Clear,Standard,Moderate,13.60,10,46,2.25,22,Severe Delay,61.37
TRIP200150,Rainy,Mini Bus,Moderate,16.76,18,19,3.91,15,Moderate Delay,88.84
TRIP200286,Clear,Mini Bus,Moderate,5.74,3,19,6.38,8,Moderate Delay,42.70
TRIP204184,Foggy,Standard,Moderate,14.33,14,46,10.55,5,On Time,67.55
TRIP202313,Foggy,Mini Bus,High,13.70,14,13,17.81,23,Severe Delay,83.13
TRIP202977,Foggy,Standard,High,7.67,10,44,7.17,7,Severe Delay,65.32
TRIP200165,Rainy,Standard,Moderate,8.14,9,49,4.65,19,Severe Delay,50.64
TRIP207779,Rainy,Standard,Moderate,11.54,10,,6.22,14,On Time,58.87
TRIP206786,Clear,Standard,Moderate,10.15,13,36,2.03,11,Moderate Delay,41.19
TRIP207237,Clear,Standard,Moderate,9.77,8,43,5.53,7,Moderate Delay,39.31
TRIP207950,Windy,Standard,Low,7.09,4,28,3.96,21,On Time,29.89
TRIP207357,Windy,Standard,High,14.12,16,52,1.71,18,Severe Delay,98.79
TRIP208198,Clear,Express,Severe,2.73,3,12,6.91,13,On Time,14.30
TRIP207401,Windy,Express,High,12.17,12,17,1.72,16,Severe Delay,61.75
TRIP201871,Clear,Standard,Moderate,18.72,20,19,5.85,21,Moderate Delay,97.22
TRIP206825,Clear,Express,Low,12.10,11,11,7.63,14,On Time,28.32
TRIP200643,Windy,Mini Bus,Low,4.23,4,15,4.24,14,On Time,24.16
TRIP209766,Foggy,Standard,Low,2.07,3,43,18.00,22,On Time,20.07
TRIP200174,Windy,Standard,Moderate,4.55,3,40,4.05,23,On Time,21.32
TRIP204879,Clear,Standard,High,7.27,7,29,7.55,12,On Time,35.01
TRIP200654,Clear,Standard,Moderate,15.06,16,29,9.52,6,On Time,69.04
TRIP204616,Clear,Standard,Severe,5.07,9,44,2.25,22,Moderate Delay,41.81
TRIP200121,Rainy,Standard,High,14.14,15,27,2.74,12,Severe Delay,87.05
TRIP203333,Foggy,Standard,Moderate,16.10,16,23,3.16,21,On Time,84.16
TRIP201858,Clear,Standard,Low,21.92,22,33,7.68,15,Moderate Delay,98.02
TRIP209388,Foggy,Express,Low,13.42,11,33,2.57,15,Moderate Delay,48.46
TRIP206388,Rainy,Standard,Moderate,16.72,17,27,6.11,10,Moderate Delay,85.60
TRIP207544,Clear,Mini Bus,Severe,15.59,19,8,2.28,6,Severe Delay,122.30
TRIP205656,Clear,Mini Bus,High,9.72,8,16,12.08,12,Moderate Delay,41.37
TRIP203324,Windy,Mini Bus,Low,11.25,11,17,3.41,10,On Time,49.64
TRIP208139,Rainy,Standard,High,27.48,29,18,8.43,14,Severe Delay,180.00
TRIP207990,Rainy,Standard,Severe,4.67,4,27,2.66,21,Severe Delay,47.82
TRIP201661,Clear,Express,Moderate,12.19,13,19,3.97,6,On Time,40.24
TRIP202095,Clear,Standard,Moderate,13.38,9,19,1.48,5,Moderate Delay,62.48
TRIP207699,Windy,Standard,Low,6.94,9,35,5.74,19,Moderate Delay,40.06
TRIP208567,Clear,Standard,Severe,7.59,7,37,3.03,21,Moderate Delay,56.82
TRIP206597,Foggy,Standard,Moderate,7.22,8,37,6.89,21,On Time,29.35
TRIP202242,Rainy,Standard,Low,11.78,13,23,1.80,6,Moderate Delay,52.80
TRIP208428,Clear,Standard,High,8.96,13,43,1.13,8,Severe Delay,59.48
TRIP206037,Clear,Express,High,7.04,6,22,5.89,23,On Time,35.57
TRIP204557,Windy,Standard,Severe,8.11,11,37,5.14,23,Moderate Delay,66.94
TRIP206261,Windy,Standard,Moderate,16.27,17,48,10.38,19,Severe Delay,78.77
TRIP203015,Clear,Express,Severe,9.35,13,19,4.49,15,Moderate Delay,50.28
TRIP202962,Windy,Mini Bus,Low,9.68,10,24,15.54,9,On Time,59.03
TRIP207436,Clear,Standard,Severe,15.96,16,34,13.97,5,Moderate Delay,112.28
TRIP206504,Clear,Standard,Moderate,10.42,13,29,5.38,6,On Time,55.01
TRIP208596,Clear,Standard,High,11.26,12,35,6.16,20,Moderate Delay,62.26
TRIP203841,Foggy,Standard,Low,11.32,10,35,6.67,5,On Time,57.15
TRIP203865,Clear,Standard,High,13.71,18,26,6.67,7,Severe Delay,94.47
TRIP202220,,Mini Bus,Moderate,8.71,11,13,9.01,22,On Time,41.47
TRIP204857,Windy,Standard,High,11.38,16,22,4.01,14,Moderate Delay,71.68
TRIP208393,Windy,Standard,Severe,4.95,7,40,3.82,14,Moderate Delay,35.70
TRIP207850,Rainy,,High,17.92,18,39,8.27,10,Severe Delay,112.26
TRIP204479,Clear,Mini Bus,High,6.45,3,11,5.15,20,Moderate Delay,33.69
TRIP206714,Clear,Standard,Low,17.21,17,48,8.73,15,Severe Delay,73.80
TRIP200031,Windy,Express,High,14.68,14,26,5.17,14,Moderate Delay,79.31
TRIP206331,Clear,Standard,Low,19.62,22,43,5.25,18,Severe Delay,104.73
TRIP200320,Rainy,Standard,Severe,2.68,3,21,,10,Severe Delay,39.31
TRIP208508,Rainy,Standard,Moderate,13.36,13,42,7.84,16,Severe Delay,68.40
TRIP204343,Rainy,Mini Bus,Moderate,10.03,9,9,16.21,12,On Time,42.83
TRIP207061,Windy,Standard,Moderate,9.53,11,38,11.72,11,On Time,40.07
TRIP205613,Clear,Standard,High,3.71,3,50,6.02,18,Moderate Delay,31.30
TRIP200145,Clear,Mini Bus,High,5.21,3,8,2.33,20,On Time,34.86
TRIP206288,Rainy,Mini Bus,Low,11.39,13,18,2.83,13,Severe Delay,50.91
TRIP206707,Clear,Standard,Low,19.77,26,15,7.95,14,Moderate Delay,86.36
TRIP201038,Clear,Standard,High,2.87,3,52,18.00,13,On Time,17.26
TRIP208109,Rainy,Standard,Moderate,16.99,24,21,8.42,22,Moderate Delay,93.43
TRIP202848,Clear,Standard,Low,10.52,13,42,7.72,12,On Time,44.18
TRIP209440,Clear,Standard,Severe,9.86,11,25,8.87,15,Moderate Delay,69.69
TRIP209639,Rainy,Standard,Low,18.92,21,41,4.15,19,Severe Delay,99.55
TRIP205759,Clear,Standard,High,9.32,11,34,2.79,21,Moderate Delay,56.91
TRIP200290,Clear,Express,Low,15.62,14,15,2.46,19,Moderate Delay,61.87
TRIP209682,Clear,Express,High,10.37,11,21,4.78,21,On Time,43.08
TRIP203590,Clear,Standard,Moderate,7.15,7,29,7.46,14,On Time,23.31
TRIP200036,Clear,Standard,High,10.73,15,18,6.48,10,Moderate Delay,63.25
TRIP208314,Clear,Mini Bus,High,25.10,24,38,1.73,20,Severe Delay,170.29
TRIP209011,Windy,Standard,Moderate,7.51,11,58,2.01,17,Severe Delay,49.64
TRIP204173,Rainy,Express,High,7.67,12,27,14.28,7,Severe Delay,55.78
TRIP202483,Rainy,Standard,High,16.49,18,43,8.76,8,Severe Delay,115.00
TRIP208955,Foggy,Mini Bus,High,20.54,25,4,12.99,10,Severe Delay,125.76
TRIP201845,Clear,Standard,High,16.28,16,57,1.45,18,Severe Delay,108.07
TRIP202634,Clear,Mini Bus,Moderate,13.41,14,6,16.82,5,On Time,62.97
TRIP206281,Clear,Mini Bus,Severe,5.14,3,34,6.17,18,Severe Delay,48.02
TRIP201697,Clear,Mini Bus,Moderate,2.35,3,34,4.77,16,Moderate Delay,27.54
TRIP201091,Clear,Standard,High,5.37,4,39,1.31,9,Severe Delay,43.65
TRIP201555,Clear,Standard,Moderate,23.52,25,50,5.00,18,Severe Delay,136.50
TRIP207235,Rainy,Standard,Moderate,9.24,13,51,3.91,17,Severe Delay,65.63
TRIP201124,Clear,Standard,Moderate,6.83,8,22,6.04,22,On Time,33.10
TRIP201819,Clear,Standard,Moderate,21.64,23,19,5.00,6,Moderate Delay,115.32
TRIP200044,Windy,Express,High,21.88,21,22,3.46,23,Severe Delay,121.31
TRIP200600,Windy,Standard,High,7.84,5,20,3.19,11,On Time,45.96
TRIP209390,Clear,Mini Bus,Low,15.37,18,,1.48,18,Severe Delay,65.20
TRIP204218,Clear,Standard,Moderate,8.11,11,36,4.04,5,On Time,39.64
TRIP201034,Clear,Express,Severe,12.74,14,46,5.30,14,Moderate Delay,74.06
TRIP200484,Rainy,Express,High,16.32,20,24,3.64,5,Severe Delay,108.42
TRIP200883,Rainy,Standard,High,15.63,17,35,1.66,5,Severe Delay,104.11
TRIP205808,Clear,Mini Bus,Moderate,28.18,30,25,6.63,21,Severe Delay,163.03
TRIP207921,Clear,Express,Low,7.15,8,28,2.01,5,On Time,15.68
TRIP208126,Windy,Mini Bus,Severe,8.99,10,5,5.07,5,Severe Delay,61.32
TRIP204079,Windy,Standard,High,5.55,6,26,3.50,19,Moderate Delay,40.96
TRIP205861,Clear,Standard,Moderate,11.87,13,17,1.24,6,Severe Delay,50.10
TRIP206992,Clear,Standard,Moderate,7.42,11,15,5.53,22,On Time,48.92
TRIP207140,Clear,Standard,Low,4.46,3,34,6.82,21,On Time,12.39
TRIP200289,Foggy,Standard,Moderate,14.14,13,33,6.51,11,On Time,78.02
TRIP205997,Clear,Standard,Moderate,7.46,11,24,6.65,7,On Time,38.54
TRIP200469,Rainy,Mini Bus,Severe,14.55,12,33,4.37,12,Severe Delay,118.89
TRIP204437,Clear,Standard,Moderate,16.41,16,28,14.77,14,Moderate Delay,72.63
TRIP208765,Clear,Standard,Low,13.47,15,36,8.40,12,On Time,57.63
TRIP208877,Clear,Standard,High,3.91,5,42,6.65,10,On Time,32.34
TRIP205590,Foggy,Standard,Moderate,7.24,8,34,2.58,14,On Time,43.36
TRIP207098,Windy,Standard,Low,12.32,14,46,7.32,18,Severe Delay,56.93
TRIP206565,Clear,Mini Bus,Low,7.24,7,34,8.20,17,On Time,35.85
TRIP208983,Clear,Express,Moderate,8.37,8,53,4.79,7,Moderate Delay,33.16
TRIP203080,Windy,Standard,Moderate,9.10,11,31,8.80,23,Moderate Delay,45.38
TRIP207975,Rainy,Mini Bus,Moderate,19.27,19,15,9.68,22,Moderate Delay,111.73
TRIP201149,Clear,Standard,Moderate,7.88,10,31,6.69,5,On Time,38.84
TRIP204046,Foggy,Standard,Low,3.72,6,60,8.45,7,Severe Delay,35.04
TRIP203624,Rainy,Express,Severe,11.59,11,28,5.21,20,Severe Delay,82.78
TRIP209768,Windy,Standard,Moderate,16.56,14,56,3.70,16,Severe Delay,91.31
TRIP201035,Clear,Standard,High,13.21,15,34,9.88,14,On Time,79.31
TRIP203039,Windy,Express,Moderate,8.35,10,51,1.39,8,Severe Delay,40.64
TRIP204447,Clear,Standard,Moderate,6.41,7,33,13.60,5,On Time,25.37
TRIP205691,Foggy,Express,High,15.45,18,32,9.69,14,Severe Delay,91.30
TRIP206167,Windy,Express,High,4.19,7,19,7.38,15,On Time,23.62
TRIP200910,Clear,Standard,Moderate,8.55,8,41,0.63,18,Severe Delay,38.21
TRIP205983,Clear,,Moderate,5.81,6,45,4.30,6,On Time,28.14
TRIP201018,Clear,Standard,High,13.60,12,33,0.38,19,Severe Delay,77.42
TRIP200412,Foggy,Mini Bus,High,8.51,10,18,1.41,21,Severe Delay,63.49
TRIP202205,Rainy,,High,5.40,4,14,3.57,6,Severe Delay,40.03
TRIP205431,Foggy,Mini Bus,Low,5.00,3,4,4.04,23,On Time,21.19
TRIP204511,Foggy,Standard,Moderate,9.07,13,45,5.91,7,Severe Delay,53.57
TRIP202148,Clear,Mini Bus,Moderate,6.98,9,29,1.79,7,Severe Delay,41.56
TRIP205593,Clear,Standard,High,17.12,15,53,14.68,16,Severe Delay,100.13
TRIP204351,Clear,Express,High,3.22,4,54,9.99,7,Moderate Delay,31.59
TRIP208471,Clear,Mini Bus,High,5.35,4,12,1.80,6,Severe Delay,32.96
TRIP200264,Clear,Standard,Moderate,5.15,3,30,6.56,10,On Time,27.95
TRIP200553,Clear,Express,High,,12,24,7.35,21,On Time,54.71
TRIP203937,Clear,Mini Bus,Moderate,14.03,16,10,7.52,14,Moderate Delay,67.71
TRIP200840,Clear,Mini Bus,Moderate,13.97,15,17,1.43,21,Moderate Delay,73.25
TRIP202616,Clear,Standard,High,7.56,3,29,6.19,12,On Time,37.58
TRIP207108,Rainy,Express,High,9.99,9,27,7.14,9,Severe Delay,62.78
TRIP200657,Foggy,Standard,Low,3.20,3,38,5.53,11,On Time,16.69
TRIP204398,Clear,Mini Bus,High,10.06,11,26,4.86,8,Severe Delay,68.00
TRIP203717,Windy,Mini Bus,High,6.17,9,5,2.96,22,Moderate Delay,44.25
TRIP207032,Rainy,Standard,Moderate,4.76,9,60,5.45,7,Severe Delay,39.58
TRIP209365,Clear,Standard,Severe,2.50,4,42,10.58,18,Severe Delay,33.48
TRIP204469,Foggy,Standard,Severe,15.69,17,41,18.00,8,Severe Delay,128.57
TRIP206842,Clear,Express,Moderate,15.27,20,11,6.33,22,On Time,60.77
TRIP207016,Clear,Mini Bus,High,9.86,10,5,1.26,6,Moderate Delay,65.10
TRIP209212,Rainy,Express,High,10.04,10,35,1.83,17,Severe Delay,62.46
TRIP209423,Clear,Standard,Moderate,7.43,7,31,3.15,10,Moderate Delay,48.52
TRIP203529,,Standard,Moderate,12.03,13,40,1.80,18,Severe Delay,61.91
TRIP203928,Windy,Standard,Moderate,12.12,15,29,0.96,20,Moderate Delay,51.06
TRIP207996,Clear,Standard,High,8.81,7,30,3.36,21,Moderate Delay,46.10
TRIP208157,Rainy,Standard,High,7.19,8,10,10.71,11,Moderate Delay,51.42
TRIP200695,Foggy,Standard,Moderate,14.11,14,53,5.78,7,Moderate Delay,82.46
TRIP202257,Foggy,Standard,Moderate,15.17,15,44,4.11,16,Severe Delay,82.04
TRIP203544,Foggy,Express,Severe,,3,36,10.82,8,Severe Delay,36.91
TRIP207255,Rainy,Mini Bus,High,32.00,29,34,6.89,18,Severe Delay,180.00
TRIP202083,Windy,Mini Bus,High,8.36,9,6,0.51,21,Moderate Delay,62.58
TRIP202658,Rainy,Standard,Moderate,4.58,4,41,2.03,18,Severe Delay,33.95
TRIP204693,Clear,Standard,Moderate,13.50,15,42,9.48,18,Moderate Delay,63.47
TRIP204247,Rainy,Standard,Low,13.72,12,36,3.91,6,On Time,54.86
TRIP206170,Windy,Express,Moderate,13.52,16,15,0.78,23,Moderate Delay,62.60
TRIP206407,Rainy,Express,Moderate,6.53,3,15,3.18,8,On Time,20.10
TRIP201901,Clear,Standard,Moderate,4.94,8,24,4.24,23,On Time,23.51
TRIP200227,Clear,Express,Severe,4.90,5,31,2.78,11,Moderate Delay,25.97
TRIP208221,Clear,,High,18.26,21,26,2.37,11,Severe Delay,111.15
TRIP208333,Clear,Standard,Low,10.45,13,49,6.97,11,On Time,44.23
TRIP202797,Clear,Standard,High,8.16,9,26,2.97,15,Moderate Delay,45.77
TRIP202719,Clear,Standard,High,12.26,10,20,6.63,11,Moderate Delay,57.97
TRIP201578,Rainy,Standard,Low,19.96,23,27,9.27,14,On Time,93.13
TRIP201272,Clear,Express,Moderate,5.92,5,19,2.33,23,Moderate Delay,21.49
TRIP205214,,Standard,Low,4.48,3,25,5.83,6,On Time,19.49
TRIP208224,Clear,Express,High,11.70,12,23,10.34,13,On Time,64.94
TRIP203711,Foggy,Standard,High,16.96,20,31,3.03,20,Severe Delay,107.05
TRIP204521,Clear,Standard,Moderate,14.15,16,45,6.02,19,Severe Delay,67.03
TRIP205958,Clear,,Low,16.27,18,21,5.69,21,On Time,70.47
TRIP208582,Rainy,Mini Bus,Moderate,6.83,5,12,2.56,14,Moderate Delay,27.84
TRIP201624,Clear,Mini Bus,Moderate,3.61,5,4,4.55,15,On Time,17.09
TRIP207074,Rainy,Standard,Moderate,11.66,16,45,10.79,7,Severe Delay,68.03
TRIP200310,Clear,Express,Moderate,22.32,25,14,1.92,11,Moderate Delay,104.16
TRIP200634,Clear,Express,Severe,13.97,14,17,5.28,10,On Time,91.58
TRIP205276,Windy,Mini Bus,Low,13.93,15,19,3.33,21,On Time,52.37
TRIP205953,Clear,Standard,Moderate,3.22,3,37,11.76,15,On Time,28.81
TRIP200514,Clear,Standard,Low,12.50,12,38,10.51,14,On Time,40.96
TRIP204254,Foggy,Standard,High,8.22,8,26,8.59,14,Moderate Delay,54.00
TRIP207275,Foggy,Standard,High,15.14,17,14,6.22,14,Severe Delay,94.25
TRIP208812,Clear,Standard,Low,3.58,7,43,2.75,7,Moderate Delay,21.32
TRIP200471,Clear,Standard,Low,10.92,10,42,,19,Moderate Delay,52.05
TRIP202665,Rainy,Mini Bus,Moderate,9.92,8,15,3.10,10,Moderate Delay,48.19
TRIP206335,Windy,Standard,Moderate,6.04,8,41,6.03,23,On Time,23.96
TRIP201560,Clear,Standard,Moderate,11.63,14,42,2.44,8,Moderate Delay,64.16
TRIP209101,Clear,Standard,Moderate,13.39,18,47,1.17,22,Severe Delay,60.32
TRIP208864,Clear,Standard,Severe,9.09,11,30,6.59,13,Moderate Delay,67.02
TRIP205541,Clear,Express,Moderate,,13,11,12.41,6,On Time,34.15
TRIP204943,Clear,Standard,Low,17.63,17,35,1.74,11,Severe Delay,73.72
TRIP201512,Clear,Mini Bus,High,7.21,9,11,2.85,10,Moderate Delay,47.63
TRIP203905,Clear,Express,Moderate,5.30,7,24,2.20,5,On Time,14.54
TRIP206817,Windy,Standard,High,11.29,14,45,13.83,8,Severe Delay,75.67
TRIP205270,Clear,Standard,Low,9.70,10,60,,19,Moderate Delay,45.35
TRIP202987,Rainy,Standard,High,2.00,3,22,5.31,23,Moderate Delay,33.21
TRIP208210,Windy,Standard,Moderate,7.59,10,25,6.91,12,On Time,34.36
TRIP209036,Clear,Standard,Low,10.07,8,38,4.73,16,Moderate Delay,36.72
TRIP204915,Clear,Mini Bus,Severe,4.06,3,28,4.56,20,Severe Delay,34.96
TRIP204460,Clear,Mini Bus,High,5.63,8,22,4.45,20,Moderate Delay,39.91
TRIP202964,Windy,Standard,High,,13,33,3.56,20,Moderate Delay,68.82
TRIP201305,Windy,Mini Bus,High,4.84,8,23,16.24,7,Severe Delay,42.76
TRIP202932,Windy,Standard,Low,20.08,21,44,3.57,16,Moderate Delay,95.28
TRIP203379,Clear,Mini Bus,High,5.83,3,45,1.93,9,Moderate Delay,37.57
TRIP204336,Foggy,,High,7.52,11,34,2.07,8,Severe Delay,59.89
TRIP200644,Windy,Standard,High,4.44,5,55,1.12,7,Severe Delay,46.15
TRIP208751,Clear,Standard,High,16.11,18,38,4.43,16,Severe Delay,117.76
TRIP208729,Clear,Express,Low,32.00,36,34,9.43,17,Moderate Delay,165.87
TRIP204566,Rainy,Standard,High,9.68,8,38,2.91,13,Severe Delay,66.60
TRIP207428,Clear,Express,High,4.46,4,25,0.75,13,On Time,12.00
TRIP200520,Windy,Mini Bus,Moderate,13.41,10,40,3.45,18,Severe Delay,74.49
TRIP208150,Clear,Standard,High,14.63,14,58,8.90,8,Severe Delay,82.02
TRIP209143,Clear,Mini Bus,Low,10.60,8,17,2.03,11,On Time,45.64
TRIP205204,Clear,Standard,High,9.44,11,42,3.88,7,Moderate Delay,57.11
TRIP201602,Clear,Standard,High,19.91,21,28,2.16,23,Severe Delay,114.86
TRIP203018,Clear,Mini Bus,Low,4.52,5,15,2.71,16,Moderate Delay,26.32
TRIP207213,Foggy,Mini Bus,High,7.82,10,18,9.81,13,Severe Delay,62.54
TRIP202969,Clear,Standard,Moderate,21.91,23,48,5.53,17,Severe Delay,128.74
TRIP204397,Clear,Standard,Severe,5.99,7,57,5.17,19,Severe Delay,56.99
TRIP208406,Clear,Standard,Severe,13.93,17,49,8.31,19,Severe Delay,105.69
TRIP200086,Rainy,Mini Bus,Moderate,21.67,24,15,9.10,13,Moderate Delay,117.33
TRIP206158,Windy,Mini Bus,Severe,11.37,10,23,4.64,19,Severe Delay,86.18
TRIP205682,Clear,Standard,High,7.40,10,21,2.74,11,Moderate Delay,40.59
TRIP202258,Clear,Mini Bus,Severe,5.30,5,23,3.63,21,Moderate Delay,31.55
TRIP204328,Clear,Standard,Moderate,9.49,11,45,4.88,8,Moderate Delay,62.28
TRIP209016,Clear,Mini Bus,Severe,17.19,16,7,3.51,5,Severe Delay,137.62
TRIP207036,Clear,Mini Bus,Low,2.37,3,33,5.89,19,On Time,19.16
TRIP203372,Clear,Mini Bus,Moderate,9.73,8,13,6.42,7,Moderate Delay,63.60
TRIP204354,Windy,Standard,Moderate,10.68,11,33,7.13,18,Moderate Delay,62.25
TRIP203440,Foggy,Standard,High,14.13,10,31,4.83,11,Moderate Delay,89.57
TRIP207905,Clear,Standard,High,18.78,24,47,5.73,17,Severe Delay,120.09
TRIP206869,Clear,Standard,High,11.47,13,40,3.66,13,On Time,64.26
TRIP201776,Rainy,Express,Moderate,4.52,6,,1.63,22,Moderate Delay,24.02
TRIP201987,Rainy,Standard,Low,8.54,9,14,15.70,14,On Time,38.23
TRIP207868,Clear,Express,Moderate,15.03,13,23,16.72,16,On Time,59.40
TRIP203058,Clear,Standard,High,11.17,14,32,3.74,11,Moderate Delay,72.81
TRIP204137,,Standard,Severe,7.67,9,44,1.04,6,Moderate Delay,57.10
TRIP209269,Windy,Mini Bus,Moderate,15.00,16,32,2.20,7,Severe Delay,77.83
TRIP200802,Clear,Express,Moderate,21.63,20,32,4.88,21,Moderate Delay,102.90
TRIP201826,Clear,Standard,Low,8.59,9,54,7.91,16,Severe Delay,37.63
TRIP209146,Windy,Standard,Moderate,2.32,3,54,6.04,18,Moderate Delay,22.81
TRIP203566,Rainy,Standard,High,10.42,8,40,0.68,14,Severe Delay,68.20
TRIP208553,,Standard,Low,20.18,20,42,18.00,9,Severe Delay,86.81
TRIP203312,Clear,Standard,Severe,31.56,33,46,8.18,7,Severe Delay,180.00
TRIP207083,Clear,Mini Bus,Moderate,13.01,17,42,12.20,7,Severe Delay,65.96
TRIP201762,Windy,Express,High,14.33,14,34,8.36,7,Severe Delay,77.24
TRIP207127,Clear,Express,Moderate,2.44,3,39,6.23,8,Moderate Delay,12.00
TRIP208086,,Express,High,12.40,13,27,5.01,16,Severe Delay,68.12
TRIP208774,Rainy,Standard,Moderate,13.75,21,37,2.64,9,Severe Delay,89.62
TRIP200502,Clear,Express,High,9.91,6,42,7.83,15,On Time,54.77
TRIP202395,Clear,Standard,High,8.43,10,27,2.51,6,Moderate Delay,48.53
TRIP200401,Clear,Standard,High,8.85,13,34,13.00,22,Moderate Delay,56.69
TRIP203639,Clear,Standard,Moderate,7.03,7,41,7.81,8,Moderate Delay,35.89
TRIP209626,Clear,Standard,Moderate,5.77,3,27,16.58,23,On Time,29.70
TRIP202312,Windy,Mini Bus,Low,2.00,6,32,6.60,18,Moderate Delay,35.21
TRIP203733,Clear,Standard,Low,14.51,16,27,7.08,20,On Time,47.23
TRIP205282,Clear,Standard,High,19.77,20,42,6.06,11,Severe Delay,122.26
TRIP200231,Clear,Standard,Severe,6.50,7,48,9.52,8,Severe Delay,53.23
TRIP208708,Clear,Mini Bus,Moderate,6.00,6,20,3.41,16,On Time,36.89
TRIP202617,Clear,Standard,Moderate,2.00,3,32,3.70,15,On Time,19.85
TRIP207061,Windy,Standard,Moderate,9.53,11,38,11.72,11,On Time,40.07
TRIP203300,Foggy,Standard,Moderate,12.46,9,57,2.58,18,Severe Delay,70.30
TRIP203359,Clear,Standard,Severe,15.20,14,56,4.58,8,Severe Delay,112.94
TRIP200325,Clear,Express,Moderate,11.06,9,31,11.63,8,Moderate Delay,42.63
TRIP202469,Foggy,Express,Moderate,7.80,8,34,7.39,18,On Time,35.74
TRIP208505,Windy,Mini Bus,Low,3.94,4,38,1.80,16,Severe Delay,27.20
TRIP209588,Clear,Standard,Low,4.79,3,28,6.40,21,On Time,15.58
TRIP200252,Windy,Standard,Low,9.00,7,35,8.71,11,On Time,37.60
TRIP204065,Clear,Standard,Low,8.87,11,24,1.87,5,Moderate Delay,35.18
TRIP202282,Clear,Mini Bus,Moderate,16.12,15,36,7.28,7,Severe Delay,93.01
TRIP204316,Clear,Standard,Severe,10.55,10,28,8.39,20,Moderate Delay,65.63
TRIP202306,Clear,Standard,Moderate,8.59,8,28,8.10,11,On Time,35.66
TRIP204149,Rainy,Mini Bus,Moderate,15.71,13,31,16.09,17,Moderate Delay,86.27
TRIP200098,Rainy,Standard,High,4.86,7,29,4.10,5,Moderate Delay,47.99
TRIP201467,Clear,Standard,High,2.23,3,30,1.71,18,Moderate Delay,33.35
TRIP208146,Rainy,Standard,High,9.11,12,10,6.34,22,Severe Delay,68.42
TRIP201176,Rainy,Express,Moderate,10.31,15,24,7.06,14,On Time,42.84
TRIP206400,Windy,Mini Bus,Moderate,,26,28,13.59,14,Moderate Delay,123.85
TRIP204685,Clear,,Moderate,5.87,5,42,7.88,8,On Time,41.21
TRIP200587,Clear,Standard,High,11.96,16,38,5.72,13,Moderate Delay,72.48
TRIP200223,Foggy,Standard,Low,20.08,19,39,4.69,19,Moderate Delay,102.76
TRIP203926,Clear,Standard,Moderate,4.29,3,28,5.03,5,On Time,22.42
TRIP207124,Clear,Mini Bus,High,19.94,22,15,4.39,13,Severe Delay,124.64
TRIP204049,Clear,Standard,Severe,30.37,30,26,7.99,15,Severe Delay,180.00
TRIP204561,Windy,Mini Bus,Moderate,11.00,11,25,5.34,18,Moderate Delay,60.74
TRIP204884,Clear,Express,Severe,11.19,9,41,2.75,18,Severe Delay,71.53
TRIP204676,Rainy,Standard,Severe,8.31,9,32,10.60,14,Moderate Delay,66.74
TRIP202486,Rainy,Express,Severe,4.87,3,13,9.14,10,Moderate Delay,39.88
TRIP208028,Windy,Standard,High,3.88,9,17,10.15,12,Moderate Delay,37.29
TRIP201866,Rainy,Standard,High,10.49,10,32,0.51,5,Severe Delay,78.52
TRIP205516,Rainy,Standard,Low,13.46,14,45,1.88,15,Moderate Delay,55.80
TRIP207077,Windy,Mini Bus,High,3.85,4,40,2.59,9,Severe Delay,38.43
TRIP202979,Clear,Mini Bus,Moderate,8.99,8,4,1.06,10,On Time,44.78
TRIP201001,Foggy,Standard,High,9.99,13,15,10.81,21,Moderate Delay,61.26
TRIP206254,Clear,Express,Severe,9.88,12,19,6.78,11,Moderate Delay,53.85
TRIP202801,Foggy,Standard,High,18.66,23,50,9.18,16,Severe Delay,127.34
TRIP204986,Windy,Mini Bus,Moderate,6.72,8,27,6.35,8,Moderate Delay,48.47
TRIP204142,Rainy,Standard,High,4.52,3,44,8.46,13,Moderate Delay,33.37
TRIP206100,Rainy,Express,Moderate,11.72,17,32,1.23,19,Severe Delay,67.48
TRIP207135,Foggy,Standard,High,10.98,10,27,3.74,5,Severe Delay,69.21
TRIP206571,Windy,Standard,Low,,30,34,5.62,23,Moderate Delay,129.94
TRIP207787,,Mini Bus,Severe,19.02,20,14,10.35,20,Severe Delay,138.04
TRIP207841,Windy,Express,Severe,26.29,26,27,14.93,11,Severe Delay,180.00
TRIP205583,Clear,Express,Moderate,19.41,23,26,6.93,20,On Time,91.36
TRIP207621,Rainy,Standard,High,13.58,15,30,8.84,10,Severe Delay,93.97
TRIP206630,Foggy,Mini Bus,Moderate,15.18,12,31,4.11,19,Severe Delay,87.23
TRIP208497,Clear,Standard,Moderate,3.59,6,42,6.56,8,Severe Delay,26.41
TRIP206249,Clear,Standard,Severe,11.91,14,41,6.72,17,Severe Delay,90.47
TRIP201453,Rainy,Mini Bus,Moderate,6.45,6,21,0.43,8,Severe Delay,54.38
TRIP200101,Clear,Standard,High,3.44,7,41,7.12,22,On Time,26.75
TRIP202399,Clear,Standard,Low,18.52,23,38,5.64,9,Moderate Delay,87.07
TRIP202414,Clear,,Low,7.79,5,40,2.34,21,On Time,28.28
TRIP209748,Clear,Standard,High,3.72,3,37,2.57,12,Moderate Delay,27.54
TRIP205948,Rainy,Standard,Moderate,18.12,20,36,0.66,23,Severe Delay,102.20
TRIP202198,Windy,Mini Bus,High,13.47,14,38,1.44,21,Severe Delay,85.12
TRIP204666,Rainy,Mini Bus,High,8.35,7,5,0.77,12,Severe Delay,62.04
TRIP201172,Foggy,Standard,Moderate,7.52,10,20,10.75,13,On Time,42.89
TRIP203326,Clear,Standard,High,18.25,23,46,12.59,10,Severe Delay,125.78
TRIP206893,Clear,Express,High,22.44,22,40,4.54,9,Severe Delay,135.62
TRIP205394,Rainy,Standard,Low,8.17,9,24,6.34,10,On Time,33.51
TRIP208890,Foggy,Standard,Moderate,6.27,7,50,9.52,16,Severe Delay,51.05
TRIP203522,Rainy,Express,Moderate,6.52,11,34,6.14,19,Moderate Delay,41.41
TRIP207169,Clear,Express,Moderate,8.52,8,25,0.59,17,Severe Delay,35.24
TRIP201991,Foggy,Standard,Moderate,16.69,22,42,6.78,11,Moderate Delay,95.19
TRIP206945,Rainy,Mini Bus,Low,19.92,22,11,1.06,22,Moderate Delay,97.96
TRIP209580,Clear,Express,Moderate,4.52,6,21,0.75,8,On Time,30.30
TRIP202091,Clear,Mini Bus,High,5.77,8,20,7.12,10,Moderate Delay,31.92
TRIP203180,Rainy,Mini Bus,High,5.90,5,24,1.64,6,Severe Delay,49.43
TRIP201652,Clear,Standard,Moderate,15.78,14,25,0.81,10,Moderate Delay,76.86
TRIP208904,,Express,High,13.86,15,19,14.14,11,Moderate Delay,52.02
TRIP201240,Windy,Standard,Moderate,18.63,17,48,8.63,18,Severe Delay,104.95
TRIP208486,Rainy,Standard,Moderate,5.03,3,32,7.74,13,On Time,23.23
TRIP200971,Clear,Standard,High,5.59,10,42,7.13,22,On Time,38.41
TRIP201135,Clear,Standard,Moderate,8.45,11,33,7.57,10,On Time,41.01
TRIP201943,Clear,Standard,Moderate,17.14,19,47,5.99,17,Severe Delay,97.74
TRIP204534,Clear,Mini Bus,High,7.49,6,49,5.08,8,Severe Delay,47.32
TRIP208687,Clear,,Moderate,3.12,4,46,6.07,19,Moderate Delay,28.78
TRIP209327,Rainy,Standard,High,13.67,14,26,2.09,21,Severe Delay,86.47
TRIP201835,Clear,Mini Bus,Low,7.82,8,14,10.58,14,On Time,25.92
TRIP206484,Windy,Express,Low,16.69,15,18,3.91,15,On Time,46.79
TRIP206219,Clear,Standard,Moderate,3.19,3,48,4.16,16,Severe Delay,29.84
TRIP207569,Clear,Express,Moderate,7.55,10,41,7.55,17,Moderate Delay,23.03
TRIP204541,,Standard,Moderate,2.00,5,42,7.33,7,Moderate Delay,21.75
TRIP209636,Clear,Mini Bus,High,9.46,12,27,0.97,5,Moderate Delay,58.48
TRIP208162,Rainy,Standard,High,31.18,33,25,6.66,5,Severe Delay,180.00
TRIP209453,Rainy,Standard,Moderate,8.73,9,34,3.92,5,Moderate Delay,52.23
TRIP202285,Windy,Standard,Moderate,9.01,9,35,14.07,12,On Time,51.48
TRIP209076,Clear,Standard,Moderate,14.12,15,21,2.85,15,Moderate Delay,62.63
TRIP207948,,Standard,High,22.61,23,34,4.93,11,Severe Delay,144.93
TRIP204131,Clear,Express,Severe,6.40,4,32,10.58,18,Moderate Delay,36.67
TRIP204717,,Mini Bus,Moderate,20.57,21,22,4.53,10,Moderate Delay,108.12
TRIP208604,Clear,Mini Bus,Moderate,8.28,7,7,13.98,20,On Time,35.32
TRIP205474,Clear,Mini Bus,High,3.82,5,22,5.11,6,Moderate Delay,35.79
TRIP201962,Clear,Standard,Severe,12.32,12,45,0.63,17,Severe Delay,97.21
TRIP208715,Rainy,Standard,High,9.17,9,42,5.93,17,Severe Delay,74.30
TRIP204489,Clear,Standard,Severe,7.03,5,38,10.89,10,Moderate Delay,60.47
TRIP207896,Clear,Standard,High,10.41,15,41,3.18,19,Moderate Delay,66.11
TRIP209380,Clear,Mini Bus,Low,9.77,11,5,11.71,15,On Time,26.35
TRIP207264,Clear,Standard,High,12.09,11,46,5.20,20,Moderate Delay,71.07
TRIP208326,Rainy,Standard,Low,10.02,14,41,7.99,11,On Time,46.91
TRIP209343,Clear,,Moderate,5.02,5,39,9.79,18,Moderate Delay,36.45
TRIP200048,Clear,Express,Moderate,13.54,13,8,4.73,23,On Time,49.31
TRIP200908,Clear,Express,High,4.56,3,30,6.78,17,Moderate Delay,14.89
TRIP207695,Rainy,,High,10.83,14,35,3.26,7,Severe Delay,88.95
TRIP201830,Clear,Standard,High,2.41,3,28,7.09,5,On Time,23.48
TRIP202103,Clear,Standard,High,14.90,18,54,1.96,17,Severe Delay,96.62
TRIP203862,Clear,Express,Low,11.14,6,24,7.14,11,On Time,37.53
TRIP207548,Clear,,High,2.48,3,27,5.36,22,On Time,24.76
TRIP203534,Windy,Standard,Moderate,18.69,19,33,1.26,6,Severe Delay,89.64
TRIP204214,Clear,Mini Bus,Severe,23.88,25,31,7.29,21,Severe Delay,180.00
TRIP205638,Rainy,Standard,Severe,9.23,10,49,18.00,7,Severe Delay,83.62
TRIP203665,Clear,,High,4.39,4,31,4.79,19,Moderate Delay,45.09
TRIP201369,Rainy,Standard,High,22.47,25,37,7.08,23,Severe Delay,159.73
TRIP203474,Clear,Standard,Low,6.41,6,21,6.12,5,On Time,21.83
TRIP204063,Clear,Mini Bus,Low,3.33,3,7,3.71,15,On Time,20.68
TRIP207064,Rainy,Mini Bus,Low,10.68,10,24,9.29,22,On Time,52.34
TRIP206556,Clear,Mini Bus,Severe,6.51,6,14,1.93,8,Severe Delay,51.93
TRIP207345,Clear,Standard,High,3.23,5,53,5.81,9,Moderate Delay,33.61
TRIP201195,Rainy,Standard,High,16.02,18,40,5.85,9,Severe Delay,111.27
TRIP208104,Clear,Mini Bus,High,6.95,4,19,2.21,11,Severe Delay,43.74
TRIP204071,Clear,Mini Bus,High,6.65,3,15,2.37,5,Moderate Delay,37.92
TRIP205387,Windy,Standard,Moderate,22.21,21,48,7.70,17,Severe Delay,126.85
TRIP200724,Windy,Standard,High,7.85,10,26,4.82,21,On Time,47.69
TRIP204855,Clear,Standard,Severe,19.21,22,29,9.14,7,Severe Delay,143.54
TRIP206952,Clear,Standard,Moderate,13.90,14,52,1.54,17,Severe Delay,75.37
TRIP201114,Clear,Express,Severe,10.61,10,20,4.87,11,On Time,56.30
TRIP209721,Windy,Standard,Severe,3.84,3,40,2.01,20,Moderate Delay,38.62
TRIP207600,Rainy,Standard,Low,11.83,11,41,9.76,20,Moderate Delay,55.05
TRIP201340,Clear,Standard,High,7.71,8,32,4.30,5,Moderate Delay,51.47
TRIP207306,Rainy,Express,High,8.21,9,20,5.07,21,Moderate Delay,48.38
TRIP202673,Rainy,Standard,Low,5.66,6,35,2.33,11,Moderate Delay,25.64
TRIP205544,Clear,Express,High,16.39,15,29,5.25,8,Moderate Delay,98.95
TRIP204948,Rainy,Standard,High,5.73,8,39,4.08,22,Severe Delay,44.25
TRIP204812,Clear,Standard,High,16.58,18,40,,5,Moderate Delay,101.75
TRIP204453,Clear,Standard,Moderate,15.90,19,35,9.35,21,Moderate Delay,82.01
TRIP200313,Clear,Standard,Moderate,,7,50,5.33,9,Severe Delay,30.68
TRIP206697,Rainy,Express,Low,14.96,12,19,18.00,21,On Time,57.42
TRIP203247,Clear,Express,High,6.07,7,34,9.73,7,Moderate Delay,42.09
TRIP207852,Clear,Standard,Low,8.65,11,35,12.22,7,On Time,36.56
TRIP201421,Windy,,High,8.95,10,59,8.03,19,Severe Delay,51.92
TRIP204455,Clear,Standard,Moderate,9.83,14,28,6.31,11,On Time,48.40
TRIP204806,Clear,Standard,Low,9.52,10,53,3.85,8,Moderate Delay,36.01
TRIP207724,Rainy,Express,Moderate,8.88,12,18,10.28,6,On Time,30.86
TRIP200983,Clear,Express,High,14.05,17,32,1.22,21,Severe Delay,71.04
TRIP200867,Clear,Mini Bus,Severe,9.71,13,24,6.93,8,Severe Delay,72.54
TRIP207376,Rainy,Standard,Severe,6.74,4,25,9.11,22,Moderate Delay,61.15
TRIP202146,Clear,Standard,Moderate,14.93,13,43,1.70,18,Severe Delay,92.11
TRIP205685,Windy,Mini Bus,Moderate,14.33,14,35,10.62,20,On Time,67.02
TRIP202534,Clear,Standard,High,5.55,7,29,8.08,11,On Time,36.73
TRIP208360,Foggy,Express,Severe,21.32,20,33,4.52,18,Severe Delay,169.79
TRIP206852,Clear,Standard,Low,7.31,8,36,9.21,12,On Time,17.46
TRIP209846,Foggy,Standard,High,15.13,17,32,4.78,17,Severe Delay,101.83
TRIP208925,Rainy,Standard,Moderate,10.54,9,41,1.15,12,Severe Delay,52.70
TRIP204809,Windy,Mini Bus,High,14.35,14,15,12.31,11,Moderate Delay,90.69
TRIP201804,Foggy,Standard,Low,3.65,4,57,8.25,9,Severe Delay,36.63
TRIP206412,Rainy,Mini Bus,Moderate,21.95,22,8,11.89,6,Moderate Delay,120.93
TRIP205137,Rainy,Standard,Moderate,5.25,3,27,6.54,13,On Time,33.62
TRIP201802,Clear,Standard,Moderate,9.26,13,31,2.81,9,Severe Delay,43.28
TRIP206855,Foggy,Standard,Low,9.50,10,31,5.30,11,On Time,45.92
TRIP204729,Clear,Standard,Moderate,11.70,14,15,3.95,14,On Time,50.53
TRIP208103,Windy,Standard,High,9.52,11,42,9.35,9,Severe Delay,66.62
TRIP201155,Clear,Standard,Moderate,13.11,14,26,3.44,15,On Time,55.60
TRIP209105,Clear,Express,Moderate,8.40,12,8,5.74,10,On Time,32.50
TRIP201402,Clear,Standard,Moderate,11.22,13,34,5.29,9,Moderate Delay,51.16
TRIP206377,Windy,Standard,High,9.44,6,46,12.59,9,Severe Delay,62.75
TRIP208361,Windy,Standard,Low,18.24,23,,0.30,7,Severe Delay,87.83
TRIP209373,Clear,Standard,High,8.00,8,20,12.12,5,Moderate Delay,37.54
TRIP203720,Foggy,Standard,Moderate,13.13,14,55,,17,Severe Delay,70.21
TRIP208143,Rainy,Express,Low,7.81,7,22,10.50,14,On Time,35.96
TRIP207483,Clear,Standard,High,9.86,10,51,2.01,14,Severe Delay,50.28
TRIP204932,Clear,Standard,High,8.49,9,43,6.20,11,Moderate Delay,53.98
TRIP205094,Clear,Mini Bus,Low,6.09,7,24,4.01,23,On Time,31.38
TRIP202868,Clear,,High,6.45,8,15,5.80,15,On Time,26.66
TRIP200845,Rainy,Mini Bus,Low,10.69,15,10,6.02,22,Moderate Delay,49.34
TRIP201456,Foggy,Standard,High,11.28,14,30,6.40,15,Moderate Delay,63.52
TRIP202130,Clear,Standard,Moderate,7.81,6,35,6.90,11,On Time,29.16
TRIP207437,Foggy,Express,Moderate,8.40,11,14,6.46,12,On Time,29.31
TRIP208043,Clear,Mini Bus,Low,10.40,14,23,1.70,13,On Time,48.63
TRIP200009,Clear,Standard,Low,13.72,15,48,9.07,16,Severe Delay,53.44
TRIP205054,Foggy,Mini Bus,Severe,3.72,5,13,4.32,5,Severe Delay,41.67
TRIP203184,Clear,Standard,High,9.68,10,43,11.39,13,Moderate Delay,48.39
TRIP208718,Clear,Express,High,12.79,13,32,10.26,16,Moderate Delay,65.27
TRIP208062,Windy,Standard,Moderate,8.94,6,19,10.78,6,On Time,37.70
TRIP209176,Clear,Standard,Moderate,5.66,6,15,2.86,13,On Time,31.52
TRIP204493,Clear,Standard,Moderate,5.79,7,28,5.01,14,On Time,28.08
TRIP204866,Clear,Standard,Moderate,11.85,13,31,7.15,21,Moderate Delay,56.48
TRIP200916,Foggy,Standard,Low,8.94,9,,9.33,16,Moderate Delay,45.78
TRIP201368,Clear,Express,Low,10.38,10,10,3.79,22,On Time,19.77
TRIP206333,Windy,Standard,Moderate,13.68,13,40,2.86,10,Moderate Delay,65.32
TRIP203155,,Standard,Severe,11.83,14,42,4.58,11,Severe Delay,103.76
TRIP205776,Rainy,Standard,Moderate,9.85,13,34,14.46,10,Moderate Delay,51.87
TRIP201949,Rainy,Standard,Moderate,6.79,10,26,6.35,15,On Time,48.52
TRIP201074,Clear,Standard,High,6.18,6,27,4.24,21,On Time,36.54
TRIP202921,Clear,Standard,Moderate,14.66,18,40,17.31,23,On Time,61.06
TRIP208004,Rainy,Standard,Moderate,24.01,27,16,5.52,23,Severe Delay,137.11
TRIP202231,Foggy,Standard,Moderate,7.42,5,35,5.54,15,Moderate Delay,35.96
TRIP205026,Rainy,Standard,Low,8.19,9,19,8.62,20,On Time,33.37
TRIP205967,Clear,Standard,Moderate,15.38,16,31,6.01,18,Moderate Delay,74.18
TRIP205379,Rainy,Express,Low,9.31,10,12,6.58,11,On Time,30.55
TRIP206762,Clear,Mini Bus,Severe,32.00,32,3,7.10,21,Severe Delay,180.00
TRIP202842,Windy,Mini Bus,High,9.68,11,22,0.98,18,Severe Delay,59.42
TRIP209582,Rainy,Standard,Moderate,9.07,12,46,4.60,12,Moderate Delay,45.65
TRIP200911,Clear,Standard,High,12.13,10,60,1.79,19,Severe Delay,78.48
TRIP204256,Clear,Standard,High,11.39,16,49,2.56,13,Moderate Delay,75.09
TRIP206665,Windy,Standard,High,13.61,15,46,,7,Severe Delay,88.33
TRIP205624,Clear,Express,Severe,22.78,18,21,14.37,14,Moderate Delay,152.27
TRIP205030,Clear,Mini Bus,Moderate,11.12,7,12,4.18,15,On Time,51.09
TRIP208887,Rainy,Standard,High,6.14,8,26,0.80,22,Severe Delay,45.64
TRIP200420,Rainy,Standard,High,7.57,6,29,1.29,21,Severe Delay,58.85
TRIP203073,Clear,Standard,Low,14.30,20,30,9.58,19,Moderate Delay,67.75
TRIP202688,Windy,Express,Moderate,21.05,20,40,13.00,6,Moderate Delay,92.92
TRIP204966,Windy,Mini Bus,Moderate,5.01,4,33,5.24,7,Moderate Delay,35.18
TRIP200680,Windy,Mini Bus,Severe,9.87,15,3,7.44,14,Moderate Delay,69.15
TRIP202528,Clear,Standard,Moderate,5.51,5,38,3.69,12,On Time,23.41
TRIP208871,Rainy,Standard,Low,6.43,6,51,4.53,5,Moderate Delay,31.96
TRIP207391,Clear,Express,Severe,10.01,11,32,2.15,9,Moderate Delay,67.39
TRIP205425,Windy,Express,High,10.82,10,16,7.38,22,Moderate Delay,60.17
TRIP201913,Clear,Standard,Moderate,11.88,12,35,14.46,22,On Time,48.35
TRIP203855,Clear,Mini Bus,Moderate,15.23,18,21,2.07,10,Moderate Delay,64.45
TRIP203810,Rainy,Standard,Moderate,13.68,16,37,3.19,6,Moderate Delay,69.24
TRIP202136,Clear,Standard,High,4.14,6,22,8.56,22,On Time,27.90
TRIP205450,Rainy,Express,Moderate,10.48,15,28,8.53,14,On Time,51.03
TRIP203023,Clear,Standard,High,10.99,13,35,1.09,7,Severe Delay,67.12
TRIP204773,Clear,Express,Severe,21.77,25,41,2.73,16,Severe Delay,167.79
TRIP201722,Rainy,Standard,Low,2.77,5,13,4.44,15,On Time,22.00
TRIP200241,Clear,Standard,Moderate,6.37,8,36,7.87,14,On Time,36.44
TRIP205524,Rainy,Standard,High,10.24,12,21,6.81,22,Moderate Delay,70.46
TRIP209673,Clear,Mini Bus,Low,9.41,12,35,3.05,19,Moderate Delay,43.53
TRIP200717,Rainy,Standard,Moderate,12.29,15,42,6.88,12,Moderate Delay,49.71
TRIP207100,Clear,Standard,Moderate,8.37,11,47,1.60,19,Severe Delay,33.51
TRIP202226,Clear,Standard,High,13.70,11,38,5.35,10,Moderate Delay,79.43
TRIP201326,Clear,Express,High,5.69,5,28,7.79,10,Moderate Delay,25.69
TRIP200841,Rainy,Mini Bus,Severe,2.58,4,19,1.64,9,Severe Delay,51.98
TRIP205666,Clear,Mini Bus,Low,20.37,21,29,1.77,17,Severe Delay,92.22
TRIP207181,Rainy,Mini Bus,Severe,13.02,15,29,2.01,11,Severe Delay,113.52
TRIP203672,Rainy,Mini Bus,Moderate,16.73,18,14,9.00,22,Moderate Delay,91.50
TRIP209849,Clear,Standard,Low,6.38,10,34,7.39,5,Moderate Delay,28.70
TRIP204407,Clear,Mini Bus,Moderate,14.92,15,21,1.93,11,Severe Delay,71.68
TRIP201892,Clear,Express,High,7.74,9,20,1.94,7,Severe Delay,35.04
TRIP209266,Clear,Standard,Low,10.26,10,34,3.98,22,On Time,44.61
TRIP206139,Windy,Mini Bus,High,12.10,15,21,2.34,5,Severe Delay,78.08
TRIP205483,Foggy,Mini Bus,Severe,12.56,10,16,3.89,23,Severe Delay,87.58
TRIP200981,Clear,Standard,Low,14.88,14,,3.13,17,Moderate Delay,73.21
TRIP204496,Clear,Mini Bus,High,16.61,17,21,4.75,8,Severe Delay,103.25
TRIP200813,Rainy,Mini Bus,Low,16.87,20,37,4.61,18,Severe Delay,71.51
TRIP201990,Windy,Standard,Low,6.58,8,36,12.51,12,On Time,25.68
TRIP202519,Rainy,Standard,High,7.29,10,46,5.95,6,Severe Delay,55.86
TRIP203145,Rainy,Standard,High,19.56,18,41,4.78,18,Severe Delay,129.72
TRIP206497,Clear,Standard,Moderate,7.03,6,42,4.19,13,On Time,43.99
TRIP207795,Clear,Express,Low,6.98,9,8,3.76,12,On Time,15.76
TRIP203231,Rainy,Mini Bus,Moderate,17.57,20,8,2.95,12,Severe Delay,87.55
TRIP207203,Clear,Standard,Moderate,9.79,9,44,9.13,18,Moderate Delay,47.52
TRIP209662,Windy,Standard,Severe,12.04,11,25,5.34,15,Moderate Delay,88.93
TRIP209253,Clear,Standard,High,27.52,30,57,0.93,16,Severe Delay,180.00
TRIP201196,Rainy,Mini Bus,Moderate,12.22,11,47,6.91,18,Severe Delay,68.23
TRIP209464,Rainy,Express,Moderate,6.78,8,33,2.87,13,Moderate Delay,37.82
TRIP208803,Clear,Standard,Moderate,7.02,7,36,2.21,19,Moderate Delay,44.95
TRIP207646,Clear,Standard,High,11.66,16,20,0.78,15,Severe Delay,68.22
TRIP204278,Clear,Mini Bus,Low,20.12,24,18,1.02,15,Moderate Delay,100.24
TRIP202541,Clear,,Moderate,,6,26,5.83,13,On Time,37.38
TRIP202817,Clear,,Low,18.85,22,30,3.63,10,On Time,88.87
TRIP204977,Windy,Express,Moderate,5.19,6,13,11.38,6,On Time,20.23
TRIP209831,Foggy,Standard,High,18.42,21,54,5.48,16,Severe Delay,122.57
TRIP207885,Rainy,Standard,High,5.08,7,37,1.03,5,Severe Delay,43.59
TRIP205398,Clear,Express,Moderate,5.15,3,21,6.51,14,On Time,13.50
TRIP207266,Clear,Express,High,21.80,24,15,2.27,15,Severe Delay,125.23
TRIP205076,Windy,Standard,High,12.21,15,46,4.53,9,Severe Delay,78.94
TRIP203763,Clear,Mini Bus,Moderate,9.70,12,10,17.07,22,On Time,39.25
TRIP204319,Clear,Standard,Moderate,22.17,25,18,8.03,10,Moderate Delay,114.77
TRIP204249,Windy,Standard,High,9.07,7,36,9.80,19,Moderate Delay,55.43
TRIP202763,Rainy,Standard,Severe,31.46,34,36,3.18,5,Severe Delay,180.00
TRIP208946,Foggy,Express,Moderate,6.50,6,19,5.48,20,Moderate Delay,38.52
TRIP207012,Clear,Standard,High,7.95,9,28,1.67,22,Moderate Delay,40.90
TRIP202283,Clear,Standard,Moderate,8.49,10,38,10.83,19,Moderate Delay,47.96
TRIP206887,Clear,Express,Moderate,21.51,25,27,11.43,18,Moderate Delay,97.51
TRIP201352,Clear,Mini Bus,High,23.41,22,16,1.00,20,Severe Delay,139.71
TRIP202732,Clear,Standard,High,,13,34,1.91,6,Moderate Delay,49.80
TRIP202920,Clear,Standard,High,8.37,9,31,4.19,14,On Time,41.57
TRIP202111,Clear,Standard,Low,7.77,6,33,4.65,23,On Time,32.93
TRIP202067,Rainy,Standard,Low,3.12,3,44,1.52,18,Moderate Delay,35.82
TRIP203098,Clear,Standard,Moderate,6.92,9,34,0.94,13,Moderate Delay,34.25
TRIP201024,Rainy,Express,Low,20.72,27,22,1.82,23,Moderate Delay,93.88
TRIP201562,Clear,Standard,High,13.67,15,47,4.81,22,Moderate Delay,83.65
TRIP200986,Clear,Mini Bus,High,11.15,12,23,2.05,16,Severe Delay,60.91
TRIP200092,Clear,Express,Low,11.19,10,24,10.59,20,On Time,16.95
TRIP205598,Clear,Standard,High,20.83,19,7,5.77,6,Moderate Delay,126.68
TRIP207278,Foggy,Mini Bus,Moderate,9.05,11,12,4.48,11,On Time,51.94
TRIP204868,Clear,Standard,High,20.89,21,63,8.06,7,Severe Delay,139.62
TRIP201094,Rainy,Mini Bus,Moderate,32.00,32,17,3.35,5,Severe Delay,180.00
TRIP200655,Rainy,Standard,High,9.40,11,35,4.40,14,Moderate Delay,71.62
TRIP206403,Clear,Standard,High,8.35,10,47,3.96,8,Severe Delay,52.08
TRIP205628,Clear,Standard,Moderate,5.85,6,42,1.75,11,On Time,16.61
TRIP204148,Clear,Standard,Moderate,13.19,13,39,2.80,9,Severe Delay,68.17
TRIP206970,Clear,,Severe,7.51,8,43,2.91,5,Moderate Delay,60.77
TRIP205044,Rainy,Express,High,7.53,11,31,2.61,16,Severe Delay,57.01
TRIP201933,Windy,Mini Bus,Moderate,5.02,4,,4.72,13,On Time,27.57
TRIP200897,Foggy,Standard,Moderate,3.75,5,41,18.00,12,Moderate Delay,32.24
TRIP203148,Clear,Mini Bus,High,9.09,10,16,1.64,14,Severe Delay,54.73
TRIP208813,Clear,Standard,Moderate,10.74,13,33,9.95,23,On Time,60.59
TRIP206114,Rainy,Standard,Moderate,21.36,25,,4.48,10,Moderate Delay,120.56
TRIP204181,Windy,Mini Bus,Low,6.48,6,3,2.88,6,On Time,29.85
TRIP208158,Rainy,Standard,High,11.29,12,41,6.91,22,Severe Delay,77.52
TRIP209617,Rainy,Standard,Moderate,10.33,12,23,8.42,12,On Time,62.12
TRIP209059,Clear,Express,Moderate,13.46,10,42,4.71,8,Moderate Delay,60.59
TRIP204266,Clear,Mini Bus,Low,5.94,8,29,5.33,20,On Time,18.77
TRIP207561,Rainy,Mini Bus,Moderate,9.73,10,20,7.19,12,Moderate Delay,46.70
TRIP200885,Clear,Standard,Low,17.99,18,40,3.76,9,Severe Delay,80.25
TRIP203656,Clear,Mini Bus,Moderate,7.10,10,40,5.26,16,Moderate Delay,48.31
TRIP204360,Clear,Standard,High,8.11,12,58,8.86,17,Severe Delay,49.01
TRIP207700,Windy,Mini Bus,High,5.69,7,,10.57,20,Moderate Delay,38.65
TRIP202900,Clear,Standard,High,6.43,3,38,18.00,15,On Time,40.87
TRIP201279,Rainy,Mini Bus,Moderate,21.51,23,28,2.46,8,Severe Delay,128.93
TRIP207665,Rainy,Mini Bus,Moderate,20.48,24,35,10.16,7,Severe Delay,118.75
TRIP202152,Clear,Standard,High,10.15,11,43,9.59,16,Severe Delay,69.30
TRIP207659,Rainy,Express,High,11.29,13,21,8.09,20,Severe Delay,68.37
TRIP200531,Foggy,Express,High,20.65,22,27,6.19,18,Severe Delay,130.64
TRIP203449,Rainy,Standard,Low,5.31,9,50,0.40,11,Moderate Delay,42.29
TRIP205653,Rainy,Standard,High,8.88,11,42,3.76,17,Severe Delay,78.34
TRIP200689,Windy,Standard,Moderate,18.29,16,37,3.89,6,Moderate Delay,93.53
TRIP204172,Clear,Mini Bus,Moderate,8.05,7,15,,21,On Time,27.76
TRIP201335,Clear,Express,Low,8.47,11,46,2.87,7,Severe Delay,34.30
TRIP203170,Clear,Standard,High,7.00,5,34,4.09,7,Moderate Delay,37.12
TRIP204362,Foggy,Standard,High,14.17,13,18,2.64,20,Severe Delay,77.77
TRIP203397,Clear,Standard,Moderate,4.65,6,41,3.56,11,On Time,42.61
TRIP205022,Clear,Mini Bus,Severe,8.21,11,26,5.28,9,Severe Delay,61.05
TRIP208656,Clear,Express,Low,12.48,16,30,3.31,10,On Time,51.88
TRIP202827,,Standard,High,4.24,5,32,11.62,22,On Time,36.92
TRIP204725,Clear,Express,High,3.52,3,16,13.37,18,On Time,14.06
TRIP200486,Windy,Standard,High,10.40,13,57,5.26,21,Severe Delay,58.64
TRIP201910,Clear,Mini Bus,High,18.66,18,18,9.94,20,Severe Delay,120.64
TRIP203912,Clear,,Low,2.82,3,9,11.95,14,On Time,22.08
TRIP207034,Clear,Standard,High,7.62,7,52,3.90,18,Severe Delay,52.66
TRIP209154,Clear,Standard,High,9.73,11,43,18.00,9,Moderate Delay,57.85
TRIP209308,Clear,Standard,High,20.05,21,55,2.52,15,Severe Delay,129.49
TRIP204814,Clear,Mini Bus,Severe,13.84,16,20,7.05,7,Severe Delay,107.12
TRIP203002,Clear,Mini Bus,Low,12.20,13,15,1.85,5,On Time,49.83
TRIP206085,Rainy,Express,High,4.48,3,45,11.76,9,Severe Delay,42.55
TRIP206819,Clear,Mini Bus,Moderate,7.01,9,20,4.03,19,Moderate Delay,40.47
TRIP203799,Rainy,Express,Low,2.25,3,15,5.89,11,On Time,12.41
TRIP201260,Foggy,Mini Bus,Moderate,15.61,12,22,6.57,15,Moderate Delay,72.54
TRIP204630,Clear,Standard,Moderate,15.93,14,37,4.18,14,On Time,79.97
TRIP209005,Windy,Standard,High,13.64,15,41,10.47,14,Moderate Delay,86.10
TRIP201651,Windy,Mini Bus,High,12.99,12,15,,17,Severe Delay,87.54
TRIP206115,,Standard,High,6.84,7,61,5.01,7,Severe Delay,61.01
TRIP207411,Clear,Express,Moderate,4.30,3,15,4.33,10,On Time,16.45
TRIP201099,Clear,Standard,Moderate,,12,39,,7,On Time,60.95
TRIP205161,Rainy,Mini Bus,Low,21.46,21,20,8.31,22,On Time,95.03
TRIP207480,Clear,Mini Bus,Moderate,11.53,10,24,7.74,9,Moderate Delay,60.09
TRIP207300,Foggy,Express,High,5.24,6,25,1.72,11,Moderate Delay,37.19
TRIP200237,Foggy,Express,Severe,16.68,18,29,3.77,16,Severe Delay,127.05
TRIP204291,Windy,Standard,Moderate,21.76,25,44,2.96,16,Severe Delay,126.28
TRIP201166,Clear,Mini Bus,High,7.10,5,27,5.95,19,Severe Delay,46.14
TRIP204772,Clear,Standard,Severe,9.83,11,29,7.01,10,Moderate Delay,59.13
TRIP203209,Clear,Standard,High,10.25,14,43,4.60,16,Severe Delay,71.18
TRIP201740,Clear,Standard,Low,7.02,8,46,2.70,9,Severe Delay,32.35
TRIP203236,Rainy,Standard,High,10.54,13,38,5.55,12,Severe Delay,72.49
TRIP205700,Clear,Express,High,7.32,7,25,3.16,12,On Time,34.23
TRIP207825,Rainy,Standard,High,15.37,17,48,8.98,9,Severe Delay,105.58
TRIP204066,Windy,Mini Bus,Moderate,6.89,7,14,3.62,12,On Time,39.53
TRIP203804,Rainy,Standard,High,17.31,19,47,11.67,12,Severe Delay,119.28
TRIP206514,Rainy,Standard,Moderate,4.90,6,56,3.68,17,Moderate Delay,52.97
TRIP205151,Clear,Standard,Severe,7.08,4,64,5.61,8,Severe Delay,49.16
TRIP208930,Clear,Standard,Severe,14.01,14,32,10.02,14,Moderate Delay,107.39
TRIP205738,Rainy,Standard,Moderate,4.71,7,56,5.31,12,Moderate Delay,26.51
TRIP208615,Clear,Standard,Low,6.95,12,23,2.83,6,On Time,28.07
TRIP206045,Clear,Mini Bus,High,18.13,16,14,12.80,23,Moderate Delay,107.30
TRIP202266,Clear,Mini Bus,Severe,7.40,7,12,18.00,13,Moderate Delay,51.40
TRIP202279,Clear,Express,High,15.79,14,8,9.64,6,Moderate Delay,75.70
TRIP201890,Clear,Standard,Moderate,4.32,5,,5.04,15,On Time,18.37
TRIP202227,Clear,Standard,High,10.98,8,34,5.50,5,Moderate Delay,59.71
TRIP201202,Clear,Express,Moderate,9.50,9,30,18.00,23,On Time,34.58
TRIP200522,Clear,Standard,High,9.56,11,44,7.08,19,Moderate Delay,52.44
TRIP202812,Clear,Standard,Severe,26.08,26,42,6.65,16,Severe Delay,180.00
TRIP201728,Rainy,Express,High,14.54,22,37,15.99,12,Severe Delay,84.71
TRIP200503,Clear,Standard,High,15.89,22,37,3.61,9,Severe Delay,99.31
TRIP200369,Windy,Standard,Moderate,6.13,7,65,6.60,17,Severe Delay,45.43
TRIP208270,Rainy,Express,High,5.90,8,12,5.59,10,On Time,38.42
TRIP207506,Windy,Standard,Severe,4.65,6,27,8.50,21,Moderate Delay,37.86
TRIP207783,Rainy,Standard,High,13.80,15,35,4.64,15,Moderate Delay,99.22
TRIP208908,Clear,Mini Bus,High,7.99,5,3,4.42,9,Severe Delay,51.53
TRIP208171,Rainy,Standard,Severe,15.08,10,48,7.89,17,Severe Delay,119.91
TRIP209825,Clear,Standard,Low,7.73,7,32,2.89,22,Moderate Delay,41.92
TRIP205774,Clear,Express,Severe,14.70,20,29,2.13,17,Severe Delay,106.71
TRIP204721,Windy,Standard,Moderate,10.64,16,29,6.36,10,On Time,63.52
TRIP202244,Clear,Standard,Moderate,13.95,19,46,3.92,5,Severe Delay,72.22
TRIP208970,Clear,Mini Bus,Low,10.11,9,27,3.08,19,Moderate Delay,42.40
TRIP202670,Rainy,Express,Moderate,13.79,11,27,3.29,9,Moderate Delay,65.82
TRIP204555,Foggy,Standard,Moderate,10.77,11,35,6.22,21,On Time,63.45
TRIP209451,Clear,Standard,High,22.07,25,60,10.84,7,Severe Delay,155.21
TRIP204050,Clear,Standard,High,4.23,5,30,1.12,10,Moderate Delay,22.42
TRIP207490,Clear,Mini Bus,High,10.00,9,10,7.74,5,Moderate Delay,55.18
TRIP202990,Clear,Standard,Moderate,5.32,3,34,10.44,10,On Time,27.74
TRIP207521,Foggy,Mini Bus,Severe,9.58,9,29,6.28,18,Severe Delay,83.49
TRIP205356,Windy,Standard,Moderate,18.75,14,20,0.76,23,Moderate Delay,83.75
TRIP204537,Clear,Mini Bus,Severe,2.71,3,27,10.42,6,Moderate Delay,34.38
TRIP209268,Clear,Standard,High,20.93,22,31,3.68,22,Severe Delay,135.28
TRIP201928,,Express,Moderate,15.01,23,24,3.66,19,Moderate Delay,60.33
TRIP201559,Clear,Mini Bus,High,7.58,6,28,10.65,9,Moderate Delay,53.62
TRIP202147,Clear,Standard,Moderate,14.20,15,49,5.19,14,Moderate Delay,62.65
TRIP203375,Clear,Express,Low,7.15,7,23,2.53,10,On Time,18.48
TRIP202562,Clear,Standard,Severe,11.65,13,23,3.07,6,Moderate Delay,83.96
TRIP203548,Clear,Mini Bus,Severe,8.56,5,16,9.73,23,Moderate Delay,59.69
TRIP201329,Clear,Standard,Low,9.69,10,,9.47,21,On Time,40.34
TRIP204175,Clear,Mini Bus,Moderate,4.21,4,39,2.09,7,Moderate Delay,26.74
TRIP204322,Clear,Express,High,4.24,7,38,3.78,17,Moderate Delay,30.12
TRIP208388,Windy,Standard,Severe,11.24,14,36,2.08,12,Severe Delay,84.47
TRIP206492,Clear,Express,Severe,10.38,10,13,9.64,9,Moderate Delay,65.27
TRIP205445,Foggy,Express,High,13.36,15,42,5.54,8,Severe Delay,87.58
TRIP207546,Rainy,Mini Bus,Moderate,12.89,8,27,8.55,21,Moderate Delay,66.64
TRIP205849,Windy,Standard,High,5.31,6,28,8.24,12,Moderate Delay,31.21
TRIP209240,Clear,Standard,High,4.69,4,46,3.49,14,Moderate Delay,23.52
TRIP203371,Rainy,Standard,Moderate,14.72,14,43,2.39,20,Moderate Delay,74.57
TRIP207049,Rainy,Standard,Low,10.91,8,48,7.07,16,Severe Delay,58.65
TRIP201753,Windy,Express,Severe,7.14,7,24,5.41,17,Severe Delay,46.09
TRIP204424,Rainy,Mini Bus,High,11.73,10,14,1.04,13,Severe Delay,74.08
TRIP203136,,Mini Bus,Moderate,9.72,7,6,0.70,11,Moderate Delay,42.48
TRIP203945,Clear,Standard,Moderate,9.07,9,30,8.46,6,On Time,48.63
TRIP206624,Foggy,Standard,Moderate,9.59,10,35,9.95,6,On Time,51.58
TRIP203481,Clear,,Low,10.96,11,37,6.84,14,On Time,34.51
TRIP207824,Foggy,Standard,High,6.90,7,25,10.98,21,Moderate Delay,43.61
TRIP208968,Rainy,Standard,Moderate,21.93,23,21,4.07,10,Severe Delay,122.01
TRIP204340,Clear,Mini Bus,High,15.33,11,18,9.97,11,Moderate Delay,80.13
TRIP204462,Clear,Mini Bus,High,4.68,3,14,2.28,15,Severe Delay,40.57
TRIP208061,Clear,Standard,Severe,20.96,21,53,6.10,9,Severe Delay,158.40
TRIP204788,Rainy,Standard,Moderate,10.44,12,21,1.80,23,Moderate Delay,56.40
TRIP209108,,Express,Moderate,9.23,11,26,1.71,5,On Time,29.40
TRIP203811,Clear,Mini Bus,Severe,6.56,8,18,12.68,17,Moderate Delay,58.19
TRIP200998,Clear,,Low,7.37,5,13,5.08,6,On Time,22.76
TRIP203366,Windy,Standard,Moderate,12.32,11,16,3.01,6,On Time,53.71
TRIP204654,Windy,Mini Bus,Severe,12.21,12,34,15.04,18,Severe Delay,102.42
TRIP207171,Clear,Standard,Moderate,13.43,12,45,16.35,22,Moderate Delay,67.99
TRIP200927,Rainy,Standard,High,12.84,13,42,11.11,19,Severe Delay,96.54
TRIP203466,Windy,Standard,Low,11.79,9,38,7.17,19,Moderate Delay,44.15
TRIP201516,Windy,Standard,Moderate,3.03,4,32,3.66,15,On Time,18.52
TRIP208179,Windy,Standard,Moderate,6.94,8,19,6.82,11,On Time,30.64
TRIP203439,Rainy,Express,Moderate,7.76,10,10,1.13,11,On Time,34.90
TRIP208989,Clear,Express,Moderate,6.93,3,19,3.86,19,On Time,18.79
TRIP203062,Windy,Express,Moderate,6.72,4,20,5.94,17,Moderate Delay,17.95
TRIP204274,Rainy,Standard,High,6.49,11,16,2.25,6,Severe Delay,58.81
TRIP207378,Clear,Standard,Severe,14.87,18,,5.50,15,Moderate Delay,115.70
TRIP208456,Clear,Standard,High,18.50,18,46,5.82,18,Severe Delay,109.12
TRIP200514,Clear,Standard,Low,12.50,12,38,10.51,14,On Time,40.96
TRIP203391,Clear,Standard,Moderate,15.68,16,43,11.66,14,On Time,78.43
TRIP207791,Foggy,Express,Moderate,10.45,14,36,3.81,7,Moderate Delay,40.94
TRIP203586,Clear,Standard,High,8.44,10,19,4.42,11,Moderate Delay,54.04
TRIP209214,Clear,Express,Low,8.89,7,30,5.29,7,On Time,31.31
TRIP202029,Clear,Mini Bus,Moderate,13.02,12,11,1.62,6,On Time,68.15
TRIP204002,Clear,Express,Severe,12.43,13,32,4.65,18,Severe Delay,81.69
TRIP209325,,Express,High,10.13,9,25,3.48,9,Severe Delay,54.27
TRIP203467,Clear,Standard,Moderate,13.03,11,58,4.49,19,Severe Delay,67.61
TRIP200646,Rainy,Standard,Moderate,13.91,13,31,4.44,5,On Time,73.49
TRIP204180,Clear,Standard,Low,17.51,16,38,16.77,11,On Time,69.77
TRIP204113,Clear,Standard,Low,8.76,10,35,2.78,12,On Time,32.42
TRIP202508,Clear,Express,Severe,12.52,14,26,9.29,17,Moderate Delay,88.99
TRIP209432,Clear,Mini Bus,Low,7.21,5,30,4.35,17,Moderate Delay,31.09
TRIP203441,Clear,Express,Moderate,8.02,6,38,9.41,16,On Time,38.62
TRIP200951,Clear,Mini Bus,Low,27.00,31,,4.48,7,Severe Delay,143.06
TRIP203793,Clear,Standard,Moderate,14.23,13,27,1.86,22,On Time,66.88
TRIP203693,Clear,Mini Bus,High,5.64,6,31,4.97,16,Severe Delay,44.09
TRIP202498,Rainy,Express,High,9.26,8,21,10.33,5,Moderate Delay,45.56
TRIP208629,Clear,Standard,Moderate,19.99,22,51,6.19,16,Severe Delay,116.00
TRIP202077,Rainy,Express,High,12.26,15,49,0.64,17,Severe Delay,80.09
TRIP202252,Clear,Express,Severe,10.77,10,8,2.20,10,Severe Delay,55.91
TRIP205829,Rainy,Mini Bus,Low,15.16,13,32,4.60,12,Moderate Delay,68.91
TRIP206524,Windy,Standard,Moderate,5.82,7,49,4.14,7,Moderate Delay,39.77
TRIP205301,Clear,Mini Bus,High,10.95,12,27,10.74,12,Moderate Delay,73.78
TRIP205143,Windy,Express,Moderate,6.28,9,29,9.62,15,On Time,25.81
TRIP205681,Rainy,Express,Moderate,14.55,16,31,7.69,16,Moderate Delay,70.40
TRIP207351,Rainy,Standard,Severe,8.92,11,36,3.89,10,Moderate Delay,78.68
TRIP203433,Clear,Mini Bus,Low,6.10,6,16,3.31,14,On Time,34.27
TRIP203051,Clear,Mini Bus,Moderate,5.57,6,18,3.34,14,On Time,30.92
TRIP204385,Rainy,Standard,High,10.09,11,11,13.14,12,Severe Delay,77.43
TRIP202509,Windy,Standard,High,3.27,5,37,5.10,22,On Time,34.24
TRIP203759,Clear,Mini Bus,Low,6.96,12,31,9.31,17,On Time,34.92
TRIP203211,Clear,Standard,Moderate,18.03,14,32,2.32,5,Moderate Delay,93.89
TRIP202610,Clear,Standard,Moderate,18.92,19,28,11.28,15,Moderate Delay,89.47
TRIP204655,Clear,Mini Bus,Severe,18.25,22,32,16.64,6,Severe Delay,132.95
TRIP207131,Clear,Express,Moderate,5.14,3,15,1.11,6,On Time,14.09
TRIP206212,Windy,Express,Low,12.61,13,41,16.12,19,On Time,51.75
TRIP201243,Clear,Mini Bus,Moderate,8.01,10,31,1.77,17,Severe Delay,48.25
TRIP206184,Clear,Express,Severe,8.51,11,26,,6,Moderate Delay,50.65
TRIP203520,Rainy,Express,Severe,12.04,16,8,11.92,22,Severe Delay,89.31
TRIP201720,Rainy,Express,High,15.13,18,19,6.20,14,Severe Delay,87.46
TRIP204992,Foggy,Standard,Severe,4.03,4,23,4.18,6,Severe Delay,40.87
TRIP205197,Clear,Mini Bus,Moderate,14.06,16,7,18.00,12,On Time,62.19
TRIP209078,Windy,Standard,Moderate,9.94,13,49,13.98,8,Severe Delay,55.99
TRIP201875,Foggy,Mini Bus,Severe,3.59,3,12,4.35,20,Severe Delay,33.35
TRIP202666,Foggy,Mini Bus,Moderate,6.21,6,21,15.37,13,On Time,41.80
TRIP203294,Clear,Mini Bus,Moderate,19.42,21,7,3.20,15,Moderate Delay,98.10
TRIP208844,Clear,Standard,Moderate,15.54,17,38,1.32,16,Severe Delay,87.69
TRIP205856,Clear,Express,High,5.58,5,22,4.89,18,Moderate Delay,31.35
TRIP206367,Foggy,Mini Bus,High,17.38,16,30,3.95,17,Severe Delay,113.47
TRIP208105,Clear,Mini Bus,Moderate,6.23,6,33,8.02,23,On Time,34.88
TRIP202262,Clear,Mini Bus,High,9.28,10,8,12.02,22,Moderate Delay,50.43
TRIP206920,Windy,Standard,Low,,6,38,5.33,13,On Time,25.83
TRIP207246,Clear,Standard,Moderate,11.86,15,29,11.22,15,On Time,55.66
TRIP202393,,Standard,Severe,10.52,9,34,6.29,10,Moderate Delay,73.24
TRIP203198,Windy,Standard,Low,11.19,11,37,7.75,23,On Time,47.91
TRIP200571,Clear,Standard,Moderate,7.46,4,42,12.29,21,On Time,20.92
TRIP208625,Foggy,Standard,Moderate,32.00,32,45,5.04,21,Severe Delay,180.00
TRIP202997,Clear,Standard,High,12.08,12,22,2.57,10,Moderate Delay,70.11
TRIP201766,Windy,Standard,High,12.40,16,11,3.24,15,Moderate Delay,77.92
TRIP204282,Rainy,Standard,High,18.24,16,29,2.06,23,Severe Delay,119.41
TRIP202721,Rainy,Standard,High,18.40,17,36,4.60,23,Severe Delay,128.29
TRIP202141,Foggy,Standard,Moderate,6.20,5,27,4.36,12,On Time,32.15
TRIP204825,Clear,Express,Moderate,8.54,7,38,1.76,8,Moderate Delay,43.87
TRIP208235,Rainy,Express,Moderate,10.09,10,14,18.00,14,On Time,37.45
TRIP201431,Rainy,Standard,Severe,20.42,24,32,6.76,17,Severe Delay,171.32
TRIP200757,Windy,Express,Low,15.31,12,3,3.81,16,On Time,54.94
TRIP205651,Clear,Standard,Moderate,9.00,9,30,5.61,12,On Time,52.62
TRIP204971,Clear,Standard,Moderate,13.52,11,36,2.40,16,Severe Delay,68.86
TRIP200248,,Standard,Low,8.17,10,38,16.17,21,On Time,27.49
TRIP202531,Clear,Standard,High,2.61,3,65,11.58,17,Moderate Delay,21.81
TRIP204780,Rainy,Mini Bus,Moderate,7.88,9,13,2.59,21,Moderate Delay,43.00
TRIP200551,Clear,Mini Bus,Moderate,11.22,13,24,11.15,20,On Time,52.94
TRIP208072,Windy,Standard,Moderate,8.56,8,10,6.57,13,Moderate Delay,31.29
TRIP207956,Windy,Standard,Low,12.04,14,48,13.69,19,Moderate Delay,60.43
TRIP209406,Windy,Standard,Severe,7.34,8,31,5.45,15,Moderate Delay,50.26
TRIP204793,Clear,Express,Moderate,5.49,7,38,2.90,19,Moderate Delay,32.94
TRIP200160,Rainy,Standard,Low,13.88,15,50,13.36,7,Moderate Delay,65.78
TRIP201757,Clear,Express,Severe,10.16,11,24,4.95,8,Severe Delay,71.13
TRIP201986,Rainy,Standard,High,14.92,13,52,14.86,7,Severe Delay,101.66
TRIP205023,Foggy,Mini Bus,High,4.23,4,39,1.73,16,Severe Delay,50.33
TRIP207060,Foggy,Standard,Moderate,3.48,4,26,3.06,15,On Time,31.71
TRIP200314,Rainy,Standard,Moderate,5.04,6,37,0.88,17,Severe Delay,44.56
TRIP206501,Clear,Standard,Moderate,10.48,7,28,2.37,20,On Time,51.28
TRIP206192,,Standard,Moderate,12.01,12,58,0.26,7,Severe Delay,59.56
TRIP205999,Rainy,Mini Bus,Moderate,14.59,17,37,6.35,19,Severe Delay,84.95
TRIP205582,Rainy,Express,Moderate,4.17,5,16,7.53,8,On Time,36.10
TRIP206051,Clear,Standard,Low,12.87,14,50,6.60,8,Moderate Delay,65.98
TRIP204476,Clear,Express,Moderate,23.33,26,45,3.34,16,Severe Delay,122.38
TRIP205496,Rainy,Standard,Low,10.61,9,22,1.90,10,On Time,48.07
TRIP206182,Clear,Standard,Low,8.89,11,40,0.82,14,On Time,37.76
TRIP201536,Windy,Mini Bus,High,13.37,13,32,0.78,23,Severe Delay,68.72
TRIP209847,Clear,Standard,Moderate,,5,38,8.73,12,On Time,33.72
TRIP203227,Clear,Standard,Severe,7.46,6,25,6.40,22,Moderate Delay,59.03
TRIP207353,Foggy,Standard,Moderate,6.60,5,41,5.70,6,On Time,38.04
TRIP207865,Clear,Standard,Moderate,6.81,7,32,5.73,6,On Time,38.33
TRIP207775,Foggy,Express,Moderate,18.60,20,37,6.14,17,Moderate Delay,94.61
TRIP209047,Clear,Standard,Moderate,16.07,19,35,3.94,9,Severe Delay,79.58
TRIP200677,Rainy,Standard,Moderate,8.78,8,39,3.89,17,Moderate Delay,60.63
TRIP207989,Clear,Standard,Low,4.27,3,28,11.04,22,On Time,17.12
TRIP202974,Rainy,Standard,Moderate,3.37,3,35,5.35,5,On Time,26.98
TRIP206679,Rainy,Express,High,14.78,13,28,5.14,10,Severe Delay,88.58
TRIP201548,Rainy,Mini Bus,High,27.77,29,18,10.96,20,Severe Delay,180.00
TRIP201709,Windy,Standard,High,5.19,5,38,1.16,6,Moderate Delay,34.91
TRIP206814,Windy,Express,Moderate,13.34,13,28,6.87,6,On Time,56.92
TRIP208998,Clear,Standard,Moderate,18.76,24,30,9.74,15,Severe Delay,91.50
TRIP206136,Rainy,Mini Bus,High,7.41,6,14,2.95,23,Severe Delay,53.11
TRIP206936,Rainy,Standard,Low,10.00,10,15,2.29,21,On Time,39.10
TRIP207578,Windy,Standard,Severe,10.79,10,26,3.33,13,Moderate Delay,73.65
TRIP205329,Foggy,Standard,Moderate,22.30,24,34,2.82,11,Severe Delay,112.08
TRIP207708,Rainy,Standard,High,9.92,11,46,1.12,20,Severe Delay,66.22
TRIP205110,Clear,,High,21.72,23,27,7.28,14,Moderate Delay,132.67
TRIP203619,Foggy,Express,Moderate,17.57,17,31,3.44,5,Moderate Delay,82.09
TRIP202186,Clear,Standard,High,6.00,9,48,3.24,7,Severe Delay,41.24
TRIP209525,Clear,Standard,Moderate,16.15,17,35,3.07,10,Moderate Delay,81.28
TRIP202293,Foggy,Standard,High,8.30,9,56,9.25,19,Severe Delay,59.08
TRIP203618,,,Low,8.79,13,19,1.09,6,Moderate Delay,43.03
TRIP206639,Rainy,Standard,High,5.33,10,34,16.63,14,Severe Delay,45.74
TRIP208941,Clear,Standard,Low,9.26,15,40,1.49,16,Severe Delay,52.80
TRIP203479,Clear,Standard,Low,6.86,5,40,3.10,17,Moderate Delay,27.70
TRIP203228,Clear,Standard,Severe,18.07,22,38,10.24,22,Severe Delay,143.13
TRIP204310,Rainy,Standard,High,10.62,8,24,4.41,10,Moderate Delay,75.15
TRIP209471,Clear,Standard,Moderate,10.55,12,22,5.43,21,On Time,48.92
TRIP201289,Foggy,Standard,High,15.92,18,29,2.59,11,Severe Delay,106.36
TRIP202770,Windy,Mini Bus,High,7.22,14,8,6.96,10,Moderate Delay,54.63
TRIP202400,Clear,Standard,High,3.12,7,27,13.80,10,On Time,20.48
TRIP206680,Clear,Express,Moderate,15.90,14,32,17.82,16,Moderate Delay,56.00
TRIP200096,Windy,Standard,Moderate,16.68,18,28,3.06,16,Severe Delay,76.81
TRIP202839,Clear,Standard,High,17.15,18,41,8.04,12,Moderate Delay,98.19
TRIP200792,Windy,Standard,Moderate,5.60,4,43,2.66,12,Moderate Delay,24.98
TRIP205609,Foggy,Express,Moderate,9.74,12,28,3.24,10,On Time,35.02
TRIP205804,Clear,Express,Low,5.34,3,23,12.39,8,On Time,15.53
TRIP205506,Windy,Standard,High,10.06,9,29,6.31,22,On Time,53.35
TRIP209392,Clear,Mini Bus,Moderate,10.48,11,15,6.47,17,Moderate Delay,57.06
TRIP205604,Rainy,Standard,Moderate,16.51,16,52,3.34,17,Severe Delay,100.79
TRIP205914,Clear,Standard,Moderate,12.88,11,28,12.59,9,Moderate Delay,62.31
TRIP202092,Clear,Standard,Low,7.65,9,38,3.37,17,Moderate Delay,39.19
TRIP201313,,Mini Bus,High,5.70,4,33,18.00,19,Severe Delay,52.39
TRIP205654,Foggy,Express,Moderate,21.22,25,28,7.80,23,Moderate Delay,107.59
TRIP206490,Clear,Standard,Low,13.74,16,32,9.93,5,On Time,60.45
TRIP202281,Clear,Standard,Low,3.17,3,25,14.25,18,On Time,12.00
TRIP205035,Clear,Standard,Moderate,7.26,5,56,9.18,6,On Time,32.10
TRIP206934,Clear,Standard,High,3.96,3,36,10.90,12,On Time,22.51
TRIP208640,Rainy,Standard,High,13.47,15,41,5.37,18,Severe Delay,90.33
TRIP204418,Windy,Express,High,10.59,11,28,3.31,17,Severe Delay,61.07
TRIP201105,Foggy,Standard,High,7.58,9,31,4.17,9,Severe Delay,63.03
TRIP205641,Clear,Standard,Moderate,10.59,10,49,15.34,14,On Time,40.26
TRIP200568,Clear,Standard,High,3.02,3,33,6.24,15,On Time,12.00
TRIP202474,Clear,Express,High,14.48,14,13,9.09,23,On Time,74.14
TRIP208958,Clear,Mini Bus,Moderate,6.22,9,23,18.00,9,Moderate Delay,38.66
TRIP202776,Foggy,Express,Moderate,11.51,13,38,0.85,9,Severe Delay,51.42
TRIP203156,Clear,Express,Low,5.28,5,,1.64,22,On Time,17.79
TRIP207303,Rainy,Standard,Moderate,13.74,13,24,3.13,22,On Time,69.54
TRIP204395,Foggy,Standard,Moderate,3.91,3,,2.07,13,Moderate Delay,20.27
TRIP204673,Clear,Mini Bus,Moderate,7.11,9,20,7.37,5,On Time,25.19
TRIP201977,Clear,Standard,Moderate,6.70,7,35,2.30,5,On Time,23.92
TRIP201349,Foggy,Standard,High,14.70,14,27,7.06,6,Severe Delay,93.16
TRIP206637,Clear,Standard,Moderate,14.11,17,29,3.16,5,Moderate Delay,77.76
TRIP200881,Clear,Standard,High,12.51,14,30,4.10,22,Moderate Delay,76.77
TRIP202539,Clear,Standard,Moderate,9.07,10,36,0.54,23,Moderate Delay,39.74
TRIP208124,,Standard,High,11.68,15,30,2.97,12,Severe Delay,70.35
TRIP208695,Clear,Mini Bus,Moderate,13.64,13,10,12.84,12,On Time,54.85
TRIP200629,Rainy,Standard,High,6.04,3,40,2.76,17,Severe Delay,51.11
TRIP202239,Windy,Mini Bus,High,4.65,3,10,4.29,14,Moderate Delay,25.18
TRIP205100,Clear,Standard,Moderate,23.07,25,8,3.56,13,Moderate Delay,131.54
TRIP201791,Clear,Mini Bus,Low,22.13,22,6,5.52,5,Moderate Delay,100.06
TRIP207276,Clear,Standard,High,6.53,6,59,18.00,8,Severe Delay,53.47
TRIP202844,Clear,Mini Bus,High,4.09,6,32,5.06,17,Moderate Delay,41.62
TRIP201323,Windy,Mini Bus,Moderate,11.89,8,41,8.70,7,Severe Delay,75.02
TRIP204431,Clear,Express,High,6.06,5,17,2.08,13,Moderate Delay,35.04
TRIP200334,Windy,Standard,Moderate,16.34,17,32,1.54,23,Severe Delay,76.30
TRIP201182,Windy,Standard,Low,5.85,5,44,1.99,19,Moderate Delay,31.73
TRIP203490,Rainy,Standard,Moderate,7.96,8,25,4.35,5,Moderate Delay,46.38
TRIP207102,Clear,Standard,High,6.12,8,43,9.04,8,Severe Delay,50.85
TRIP209502,Rainy,Standard,Severe,15.17,15,50,6.52,19,Severe Delay,129.70
TRIP202877,Clear,Express,Moderate,7.65,8,27,8.34,6,On Time,18.01
TRIP208528,Clear,Standard,Low,32.00,29,31,3.77,6,Severe Delay,178.73
TRIP204634,Clear,Mini Bus,High,6.90,8,11,,22,On Time,25.68
TRIP200141,Clear,Standard,Moderate,16.31,19,45,5.10,17,Severe Delay,90.00
TRIP200437,,Standard,Moderate,9.51,9,31,5.72,5,On Time,37.13
TRIP209703,Windy,Mini Bus,Low,8.75,11,29,3.34,8,Moderate Delay,49.84
TRIP201751,Clear,,High,12.25,11,4,8.27,6,Moderate Delay,66.42
TRIP209383,Clear,Mini Bus,Severe,5.09,3,10,0.27,12,Severe Delay,39.35
TRIP208135,Clear,Standard,Severe,10.74,14,33,3.92,19,Severe Delay,77.35
TRIP209633,Clear,Standard,Moderate,,3,51,5.89,19,Moderate Delay,25.43
TRIP208110,Clear,Standard,Severe,14.68,21,,5.71,20,Severe Delay,109.13
TRIP201907,Clear,Mini Bus,Moderate,9.57,9,20,6.14,12,On Time,45.68
TRIP207069,Rainy,Mini Bus,Moderate,9.60,8,16,4.54,6,Moderate Delay,56.34
TRIP200267,Clear,Mini Bus,Severe,15.98,14,14,6.78,12,Moderate Delay,118.90
TRIP207840,Clear,Standard,High,3.68,4,52,5.51,17,Moderate Delay,38.11
TRIP204277,Clear,Mini Bus,Moderate,11.62,12,19,4.57,13,On Time,46.27
TRIP206695,Foggy,Standard,Moderate,17.39,21,24,1.35,23,Severe Delay,95.19
TRIP204371,Windy,Mini Bus,Severe,4.68,4,18,2.46,23,Severe Delay,37.36
TRIP204445,Clear,Standard,Low,17.33,20,53,2.94,8,Severe Delay,82.50
TRIP201328,Windy,Standard,Low,7.77,6,34,10.15,22,On Time,35.81
TRIP200752,Clear,Mini Bus,Severe,4.48,8,32,5.27,11,Moderate Delay,35.08
TRIP204918,Clear,Mini Bus,High,31.10,31,34,5.88,23,Severe Delay,180.00
TRIP203172,Clear,Standard,High,7.80,7,55,9.98,7,Severe Delay,56.95
TRIP205534,Clear,Standard,Moderate,18.57,16,33,9.75,14,Moderate Delay,82.28
TRIP206219,Clear,Standard,Moderate,3.19,3,48,4.16,16,Severe Delay,29.84
TRIP204410,Clear,Standard,High,14.50,15,43,0.30,18,Severe Delay,95.15
TRIP208577,Clear,Standard,High,12.47,13,18,3.79,18,Severe Delay,75.09
TRIP202037,Clear,Express,Moderate,19.21,19,33,6.05,7,Moderate Delay,83.53
TRIP203894,Rainy,Mini Bus,Moderate,14.53,14,32,4.93,16,Severe Delay,74.52
TRIP200621,Clear,Standard,High,4.56,4,31,9.60,23,On Time,36.66
TRIP208229,Rainy,Mini Bus,Moderate,13.59,19,21,5.31,5,Moderate Delay,80.91
TRIP200541,Rainy,Standard,Moderate,5.63,6,23,5.03,10,On Time,29.07
TRIP209068,Clear,Standard,Severe,6.34,6,28,8.61,14,Moderate Delay,31.40
TRIP208066,Clear,Standard,High,14.57,16,50,1.53,19,Severe Delay,85.74
TRIP209446,Clear,Standard,Low,3.62,3,32,3.87,13,On Time,30.48
TRIP204817,Windy,,High,12.25,7,47,10.93,11,Moderate Delay,66.75
TRIP204882,Clear,Mini Bus,Moderate,4.09,4,12,1.76,20,On Time,22.97
TRIP206251,Rainy,Mini Bus,Low,9.92,10,11,1.35,10,Moderate Delay,47.04
TRIP204567,Clear,Mini Bus,High,11.81,8,15,9.90,21,Moderate Delay,53.18
TRIP205746,Clear,Standard,Low,12.11,14,37,14.40,22,On Time,50.23
TRIP208912,Foggy,Standard,Severe,22.26,24,29,3.45,13,Severe Delay,180.00
TRIP203551,Clear,Mini Bus,Low,11.75,10,17,3.77,14,On Time,37.55
TRIP205703,Clear,Mini Bus,Moderate,7.76,7,22,4.01,18,Moderate Delay,40.37
TRIP200814,Clear,Mini Bus,Low,11.82,13,37,2.33,7,Severe Delay,51.79
TRIP209612,Windy,Standard,Moderate,7.41,9,36,12.71,9,Moderate Delay,42.36
TRIP201481,,Standard,Low,9.76,11,31,6.74,11,On Time,35.77
TRIP208734,Rainy,Mini Bus,Low,15.05,18,30,16.43,9,Moderate Delay,80.36
TRIP205499,Rainy,Standard,High,12.95,12,40,13.12,9,Severe Delay,87.16
TRIP208894,Clear,Express,High,11.26,11,38,3.17,19,Severe Delay,59.21
TRIP209649,Clear,Express,High,13.08,17,,4.89,6,On Time,64.72
TRIP207315,Windy,Express,Low,7.26,5,42,4.61,18,On Time,25.58
TRIP202028,Clear,Standard,Severe,12.92,13,60,5.40,8,Severe Delay,96.72
TRIP205795,Clear,Standard,Moderate,8.75,8,31,0.32,20,Moderate Delay,31.68
TRIP201781,Clear,Mini Bus,High,13.05,13,37,1.46,17,Severe Delay,86.27
TRIP201398,Clear,Standard,Moderate,12.78,13,41,10.69,16,Moderate Delay,71.89
TRIP200347,Windy,Standard,Moderate,6.90,5,36,2.46,15,Moderate Delay,30.91
TRIP201390,Windy,Mini Bus,Moderate,10.62,12,28,13.03,16,Moderate Delay,58.60
TRIP208090,Clear,Express,Severe,20.43,20,21,12.78,21,Severe Delay,142.23
TRIP205834,Rainy,,Moderate,6.39,6,37,8.18,19,Moderate Delay,41.71
TRIP207328,Foggy,Standard,High,13.08,16,45,2.00,15,Severe Delay,85.73
TRIP207924,Foggy,Standard,Low,8.37,14,45,3.21,17,Moderate Delay,50.32
TRIP201662,Clear,Mini Bus,Low,7.76,7,36,4.67,22,On Time,27.82
TRIP204264,Foggy,Express,Low,20.99,21,26,2.57,13,Moderate Delay,92.25
TRIP208874,Foggy,Standard,High,10.52,7,24,3.14,23,Severe Delay,68.21
TRIP209746,Clear,Standard,Moderate,4.25,3,37,3.70,20,On Time,16.95
TRIP200305,Clear,Mini Bus,Moderate,28.66,32,36,,18,Severe Delay,171.57
TRIP208429,Clear,Express,Moderate,3.43,3,13,4.18,23,On Time,15.59
TRIP205162,Clear,Standard,Moderate,15.64,15,19,10.38,11,On Time,71.40
TRIP208481,Clear,Standard,Severe,7.07,10,,9.31,16,Severe Delay,60.55
TRIP200701,Clear,Mini Bus,High,17.66,16,29,2.45,16,Severe Delay,111.84
TRIP208299,Clear,Standard,High,11.55,15,32,8.23,11,On Time,62.08
TRIP201795,Clear,Standard,Moderate,10.90,15,45,1.52,5,Moderate Delay,58.32
TRIP201016,Rainy,Standard,High,7.99,7,23,7.04,10,Moderate Delay,50.76
TRIP209140,Windy,Standard,Moderate,8.93,8,20,6.01,21,On Time,48.84
TRIP207159,Windy,Express,Severe,7.98,6,15,2.70,16,Severe Delay,66.99
TRIP203090,Clear,Express,Moderate,9.64,11,32,6.91,16,Moderate Delay,34.69
TRIP204366,Clear,Standard,Moderate,5.47,3,27,16.93,5,On Time,19.80
TRIP200852,Clear,Express,High,9.08,9,5,8.08,20,Moderate Delay,36.84
TRIP202563,Rainy,Standard,Moderate,4.94,5,33,4.58,14,On Time,25.97
TRIP209499,Rainy,,Severe,14.72,10,26,6.50,22,Severe Delay,114.80
TRIP205692,Rainy,Mini Bus,Moderate,9.81,11,28,4.90,16,Moderate Delay,62.80
TRIP204649,Clear,Standard,Moderate,5.05,6,30,17.15,21,On Time,33.08
TRIP209092,Windy,Express,High,16.51,18,10,4.95,15,Moderate Delay,87.76
TRIP202805,Windy,Standard,Low,3.85,3,45,1.01,23,On Time,14.58
TRIP201379,Windy,Mini Bus,Low,23.62,27,21,2.80,6,Severe Delay,117.09
TRIP202669,Clear,Standard,Moderate,17.83,17,27,4.17,11,Moderate Delay,86.70
TRIP207398,Clear,Standard,High,9.62,8,36,9.27,16,Moderate Delay,55.10
TRIP209570,Rainy,Standard,High,11.85,13,30,3.40,13,Severe Delay,81.21
TRIP203688,Clear,Express,High,8.45,10,18,2.92,22,Moderate Delay,36.16
TRIP204239,Clear,Standard,High,3.77,6,30,4.63,13,On Time,24.83
TRIP200060,Rainy,Mini Bus,High,12.44,14,37,0.46,19,Severe Delay,93.36
TRIP202446,Rainy,Standard,Severe,6.33,4,,4.42,14,Moderate Delay,62.57
TRIP205854,Clear,Standard,High,12.27,14,32,6.12,6,Moderate Delay,64.65
TRIP208668,Windy,Mini Bus,Severe,8.72,10,25,5.26,5,Moderate Delay,65.73
TRIP200896,Clear,Standard,Moderate,7.36,7,31,1.13,15,Moderate Delay,33.43
TRIP209232,Windy,Standard,Moderate,8.53,11,21,2.30,15,On Time,44.81
TRIP208423,Clear,Standard,Severe,14.33,19,45,7.24,23,Severe Delay,106.86
TRIP206420,Rainy,Standard,Moderate,17.39,16,33,3.66,6,Moderate Delay,96.89
TRIP201895,Windy,Standard,Low,5.82,5,31,1.57,10,On Time,35.40
TRIP200067,Rainy,Express,Low,10.02,11,13,4.95,20,On Time,36.52
TRIP205203,Clear,Mini Bus,High,13.04,15,,5.06,8,Severe Delay,91.36
TRIP208118,Clear,Mini Bus,Low,26.56,27,10,6.56,15,Moderate Delay,134.32
TRIP203601,Windy,Standard,High,10.14,11,44,8.08,7,Severe Delay,64.69
TRIP206551,Clear,Express,Moderate,,6,32,6.64,16,On Time,30.30
TRIP203933,Windy,Express,High,16.34,18,20,5.76,23,Severe Delay,91.45
TRIP203239,Windy,Express,Moderate,5.00,5,13,2.48,22,On Time,20.55
TRIP206569,Windy,Standard,High,16.01,14,17,13.16,5,On Time,94.85
TRIP206979,Clear,Standard,Moderate,19.29,25,29,2.20,22,Moderate Delay,91.76
TRIP200243,Clear,Mini Bus,High,15.52,20,23,1.17,10,Moderate Delay,87.02
TRIP203165,Rainy,Express,Low,13.76,12,45,6.42,9,Moderate Delay,56.41
TRIP204487,Windy,Express,High,7.55,7,18,6.71,20,Moderate Delay,36.72
TRIP205539,Rainy,Standard,Moderate,18.66,19,42,13.68,9,Severe Delay,108.96
TRIP200291,Rainy,Standard,High,10.39,14,52,12.68,18,Severe Delay,82.91
TRIP201686,Clear,Standard,Severe,19.26,21,34,1.81,14,Severe Delay,154.98
TRIP201763,Rainy,Standard,Severe,13.66,10,30,0.98,16,Severe Delay,115.24
TRIP203565,Foggy,Standard,High,5.98,3,21,3.38,22,Severe Delay,30.18
TRIP200523,Clear,Standard,Low,14.39,14,56,7.04,19,Moderate Delay,80.11
TRIP208768,Windy,Standard,Moderate,7.61,8,39,10.74,23,On Time,34.40
TRIP200138,Clear,Standard,Moderate,13.11,14,24,2.59,15,Moderate Delay,64.85
TRIP206380,Windy,Standard,Moderate,19.91,18,36,3.24,10,Moderate Delay,101.33
TRIP202437,Rainy,Standard,High,3.67,3,46,3.77,18,Severe Delay,52.57
TRIP206765,Rainy,Express,Moderate,2.64,3,9,2.53,21,Moderate Delay,12.00
TRIP204970,Foggy,Mini Bus,Low,19.48,22,18,6.82,23,Moderate Delay,97.54
TRIP203980,Clear,Standard,High,7.40,10,48,4.59,18,Severe Delay,56.17
TRIP200504,Rainy,Standard,Moderate,10.84,13,32,9.01,16,Severe Delay,59.94
TRIP207029,Foggy,Mini Bus,High,9.68,10,24,2.88,21,Severe Delay,58.73
TRIP202945,Windy,Express,Severe,9.03,11,23,7.36,9,Severe Delay,64.92
TRIP204585,Rainy,Standard,High,8.16,9,10,4.45,7,Severe Delay,69.98
TRIP200395,Clear,Standard,High,6.45,7,43,16.91,19,Severe Delay,38.08
TRIP208403,,Express,Low,21.77,24,26,3.50,9,Moderate Delay,91.20
TRIP207177,Rainy,Mini Bus,Low,8.15,10,9,2.39,5,Moderate Delay,45.97
TRIP203376,Clear,Mini Bus,Low,7.73,9,21,5.29,18,On Time,40.68
TRIP204052,Clear,Standard,Moderate,18.17,17,18,2.80,15,Moderate Delay,86.72
TRIP204941,Clear,Standard,Moderate,5.58,6,27,6.60,20,On Time,29.87
TRIP206258,Clear,Standard,High,22.88,26,41,6.85,18,Severe Delay,161.03
TRIP200763,Windy,Standard,Moderate,22.52,24,51,4.02,17,Severe Delay,130.73
TRIP203718,Windy,Standard,Moderate,5.38,4,29,6.78,21,On Time,25.72
TRIP204231,Clear,Standard,Moderate,18.90,20,31,12.58,18,Moderate Delay,96.41
TRIP209112,Clear,Standard,Moderate,15.96,17,46,3.05,7,Severe Delay,76.73
TRIP202592,Clear,Standard,Severe,31.27,36,35,5.31,13,Severe Delay,180.00
TRIP207281,Clear,Standard,Moderate,11.46,11,37,3.06,12,On Time,45.59
TRIP209003,Foggy,Mini Bus,Severe,3.82,3,21,1.10,23,Severe Delay,40.44
TRIP201589,Foggy,Standard,Low,23.79,25,42,3.83,22,Moderate Delay,136.05
TRIP206859,Clear,Express,Moderate,4.32,3,35,8.89,23,On Time,13.87
TRIP207517,Foggy,Mini Bus,High,14.30,15,32,4.34,17,Severe Delay,96.64
TRIP204480,Clear,Standard,Severe,16.99,17,34,13.28,13,Severe Delay,109.61
TRIP207920,Rainy,Mini Bus,High,13.26,15,25,2.35,14,Severe Delay,95.08
TRIP205452,Rainy,Express,Moderate,3.19,5,12,7.08,5,On Time,16.07
TRIP204662,Windy,Mini Bus,Low,23.19,25,10,2.59,22,Moderate Delay,110.33
TRIP203196,Clear,,High,3.30,3,44,3.24,10,On Time,23.52
TRIP200851,Clear,Mini Bus,Moderate,11.71,13,32,11.24,10,Moderate Delay,49.39
TRIP208495,Foggy,Mini Bus,Low,8.11,7,20,13.22,8,Severe Delay,44.01
TRIP204083,Clear,Standard,Severe,10.04,12,25,3.64,22,Moderate Delay,65.20
TRIP204796,Rainy,Standard,Moderate,22.06,24,30,5.76,20,Moderate Delay,129.28
TRIP206609,Clear,Standard,Moderate,11.44,13,38,5.29,21,On Time,59.39
TRIP207226,Windy,Standard,Severe,4.25,6,25,4.21,23,Moderate Delay,37.29
TRIP205497,Clear,Mini Bus,Low,17.22,19,15,4.82,12,On Time,66.75
TRIP207184,Clear,Mini Bus,Severe,6.31,4,5,4.66,11,Moderate Delay,50.24
TRIP203112,Foggy,Mini Bus,Moderate,11.27,13,34,2.69,17,Severe Delay,61.20
TRIP208082,Clear,Standard,Moderate,6.99,7,35,0.90,23,Moderate Delay,31.24
TRIP203480,Clear,Express,Low,14.18,19,15,4.97,10,On Time,52.71
TRIP201610,Clear,Standard,Severe,10.70,13,38,8.32,22,Moderate Delay,76.51
TRIP207046,Rainy,Standard,Moderate,8.51,7,27,3.11,11,On Time,50.17
TRIP201911,Clear,Standard,Moderate,9.96,7,28,8.94,21,On Time,36.29
TRIP205134,Clear,Express,Moderate,18.08,15,15,8.81,6,On Time,70.72
TRIP209689,Clear,Standard,High,5.41,6,21,2.90,13,On Time,33.58
TRIP200212,Foggy,Standard,Low,4.15,3,26,4.88,5,On Time,23.90
TRIP208555,Clear,Express,Moderate,8.79,9,27,3.89,17,Moderate Delay,42.19
TRIP204621,Clear,Mini Bus,Moderate,10.66,8,42,11.72,7,Moderate Delay,63.22
TRIP207254,Clear,Standard,Moderate,4.20,3,46,14.53,18,Moderate Delay,23.91
TRIP205790,Clear,Express,Moderate,13.78,14,38,3.98,23,Moderate Delay,48.62
TRIP207846,Clear,Mini Bus,Moderate,12.16,15,27,6.52,18,On Time,68.16
TRIP207598,Windy,Express,Low,14.11,14,23,11.79,10,On Time,46.82
TRIP201793,Clear,Mini Bus,Moderate,9.62,10,25,2.91,7,Severe Delay,49.06
TRIP200567,Clear,Standard,High,16.25,22,24,4.08,11,Moderate Delay,103.15
TRIP203395,Clear,Express,High,5.83,6,30,3.14,11,On Time,30.15
TRIP203302,Clear,Standard,Moderate,14.26,14,26,1.28,14,Moderate Delay,58.70
TRIP207801,Rainy,Express,High,13.91,13,51,8.98,7,Severe Delay,88.34
TRIP204255,Rainy,Standard,Moderate,9.45,12,21,2.03,21,Moderate Delay,49.61
TRIP201444,Rainy,Standard,Severe,8.29,9,23,3.69,12,Severe Delay,65.39
TRIP205819,Clear,Mini Bus,Moderate,17.61,19,21,1.23,7,Severe Delay,91.77
TRIP201832,Clear,Express,Moderate,14.89,14,3,1.75,5,Moderate Delay,50.50
TRIP207897,Clear,Express,Severe,12.40,14,13,4.72,23,On Time,71.96
TRIP205927,Rainy,Express,Moderate,12.30,14,29,16.52,13,On Time,50.35
TRIP200182,Clear,Mini Bus,Severe,12.86,14,11,2.53,15,Severe Delay,81.00
TRIP208557,Rainy,Express,Severe,15.15,16,21,6.43,13,Severe Delay,114.72
TRIP208233,,Mini Bus,Moderate,10.95,17,9,4.18,21,On Time,59.02
TRIP202073,Windy,Standard,Moderate,7.26,9,39,6.02,7,Moderate Delay,42.61
TRIP205001,Rainy,Express,Moderate,18.23,21,26,2.14,11,Severe Delay,78.83
TRIP209300,Clear,Express,Moderate,3.19,3,20,9.00,12,On Time,17.28
TRIP203258,Rainy,Standard,Severe,8.63,11,41,7.47,17,Severe Delay,84.12
TRIP204007,Clear,Standard,High,10.67,9,47,7.97,22,Severe Delay,59.54
TRIP206310,Clear,Express,Low,18.86,22,25,1.54,19,Severe Delay,67.69
TRIP200465,Clear,Standard,Low,4.94,5,48,2.08,22,Moderate Delay,20.28
TRIP208208,Clear,Standard,Low,11.73,11,23,6.85,6,On Time,45.59
TRIP205176,Clear,Standard,Moderate,5.63,3,49,4.56,16,Moderate Delay,42.55
TRIP200573,Clear,,High,18.92,19,50,3.97,19,Severe Delay,130.78
TRIP201552,Clear,Standard,High,9.70,10,35,6.67,20,On Time,51.20
TRIP205057,Clear,Standard,Low,7.91,7,42,7.16,5,On Time,28.70
TRIP206050,Foggy,Mini Bus,Severe,7.32,9,41,5.26,9,Severe Delay,76.40
TRIP200797,Rainy,Standard,Moderate,6.87,9,33,3.65,14,Moderate Delay,41.03
TRIP209532,Clear,Standard,Moderate,11.43,11,46,0.66,8,Severe Delay,57.95
TRIP207681,Clear,Mini Bus,Moderate,13.85,18,13,0.54,19,Severe Delay,76.13
TRIP207620,Clear,Mini Bus,Moderate,6.79,7,3,10.79,5,On Time,30.06
TRIP206845,Clear,Standard,Low,11.65,10,31,3.69,14,On Time,39.40
TRIP207965,Rainy,Mini Bus,High,10.90,12,25,3.39,23,Severe Delay,70.74
TRIP205569,Rainy,Standard,Low,9.91,7,56,17.16,19,Moderate Delay,52.78
TRIP205912,Clear,Express,Moderate,7.72,8,28,5.45,16,Moderate Delay,34.03
TRIP202134,Clear,Express,Severe,7.67,7,35,2.98,13,Moderate Delay,41.27
TRIP208407,Clear,Mini Bus,Severe,10.18,12,32,0.95,19,Severe Delay,82.01
TRIP202640,Clear,Standard,High,15.03,14,32,3.88,14,Moderate Delay,83.81
TRIP202775,Clear,Standard,Severe,6.46,5,46,2.99,7,Severe Delay,58.43
TRIP201783,,Mini Bus,Low,6.64,6,18,5.24,10,On Time,37.42
TRIP209192,Rainy,Express,High,9.35,9,14,3.39,21,Moderate Delay,46.61
TRIP208309,Clear,Standard,Severe,21.04,26,34,4.62,19,Severe Delay,160.64
TRIP201531,Clear,Standard,Moderate,13.06,10,48,4.51,16,Moderate Delay,74.82
TRIP202187,Foggy,Express,Moderate,9.53,14,38,4.39,7,Moderate Delay,52.88
TRIP203463,Foggy,Standard,Moderate,6.45,8,48,4.72,18,Severe Delay,49.01
TRIP209081,Windy,Standard,High,7.66,8,27,3.35,19,Moderate Delay,50.32
TRIP209569,Rainy,Standard,Low,4.73,8,48,5.97,15,On Time,27.94
TRIP208905,Rainy,Standard,High,6.57,9,37,11.54,22,Severe Delay,51.86
TRIP200993,Clear,Standard,Low,4.34,8,42,4.21,22,On Time,16.31
TRIP202622,Rainy,Standard,High,13.69,11,35,3.71,21,Severe Delay,92.17
TRIP200374,Foggy,Standard,High,6.67,7,36,3.31,17,Severe Delay,51.03
TRIP201274,Clear,Standard,High,10.79,16,28,7.84,10,Severe Delay,71.49
TRIP203399,Clear,Mini Bus,Severe,6.32,10,25,3.72,16,Severe Delay,61.42
TRIP203669,Clear,Standard,High,8.82,8,38,4.11,16,Moderate Delay,50.50
TRIP201144,Foggy,Standard,Moderate,14.34,16,49,16.20,17,Severe Delay,69.93
TRIP209710,Rainy,Standard,High,5.24,7,36,2.12,13,Severe Delay,35.16
TRIP202485,Clear,Express,Moderate,17.68,19,,0.60,21,Moderate Delay,81.90
TRIP202699,Rainy,Standard,High,13.83,14,42,4.13,12,Severe Delay,85.12
TRIP203328,Clear,Standard,High,5.56,3,23,11.78,13,On Time,28.56
TRIP204816,Clear,Standard,Moderate,9.66,10,38,0.57,15,Moderate Delay,48.71
TRIP205209,,Express,Severe,17.02,17,25,4.32,12,Moderate Delay,101.56
TRIP207212,Windy,Express,Low,4.56,3,35,13.88,16,On Time,27.83
TRIP204335,Rainy,Standard,Severe,2.00,3,47,7.84,17,Severe Delay,34.55
TRIP207872,Clear,Express,Moderate,11.48,14,37,3.90,17,On Time,52.64
TRIP205791,Clear,Standard,High,11.91,11,,2.73,7,Severe Delay,82.49
TRIP205307,Clear,Standard,High,11.32,10,34,6.57,19,Moderate Delay,53.49
TRIP209477,Windy,Express,Moderate,13.65,15,23,1.65,8,Severe Delay,53.93
TRIP203902,Clear,Mini Bus,Low,7.38,9,15,11.01,12,On Time,24.33
TRIP200245,Clear,Mini Bus,Moderate,21.99,20,33,7.14,7,Moderate Delay,116.22
TRIP208153,Clear,Standard,Low,2.96,3,38,8.79,9,On Time,12.00
TRIP209305,Clear,Standard,Low,6.52,10,39,8.81,13,On Time,31.74
TRIP207258,Clear,Standard,Low,6.08,6,46,8.14,9,Moderate Delay,30.38
TRIP206175,Windy,Mini Bus,Moderate,3.68,3,,2.66,5,Moderate Delay,32.20
TRIP208260,Foggy,Standard,Moderate,5.50,7,51,7.88,22,On Time,34.44
TRIP201214,Rainy,Express,Severe,3.21,3,17,3.09,23,Moderate Delay,26.25
TRIP207413,Clear,Mini Bus,Moderate,9.95,14,15,4.83,21,On Time,46.58
TRIP202614,Clear,Standard,Moderate,4.50,4,48,4.90,18,Severe Delay,42.20
TRIP207399,Windy,Express,Low,7.74,5,34,3.46,19,On Time,33.93
TRIP205125,Foggy,Mini Bus,Severe,16.22,16,14,0.26,6,Severe Delay,134.56
TRIP204993,Rainy,Express,Moderate,12.73,15,20,8.44,5,On Time,59.02
TRIP204010,Clear,Mini Bus,High,9.28,13,39,1.06,17,Severe Delay,58.73
TRIP200933,Windy,Standard,Moderate,10.25,13,41,5.30,9,Severe Delay,56.35
TRIP202367,Clear,Mini Bus,High,8.06,5,30,5.51,20,Moderate Delay,47.59
TRIP209184,Rainy,Express,Moderate,15.33,15,20,5.57,14,On Time,65.40
TRIP205855,Clear,Standard,Low,16.42,16,37,2.82,9,Severe Delay,67.50
TRIP204430,Rainy,Mini Bus,Severe,6.80,8,6,4.57,5,Severe Delay,66.63
TRIP200798,Clear,Standard,Moderate,11.88,12,38,7.82,10,Moderate Delay,50.68
TRIP202066,Clear,Mini Bus,Moderate,3.87,7,15,3.20,5,On Time,26.90
TRIP209407,Rainy,Express,Moderate,13.93,13,22,2.90,11,Moderate Delay,47.46
TRIP201549,Clear,Express,High,5.82,3,25,17.10,22,On Time,27.52
TRIP200999,Rainy,Standard,Low,5.44,5,40,4.06,20,On Time,31.92
TRIP201985,Windy,Mini Bus,Low,3.94,3,20,7.91,23,On Time,19.27
TRIP207432,Foggy,Standard,Moderate,13.42,15,53,11.07,9,Severe Delay,78.14
TRIP204769,Clear,Standard,Low,6.15,9,41,3.12,8,On Time,27.41
TRIP206405,Rainy,Standard,Severe,3.01,3,33,2.29,5,Severe Delay,27.45
TRIP204242,Clear,Mini Bus,High,6.05,9,43,16.12,9,Moderate Delay,52.42
TRIP203327,Clear,Standard,High,9.72,8,38,2.48,22,Moderate Delay,52.79
TRIP208932,Clear,Mini Bus,Moderate,6.42,10,3,3.98,7,Moderate Delay,38.72
TRIP207719,Windy,Standard,Moderate,6.07,5,25,3.67,14,On Time,36.13
TRIP201743,Clear,Standard,Moderate,14.63,14,51,3.73,8,Severe Delay,70.59
TRIP204783,Rainy,Standard,Moderate,9.15,8,21,8.21,12,On Time,46.62
TRIP207918,Clear,Standard,High,5.44,6,37,10.80,19,Moderate Delay,32.34
TRIP209447,Clear,Express,High,7.75,10,26,4.82,13,On Time,35.41
TRIP204709,Windy,Mini Bus,Moderate,5.89,3,29,5.31,22,On Time,27.44
TRIP205526,Clear,Mini Bus,High,3.64,3,26,2.56,9,Severe Delay,25.42
TRIP203952,Windy,Mini Bus,High,9.24,10,17,4.76,6,Moderate Delay,65.51
TRIP205869,Windy,Standard,Severe,3.08,3,18,2.59,11,Severe Delay,16.48
TRIP209315,Clear,Mini Bus,Low,6.65,10,24,7.28,13,On Time,24.41
TRIP200598,Clear,,Moderate,10.87,13,36,1.63,9,Moderate Delay,57.69
TRIP205603,Clear,Standard,Moderate,6.97,4,28,4.30,10,On Time,36.89
TRIP206844,Clear,Standard,High,7.17,13,18,2.53,11,Moderate Delay,42.69
TRIP209044,Clear,Standard,High,3.66,3,33,4.85,13,On Time,32.17
TRIP205471,Rainy,Standard,High,5.74,7,40,5.39,21,Moderate Delay,51.86
TRIP205477,Rainy,Mini Bus,Moderate,3.94,6,12,2.11,13,Moderate Delay,25.96
TRIP203892,Foggy,Mini Bus,High,4.83,3,3,7.88,10,Moderate Delay,31.67
TRIP203025,Clear,Standard,Moderate,9.86,8,30,3.34,22,On Time,36.27
TRIP207496,Rainy,Standard,High,13.42,15,44,0.20,19,Severe Delay,99.28
TRIP208638,Clear,Mini Bus,Moderate,6.48,6,14,4.24,14,On Time,28.40
TRIP206515,Clear,Standard,Moderate,9.14,9,25,8.18,15,On Time,45.43
TRIP204549,Clear,Standard,High,12.23,16,31,2.22,22,Severe Delay,78.01
TRIP207744,Clear,Express,Moderate,18.31,17,16,9.33,6,On Time,73.49
TRIP202971,Foggy,Standard,High,7.00,7,29,7.01,18,Severe Delay,48.49
TRIP204048,Clear,Standard,High,4.01,6,31,5.27,23,On Time,26.26
TRIP204253,Rainy,Mini Bus,Moderate,15.09,15,8,0.43,15,Moderate Delay,79.97
TRIP201250,Clear,Standard,Moderate,8.11,6,33,2.45,14,Moderate Delay,33.76
TRIP209790,Windy,Standard,High,9.87,12,53,6.16,17,Severe Delay,72.66
TRIP207931,Clear,Standard,High,5.39,5,31,1.82,22,Moderate Delay,30.77
TRIP201964,Rainy,,Moderate,13.86,16,35,5.31,9,Severe Delay,75.02
TRIP201769,Rainy,Standard,Severe,10.54,15,38,6.78,20,Severe Delay,86.23
TRIP203276,Rainy,Standard,Low,6.80,5,52,2.46,9,Severe Delay,36.24
TRIP203999,Clear,Standard,Severe,14.14,14,45,8.34,16,Severe Delay,112.72
TRIP204746,Clear,Mini Bus,Low,4.97,6,4,5.19,10,On Time,13.37
TRIP205351,Windy,Standard,Severe,9.40,10,45,8.76,17,Severe Delay,71.43
TRIP207739,Clear,Standard,Moderate,19.40,25,33,5.04,11,Moderate Delay,101.51
TRIP204606,,Standard,High,6.73,6,44,1.17,18,Severe Delay,49.76
TRIP202630,,,Severe,21.17,25,24,9.63,16,Severe Delay,164.45
TRIP203738,Foggy,Mini Bus,Severe,17.01,16,20,1.15,21,Severe Delay,134.12
TRIP201137,Rainy,Express,Severe,6.97,7,34,15.66,19,Severe Delay,60.03
TRIP201288,Rainy,Standard,Moderate,11.60,12,16,10.02,23,Moderate Delay,72.13
TRIP202459,Windy,Express,Low,6.68,3,48,6.16,11,On Time,21.83
TRIP200739,Clear,Express,Moderate,8.40,9,14,5.98,22,On Time,25.72
TRIP204652,Clear,Express,Low,3.18,5,39,6.17,8,On Time,19.89
TRIP207299,Foggy,Standard,High,2.25,6,30,13.12,5,Moderate Delay,14.63
TRIP201353,Windy,Express,High,5.76,7,37,5.64,23,Moderate Delay,19.22
TRIP204653,Clear,Mini Bus,Moderate,14.19,14,8,4.18,23,On Time,67.02
TRIP204198,Clear,Express,Moderate,11.61,16,33,2.21,16,Moderate Delay,62.89
TRIP207073,Clear,Express,Moderate,3.86,3,42,5.75,9,On Time,12.00
TRIP200511,,Standard,High,22.88,23,21,2.56,11,Severe Delay,152.87
TRIP201937,Clear,Standard,Low,12.22,9,27,8.82,12,On Time,47.74
TRIP204195,Rainy,Standard,Low,9.75,10,35,5.74,11,On Time,49.61
TRIP204526,Rainy,,Low,14.91,15,18,7.90,6,On Time,66.19
TRIP209786,Rainy,Mini Bus,Severe,5.77,4,17,6.81,10,Severe Delay,55.96
TRIP206932,Clear,Express,Low,10.15,10,18,5.37,22,On Time,29.22
TRIP202986,Rainy,Express,Low,7.86,11,24,4.67,22,On Time,23.69
TRIP202355,Clear,Mini Bus,Low,14.64,16,15,6.86,15,On Time,56.77
TRIP203037,Clear,Standard,Moderate,12.23,13,50,7.05,17,Severe Delay,59.53
TRIP209317,Windy,Mini Bus,Severe,2.92,3,23,2.57,7,Severe Delay,29.31
TRIP200433,Clear,Standard,High,9.88,11,29,,20,Moderate Delay,51.59
TRIP204974,Foggy,Standard,Moderate,4.56,5,25,6.48,9,Moderate Delay,34.98
TRIP200872,Clear,Standard,Severe,13.66,17,40,5.35,22,Severe Delay,105.44
TRIP204946,Windy,Standard,Moderate,10.02,12,42,2.88,6,Moderate Delay,58.18
TRIP207129,Clear,Standard,Moderate,17.41,22,29,4.39,13,Moderate Delay,88.41
TRIP204399,Windy,Mini Bus,Moderate,12.15,14,6,9.17,21,On Time,46.87
TRIP203274,Rainy,Standard,Moderate,9.57,9,30,13.46,14,On Time,33.70
TRIP200742,Clear,Mini Bus,Moderate,11.35,14,21,0.68,19,Severe Delay,64.43
TRIP203416,Rainy,Express,Moderate,9.67,13,40,13.67,7,Moderate Delay,47.94
TRIP209267,Windy,Mini Bus,Moderate,13.13,13,20,3.19,7,Moderate Delay,68.71
TRIP200846,Clear,Standard,Low,8.99,8,50,2.81,18,Severe Delay,38.07
TRIP209528,Clear,Standard,Severe,3.97,5,23,4.03,15,On Time,30.39
TRIP204671,Windy,Express,Severe,4.37,6,16,3.72,20,On Time,23.34
TRIP205190,Clear,,Moderate,8.36,6,51,3.36,11,On Time,34.60
TRIP204724,Clear,Standard,Moderate,10.62,12,30,3.61,12,On Time,51.42
TRIP203956,Windy,Express,High,5.99,6,28,7.98,5,Moderate Delay,41.07
TRIP207884,Rainy,Express,High,15.53,16,34,10.80,18,Severe Delay,104.81
TRIP202025,Clear,Standard,Moderate,4.41,5,48,3.94,17,Moderate Delay,39.39
TRIP203873,Clear,Mini Bus,Low,9.12,9,28,11.38,19,On Time,50.82
TRIP205718,Foggy,Standard,High,17.27,22,56,12.65,16,Severe Delay,116.73
TRIP209517,Clear,Standard,High,7.87,9,34,2.02,23,Moderate Delay,40.00
TRIP206342,Clear,Standard,Severe,5.32,4,26,2.22,11,Moderate Delay,38.36
TRIP202165,Foggy,Standard,Low,8.59,10,39,3.21,7,Moderate Delay,40.41
TRIP207220,Clear,,High,7.92,6,38,5.26,12,Moderate Delay,37.42
TRIP205669,Clear,Standard,Severe,16.36,15,33,5.58,23,Moderate Delay,116.52
TRIP207514,Rainy,Standard,Severe,16.74,14,29,12.57,11,Severe Delay,133.26
TRIP203253,Foggy,Express,Low,11.37,11,41,5.92,8,On Time,38.97
TRIP205123,Clear,Express,Low,13.00,13,38,5.77,17,On Time,48.50
TRIP201356,Rainy,Mini Bus,Moderate,5.20,6,30,1.00,17,Severe Delay,26.24
TRIP209648,Clear,,High,9.64,14,35,7.61,20,On Time,54.65
TRIP204844,Foggy,Standard,Moderate,7.27,7,35,9.15,11,On Time,53.28
TRIP203208,Rainy,Express,High,4.06,5,29,,17,Severe Delay,41.40
TRIP209180,Rainy,Standard,Moderate,5.32,5,44,7.42,7,Moderate Delay,41.13
TRIP201013,Clear,Mini Bus,Low,7.49,7,28,4.40,17,On Time,35.21
TRIP201076,,Standard,Moderate,10.78,8,30,10.15,22,On Time,42.72
TRIP202996,Rainy,Standard,Severe,8.34,9,25,4.14,16,Severe Delay,76.60
TRIP203637,Clear,Standard,Moderate,22.82,21,49,15.86,18,Severe Delay,120.39
TRIP200480,Rainy,Standard,Low,10.62,11,21,6.78,11,On Time,55.64
TRIP209114,Clear,Express,Moderate,25.79,32,19,5.38,5,Moderate Delay,131.30
TRIP209311,Clear,Express,Moderate,23.81,23,36,1.33,8,Severe Delay,110.81
TRIP205715,Clear,Standard,Low,12.89,14,30,12.04,15,On Time,51.00
TRIP206443,Clear,Mini Bus,High,5.50,7,26,3.86,12,On Time,31.92
TRIP203464,Clear,Standard,High,2.60,3,25,4.58,13,On Time,15.71
TRIP200064,Clear,Standard,High,7.17,9,45,12.01,11,On Time,43.69
TRIP208021,Windy,Standard,Low,5.38,6,44,8.74,7,Moderate Delay,33.98
TRIP209701,Windy,Standard,Moderate,8.46,13,31,3.57,15,On Time,39.04
TRIP207408,Rainy,Mini Bus,Low,14.99,12,32,6.74,14,On Time,62.97
TRIP207774,Foggy,Mini Bus,Moderate,6.95,6,48,8.74,19,Moderate Delay,54.42
TRIP202515,Clear,Standard,Low,5.37,5,42,9.51,7,On Time,35.54
TRIP209490,Rainy,Mini Bus,High,7.20,6,17,1.13,6,Severe Delay,62.54
TRIP205165,Clear,Express,Moderate,9.08,10,21,3.59,12,On Time,29.66
TRIP203432,Clear,Standard,Low,10.62,11,42,18.00,15,On Time,37.89
TRIP203666,Clear,Express,Low,5.69,8,25,4.34,13,On Time,12.00
TRIP207329,Clear,Standard,Severe,9.22,7,28,14.42,10,On Time,59.36
TRIP202582,Clear,Mini Bus,Moderate,10.28,9,25,2.47,20,Moderate Delay,44.42
TRIP202520,Rainy,Standard,High,12.88,11,14,7.67,21,Moderate Delay,74.79
TRIP206291,Rainy,Standard,Severe,4.97,7,38,3.12,14,Severe Delay,66.17
TRIP202595,Clear,Express,High,17.80,17,33,5.59,9,Severe Delay,103.98
TRIP207950,Windy,Standard,Low,7.09,4,28,3.96,21,On Time,29.89
TRIP204203,Clear,Express,Moderate,6.74,7,35,6.90,14,On Time,25.92
TRIP200208,Foggy,Express,Severe,4.04,4,7,3.56,12,Moderate Delay,29.67
TRIP207359,Clear,Standard,High,18.17,23,39,4.16,10,Severe Delay,111.12
TRIP202886,Rainy,Express,Low,10.39,8,10,9.26,14,On Time,27.58
TRIP207857,Clear,Mini Bus,Severe,13.92,13,26,9.71,22,Moderate Delay,99.57
TRIP208457,Clear,Mini Bus,High,2.91,3,28,4.52,10,Moderate Delay,25.20
TRIP202007,Clear,Mini Bus,Moderate,13.91,11,28,9.04,11,On Time,58.03
TRIP200057,Foggy,Express,High,3.92,4,11,3.25,13,Moderate Delay,17.19
TRIP205565,Clear,Standard,Severe,14.27,17,42,1.49,5,Severe Delay,99.76
TRIP200055,Foggy,Mini Bus,High,9.91,7,14,4.28,9,Severe Delay,63.58
TRIP208044,Windy,Standard,Moderate,14.11,15,57,6.89,14,Severe Delay,72.53
TRIP202729,Windy,Mini Bus,High,12.60,10,8,4.61,22,Severe Delay,73.32
TRIP206564,Clear,Mini Bus,Moderate,13.88,14,31,6.29,16,Moderate Delay,70.92
TRIP209797,Clear,Standard,Severe,8.14,7,54,0.56,10,Severe Delay,59.52
TRIP206796,Clear,Express,Severe,4.25,3,14,4.40,16,Moderate Delay,37.45
TRIP200244,Clear,Mini Bus,Severe,13.59,15,16,2.65,7,Severe Delay,116.15
TRIP204248,Clear,Mini Bus,Moderate,18.98,22,12,3.75,20,Moderate Delay,95.30
TRIP205241,Rainy,Mini Bus,Low,7.90,10,7,2.21,13,On Time,38.72
TRIP205555,Clear,Standard,Low,5.66,5,28,18.00,13,On Time,21.25
TRIP205173,Clear,Standard,Low,20.67,24,31,3.41,11,On Time,100.26
TRIP208402,Windy,Standard,Moderate,5.40,8,48,5.35,8,Severe Delay,34.07
TRIP200276,Clear,Standard,High,3.46,5,39,5.68,9,Moderate Delay,29.95
TRIP200722,Clear,Standard,Low,3.99,3,52,2.23,7,Moderate Delay,29.56
TRIP200735,Rainy,Express,Moderate,7.35,10,29,5.01,16,Moderate Delay,40.30
TRIP203316,Clear,,Moderate,4.00,5,35,14.73,18,On Time,21.71
TRIP207054,Rainy,Standard,Moderate,14.66,18,42,15.34,9,Severe Delay,63.38
TRIP206512,Windy,Standard,Moderate,11.92,9,33,4.98,6,On Time,51.76
TRIP201376,Windy,Standard,Moderate,19.96,23,45,6.88,7,Severe Delay,117.71
TRIP209631,Windy,Mini Bus,Moderate,5.46,4,39,6.05,17,On Time,36.43
TRIP204290,Windy,Standard,Moderate,6.71,8,28,10.89,23,On Time,32.14
TRIP204589,Rainy,Standard,High,9.38,16,31,12.86,9,Severe Delay,75.57
TRIP203099,Windy,Mini Bus,Moderate,19.86,19,16,17.34,15,Moderate Delay,102.66
TRIP206949,Clear,Mini Bus,Moderate,5.82,4,13,9.45,22,On Time,32.73
TRIP201080,Clear,Mini Bus,Moderate,11.89,11,37,0.67,7,Moderate Delay,60.42
TRIP201302,Foggy,Standard,Low,17.22,16,33,1.53,15,Severe Delay,80.95
TRIP203869,,Standard,Low,7.18,9,37,1.65,7,Moderate Delay,42.39
TRIP202499,Clear,Standard,Moderate,4.87,8,19,2.23,23,On Time,22.56
TRIP208121,,Mini Bus,High,16.09,14,3,4.18,12,Severe Delay,95.27
TRIP201547,Clear,Standard,High,11.76,10,42,5.60,10,Moderate Delay,61.42
TRIP209258,Windy,Express,Moderate,6.17,6,23,5.80,23,On Time,20.63
TRIP204578,Clear,Standard,Moderate,4.29,3,,7.43,16,Moderate Delay,29.48
TRIP200816,Windy,Mini Bus,Moderate,7.75,8,9,7.12,22,On Time,38.15
TRIP203596,Clear,Mini Bus,Moderate,4.03,3,15,0.95,13,Moderate Delay,19.39
TRIP207109,Clear,Mini Bus,Severe,13.59,14,36,2.08,22,Severe Delay,96.92
TRIP206071,Foggy,Mini Bus,High,6.99,11,28,4.79,16,Severe Delay,60.88
TRIP204283,Rainy,Standard,Moderate,18.17,21,46,10.09,17,Severe Delay,101.60
TRIP202348,Windy,Standard,High,,11,29,2.01,10,Moderate Delay,55.76
TRIP206423,Clear,Mini Bus,Severe,8.59,7,16,2.78,20,Moderate Delay,63.58
TRIP207379,Rainy,Standard,High,5.20,6,43,9.98,17,Severe Delay,51.16
TRIP209002,Clear,Standard,High,7.77,8,29,1.68,13,Moderate Delay,48.05
TRIP203484,Clear,Express,Moderate,3.93,3,19,5.60,17,On Time,19.03
TRIP208343,Windy,Standard,Moderate,6.64,10,27,3.05,12,On Time,27.33
TRIP209684,Rainy,Standard,Low,20.99,23,24,7.44,23,Moderate Delay,106.18
TRIP203089,Clear,Mini Bus,Moderate,8.36,8,35,7.38,18,Moderate Delay,56.07
TRIP202572,Clear,Express,Moderate,4.16,5,23,,19,On Time,18.07
TRIP204136,Clear,Standard,High,6.30,8,35,8.61,15,On Time,29.81
TRIP205052,Clear,Standard,High,6.78,7,47,8.93,8,Severe Delay,42.98
TRIP202561,Clear,Standard,Severe,15.43,16,35,6.35,16,Severe Delay,117.90
TRIP209661,Clear,Mini Bus,Moderate,14.60,18,6,7.12,12,On Time,74.49
TRIP207761,Clear,Mini Bus,Low,10.60,12,15,6.74,23,On Time,40.55
TRIP207573,Clear,Mini Bus,Low,15.70,18,20,12.94,6,Moderate Delay,64.12
TRIP206116,Foggy,Standard,Moderate,10.43,15,46,0.55,7,Severe Delay,62.67
TRIP200069,Windy,Standard,Low,4.33,7,25,8.16,12,On Time,32.89
TRIP200888,Windy,Mini Bus,High,2.76,3,25,5.41,9,Severe Delay,26.48
TRIP207365,Rainy,Standard,Moderate,6.06,9,52,3.82,10,Moderate Delay,43.24
TRIP201486,Clear,Standard,Low,6.85,8,49,1.88,19,Moderate Delay,39.21
TRIP202552,Windy,Standard,Moderate,29.81,30,17,6.90,22,Severe Delay,180.00
TRIP206198,Clear,Standard,Moderate,17.04,20,25,3.53,22,Moderate Delay,84.35
TRIP201571,Rainy,Express,Moderate,21.42,21,40,15.39,16,Severe Delay,113.45
TRIP204675,Clear,Standard,Severe,10.08,12,21,1.95,11,Moderate Delay,67.35
TRIP201925,Windy,Standard,High,18.93,23,31,1.64,21,Severe Delay,127.01
TRIP202874,Clear,Mini Bus,High,7.78,7,13,14.73,6,On Time,52.24
TRIP203261,Clear,Standard,Low,4.90,5,61,9.76,20,On Time,22.12
TRIP201931,Rainy,Express,High,5.87,6,54,12.09,8,Severe Delay,40.08
TRIP203885,Windy,Express,Low,9.53,11,30,5.51,17,On Time,33.87
TRIP204935,Clear,Express,Moderate,8.16,10,22,5.94,7,Moderate Delay,33.64
TRIP209401,Clear,Standard,High,,17,32,3.85,5,Severe Delay,84.95
TRIP206340,Foggy,Standard,High,11.02,14,28,7.22,10,Severe Delay,72.84
TRIP204643,Clear,Standard,Low,15.70,20,48,15.11,14,On Time,69.34
TRIP204850,Rainy,Standard,Low,5.59,7,25,,15,On Time,25.08
TRIP205862,Clear,Standard,Low,16.49,15,45,3.14,5,Moderate Delay,80.77
TRIP206638,Windy,Express,High,9.02,10,26,9.69,16,Moderate Delay,52.05
TRIP209155,Rainy,Standard,Moderate,9.82,12,34,4.40,12,On Time,45.26
TRIP201465,Windy,Standard,High,11.24,12,33,1.70,20,Moderate Delay,64.46
TRIP204981,Clear,Mini Bus,Severe,11.51,13,27,5.88,7,Severe Delay,88.01
TRIP206877,Rainy,Express,High,5.58,8,26,5.20,5,Moderate Delay,37.70
TRIP201683,Clear,Mini Bus,Severe,13.55,14,22,7.00,23,Severe Delay,99.42
TRIP200822,Clear,Express,Moderate,17.79,17,17,6.33,21,Moderate Delay,65.62
TRIP206848,Rainy,Standard,Moderate,8.12,10,32,3.00,15,On Time,51.32
TRIP206725,Clear,Mini Bus,Low,10.79,10,7,4.82,23,On Time,41.37
TRIP206382,Windy,Standard,High,6.47,8,20,5.07,10,On Time,46.28
TRIP201284,Windy,Mini Bus,Low,10.87,8,18,7.06,10,On Time,44.45
TRIP207191,Foggy,Standard,Severe,8.03,12,43,7.84,19,Severe Delay,77.07
TRIP203961,Foggy,Standard,Moderate,23.29,26,20,11.54,9,Severe Delay,133.56
TRIP209572,Rainy,Standard,High,7.71,6,33,6.54,6,Moderate Delay,48.15
TRIP203653,Clear,Mini Bus,High,5.43,5,15,18.00,22,On Time,29.39
TRIP209734,Windy,Standard,Severe,10.45,13,46,1.55,17,Severe Delay,86.91
TRIP206024,Clear,Standard,High,19.02,17,30,1.02,13,Severe Delay,113.66
TRIP203279,Clear,Standard,High,3.94,4,26,4.63,20,On Time,32.84
TRIP202852,Windy,Standard,Low,20.38,22,45,8.69,20,On Time,93.02
TRIP200219,Rainy,Standard,High,20.40,23,34,4.26,8,Severe Delay,144.79
TRIP209048,Rainy,Standard,High,16.34,18,31,5.62,6,Severe Delay,102.87
TRIP202431,Clear,Mini Bus,Moderate,11.89,12,20,4.34,16,On Time,49.75
TRIP209533,Clear,Standard,Moderate,11.71,11,15,1.58,21,Moderate Delay,53.14
TRIP202245,Windy,Express,Moderate,4.69,3,12,5.37,12,On Time,15.77
TRIP208349,Clear,Express,Moderate,11.38,12,33,1.82,18,Moderate Delay,51.11
TRIP205484,Rainy,Standard,Severe,9.38,11,28,6.63,6,Severe Delay,79.81
TRIP209598,Clear,Standard,Moderate,10.36,10,31,11.10,23,On Time,45.49
TRIP202737,Clear,Standard,Moderate,8.61,10,36,4.79,9,Moderate Delay,41.77
TRIP203446,Clear,Express,High,13.18,14,18,7.31,11,On Time,66.23
TRIP200647,Rainy,Express,Moderate,11.49,11,30,4.99,15,On Time,49.41
TRIP208359,Rainy,Mini Bus,High,7.34,8,17,6.63,22,Severe Delay,61.03
TRIP200648,Clear,Standard,High,7.76,7,29,5.94,15,On Time,55.51
TRIP207613,Windy,Express,High,11.69,12,,2.86,6,Moderate Delay,54.59
TRIP208872,,Standard,High,7.43,8,38,4.68,5,Moderate Delay,47.94
TRIP201611,Foggy,Mini Bus,High,16.62,16,40,6.79,16,Severe Delay,124.11
TRIP202225,Clear,Standard,Moderate,17.74,18,17,10.18,10,Severe Delay,77.74
TRIP205517,Clear,Mini Bus,High,,12,31,10.00,20,Moderate Delay,62.60
TRIP207777,Clear,Standard,High,11.38,9,42,4.40,19,Moderate Delay,60.21
TRIP203818,Clear,Standard,High,6.67,5,35,4.93,8,Moderate Delay,49.55
TRIP204930,,Standard,Moderate,17.02,19,39,4.41,14,Moderate Delay,87.69
TRIP203495,Rainy,Standard,Moderate,8.15,8,27,4.18,21,Moderate Delay,47.82
TRIP207680,Clear,Standard,High,9.18,14,14,6.69,22,Moderate Delay,57.40
TRIP207753,Rainy,Mini Bus,Severe,17.48,16,32,6.37,7,Severe Delay,147.16
TRIP200702,Clear,Express,Low,14.91,15,25,9.22,17,On Time,48.24
TRIP206605,Foggy,Mini Bus,Low,15.32,17,38,18.00,14,Moderate Delay,73.88
TRIP204080,Clear,Standard,Moderate,13.77,16,27,5.62,6,Moderate Delay,53.43
TRIP208588,Clear,Express,High,9.17,5,31,3.10,22,On Time,35.85
TRIP205006,Windy,Standard,Moderate,5.85,9,51,0.64,8,Severe Delay,41.28
TRIP207484,,Standard,High,18.58,18,47,1.64,8,Severe Delay,121.56
TRIP205142,Clear,Standard,Low,8.90,8,29,9.61,21,On Time,27.50
TRIP202960,Clear,Standard,High,3.13,8,35,2.79,16,Moderate Delay,34.89
TRIP206255,Foggy,Standard,High,14.30,16,43,0.85,8,Severe Delay,90.14
TRIP202578,Clear,Standard,Moderate,10.04,15,50,5.83,8,Severe Delay,53.78
TRIP204348,Windy,Standard,High,11.80,12,19,8.18,22,Moderate Delay,69.24
TRIP203429,Clear,Express,Moderate,9.59,15,32,6.81,6,On Time,31.93
TRIP206989,Clear,Mini Bus,Moderate,5.57,8,24,4.94,15,On Time,31.10
TRIP206053,Clear,Express,Low,3.44,3,10,4.52,6,On Time,12.00
TRIP209482,Windy,Mini Bus,High,11.80,11,23,10.33,7,Severe Delay,69.59
TRIP204320,Clear,Standard,Moderate,15.30,15,28,1.90,5,Moderate Delay,62.32
TRIP204754,Clear,Mini Bus,High,6.44,7,21,8.43,14,Moderate Delay,40.90
TRIP202291,Windy,Standard,Low,21.46,24,16,9.34,17,Severe Delay,100.10
TRIP207949,Clear,Express,Moderate,3.48,3,33,3.36,15,On Time,12.00
TRIP201885,Windy,Standard,High,16.97,16,43,2.34,16,Severe Delay,100.06
TRIP201648,Clear,Express,Severe,10.22,6,23,5.45,5,Moderate Delay,58.41
TRIP200491,Clear,Express,Moderate,6.26,6,17,4.62,12,On Time,24.70
TRIP204800,Foggy,Mini Bus,Moderate,14.84,19,28,6.58,19,Severe Delay,95.41
TRIP203875,Clear,Standard,Moderate,16.34,20,13,18.00,6,On Time,83.37
TRIP206469,Rainy,Standard,High,23.43,27,55,3.49,8,Severe Delay,174.60
TRIP202296,Clear,Standard,Low,8.69,6,37,4.62,10,On Time,27.57
TRIP204684,Rainy,Standard,Moderate,9.32,10,42,1.52,21,On Time,54.56
TRIP206649,Rainy,Mini Bus,Low,6.83,5,20,4.31,6,On Time,29.65
TRIP200303,Clear,Standard,Low,6.01,7,26,,23,On Time,23.54
TRIP202006,Rainy,Mini Bus,Moderate,16.37,22,3,18.00,22,On Time,82.99
TRIP209823,Clear,Standard,Moderate,5.11,6,30,2.13,16,Moderate Delay,29.65
TRIP204997,Rainy,Standard,Severe,4.09,8,32,4.88,13,Severe Delay,41.39
TRIP209704,Foggy,Mini Bus,Moderate,5.53,3,41,4.27,17,Moderate Delay,43.51
TRIP201698,Foggy,Express,Low,7.16,7,14,4.20,15,On Time,32.15
TRIP207162,Clear,Standard,Moderate,9.14,13,40,9.76,11,On Time,40.67
TRIP203119,Clear,Standard,Moderate,7.85,8,38,11.41,19,Moderate Delay,45.02
TRIP207738,Clear,Standard,High,3.10,3,36,12.30,18,Moderate Delay,29.02
TRIP208876,Clear,Express,Low,11.58,15,21,0.74,7,Moderate Delay,49.09
TRIP209137,Clear,Standard,Low,6.62,6,46,3.13,5,On Time,27.60
TRIP209567,Rainy,Standard,Moderate,8.41,11,34,4.20,10,On Time,44.32
TRIP200719,Clear,Standard,High,6.09,7,31,10.61,23,On Time,39.39
TRIP209718,Clear,Standard,Moderate,4.30,3,19,4.90,21,On Time,17.39
TRIP200839,Clear,Standard,Severe,6.23,3,15,3.02,20,Moderate Delay,47.80
TRIP200032,Clear,Mini Bus,High,11.16,14,28,2.62,23,Severe Delay,69.86
TRIP205374,Rainy,Mini Bus,Low,26.27,27,3,5.30,22,Severe Delay,128.16
TRIP202075,Clear,Mini Bus,High,16.23,14,13,4.15,13,Moderate Delay,98.73
TRIP204856,Clear,Mini Bus,Moderate,2.82,5,32,16.79,11,On Time,25.29
TRIP200355,Clear,Standard,Moderate,4.45,7,44,3.50,16,Moderate Delay,23.53
TRIP202637,Windy,Standard,High,14.55,20,51,2.34,18,Severe Delay,92.57
TRIP208610,Clear,Standard,Low,10.57,10,63,2.36,19,Severe Delay,50.74
TRIP203838,Clear,Mini Bus,Low,6.47,7,,11.81,23,On Time,28.91
TRIP202164,Foggy,Mini Bus,Moderate,18.13,18,28,2.28,10,Severe Delay,104.80
TRIP201670,Foggy,Standard,Severe,12.07,12,39,7.36,19,Severe Delay,104.60
TRIP206670,Clear,Standard,Moderate,20.58,22,41,3.66,9,Severe Delay,111.28
TRIP200027,Windy,Express,Moderate,4.38,3,33,,7,Moderate Delay,21.20
TRIP202338,Clear,Mini Bus,High,7.35,10,14,,11,Moderate Delay,43.10
TRIP203178,Rainy,Standard,Moderate,9.35,8,54,3.22,18,Severe Delay,51.25
TRIP209384,Windy,Standard,Low,21.72,22,32,5.73,20,Moderate Delay,98.45
TRIP209516,Clear,Standard,High,12.81,18,31,2.91,13,Severe Delay,84.86
TRIP206628,Clear,Express,High,13.61,13,20,4.43,21,Moderate Delay,63.33
TRIP200116,Windy,Mini Bus,Moderate,13.70,17,13,8.19,11,Moderate Delay,69.73
TRIP203616,Rainy,Express,Low,7.68,11,6,4.83,13,On Time,31.70
TRIP200595,Rainy,,High,15.27,15,41,4.11,23,Moderate Delay,105.02
TRIP205048,Clear,Standard,High,11.35,10,15,5.04,13,On Time,65.54
TRIP203091,Clear,Standard,Moderate,12.93,17,26,3.50,7,Severe Delay,77.64
TRIP206328,Foggy,Mini Bus,High,10.72,9,32,2.88,16,Severe Delay,77.14
TRIP204648,Clear,Standard,Moderate,8.15,9,47,4.70,16,Moderate Delay,43.10
TRIP207845,Clear,Standard,Low,5.28,4,33,5.01,11,On Time,23.26
TRIP208942,Clear,Express,Moderate,8.15,9,,5.37,9,Moderate Delay,35.35
TRIP207472,Clear,Standard,Low,13.21,13,35,8.23,12,On Time,47.29
TRIP204250,Rainy,Mini Bus,High,7.51,11,3,1.17,8,Severe Delay,75.19
TRIP204677,Windy,Mini Bus,Moderate,7.55,6,36,,19,Moderate Delay,41.97
TRIP200455,Clear,Standard,Moderate,5.50,6,43,11.09,8,Moderate Delay,43.09
TRIP202222,Rainy,,High,7.08,9,42,3.91,8,Severe Delay,55.37
TRIP200782,Rainy,Standard,Moderate,12.58,13,34,1.37,7,Severe Delay,76.53
TRIP200283,Clear,Standard,High,13.61,11,27,3.00,8,Moderate Delay,78.68
TRIP207453,Windy,Standard,Low,8.29,8,23,8.90,21,On Time,28.24
TRIP203786,Windy,Standard,Low,14.36,16,27,6.97,13,On Time,57.60
TRIP207390,Clear,Standard,Moderate,2.66,4,,5.38,6,On Time,25.93
TRIP202184,Clear,Standard,Severe,7.40,9,25,0.52,6,Severe Delay,59.97
TRIP204643,Clear,Standard,Low,15.70,20,48,15.11,14,On Time,69.34
TRIP201204,Rainy,Mini Bus,Severe,12.61,8,22,7.28,20,Severe Delay,96.42
TRIP202698,Windy,Mini Bus,Moderate,9.80,9,25,7.39,17,Moderate Delay,45.34
TRIP201645,Clear,Standard,High,16.52,21,25,1.87,5,Severe Delay,98.14
TRIP202071,Rainy,Express,High,17.66,21,30,14.03,19,Severe Delay,110.36
TRIP206720,Windy,Express,High,12.38,10,25,13.54,9,Severe Delay,58.52
TRIP205245,Rainy,Express,Moderate,6.89,7,33,9.63,7,Moderate Delay,29.62
TRIP202643,Clear,Mini Bus,Low,11.25,9,17,3.13,22,On Time,39.64
TRIP205090,Clear,Mini Bus,Low,7.67,9,22,3.63,12,On Time,30.64
TRIP203386,Clear,Express,Severe,6.49,7,16,,23,On Time,42.05
TRIP207059,Clear,,High,4.24,5,41,1.66,13,Moderate Delay,25.87
TRIP204748,Windy,Standard,Severe,8.31,6,30,10.08,6,Moderate Delay,59.32
TRIP202591,Clear,Mini Bus,Moderate,11.88,10,10,6.91,22,On Time,64.23
TRIP208605,Foggy,Mini Bus,High,15.02,14,20,15.97,21,Severe Delay,102.22
TRIP206646,Clear,Mini Bus,High,8.18,7,28,1.55,20,Severe Delay,52.33
TRIP204535,Clear,Standard,Severe,7.55,4,41,2.04,14,Severe Delay,56.42
TRIP200552,Windy,Standard,Moderate,8.48,11,33,6.07,15,On Time,39.15
TRIP201010,Clear,Standard,High,10.78,13,34,3.12,13,On Time,70.50
TRIP207450,Foggy,Express,High,25.01,24,33,4.44,16,Severe Delay,160.42
TRIP202455,Clear,Mini Bus,High,6.64,5,3,13.01,14,On Time,34.10
TRIP203721,Clear,Express,Low,17.75,24,42,2.27,13,Moderate Delay,69.41
TRIP204701,Rainy,Mini Bus,Severe,16.90,19,30,5.46,8,Severe Delay,144.77
TRIP208008,Clear,Standard,High,5.77,10,48,5.09,19,Severe Delay,52.32
TRIP204967,Clear,Standard,Low,17.18,18,28,7.01,11,Moderate Delay,79.23
TRIP202484,,Mini Bus,High,5.73,3,15,3.91,20,On Time,43.41
TRIP202078,Clear,Standard,Moderate,13.99,13,27,3.23,13,On Time,65.53
TRIP208764,Rainy,Standard,Low,8.10,9,53,5.26,18,Moderate Delay,41.61
TRIP203560,Foggy,Standard,Moderate,,11,40,18.00,22,Moderate Delay,45.99
TRIP208837,Foggy,Standard,High,6.79,11,43,3.71,5,Moderate Delay,45.78
TRIP209743,Windy,Standard,Moderate,14.30,17,25,4.43,17,Severe Delay,77.01
TRIP204102,Clear,Standard,High,21.40,22,34,1.76,9,Severe Delay,147.36
TRIP201527,Clear,Standard,Low,5.28,5,34,15.51,20,On Time,16.61
TRIP202629,Windy,Standard,Moderate,14.01,16,27,3.60,13,Severe Delay,77.85
TRIP209826,Clear,Express,High,10.71,13,13,6.46,13,Moderate Delay,48.91
TRIP200439,Foggy,,Low,17.61,22,37,3.62,19,Severe Delay,86.90
TRIP209420,Rainy,,Severe,5.79,3,25,5.12,13,Severe Delay,55.25
TRIP203307,Rainy,Mini Bus,Low,4.36,3,23,3.79,22,On Time,20.84
TRIP201644,Clear,Mini Bus,Moderate,2.71,3,16,3.60,23,On Time,13.18
TRIP205890,Clear,Standard,Moderate,8.58,10,54,8.07,17,Severe Delay,44.92
TRIP206026,Clear,Express,High,5.39,3,34,11.38,9,On Time,34.19
TRIP204912,Clear,,Severe,10.10,10,29,8.45,12,Moderate Delay,71.58
TRIP205984,Clear,Standard,Low,17.96,17,39,11.06,14,On Time,69.75
TRIP209093,Rainy,Standard,High,10.81,15,56,2.58,7,Severe Delay,80.42
TRIP206850,Foggy,Standard,Moderate,16.27,15,58,9.58,18,Severe Delay,89.27
TRIP201439,Windy,Standard,High,5.69,6,45,7.61,7,Moderate Delay,46.72
TRIP209641,Clear,Express,Moderate,5.25,8,9,9.00,13,On Time,21.10
TRIP205449,Windy,Standard,High,11.85,9,20,1.54,19,Severe Delay,63.75
TRIP208322,Rainy,Standard,Severe,15.16,16,35,2.98,15,Severe Delay,120.88
TRIP204207,Clear,Express,Moderate,11.98,13,20,2.72,18,On Time,46.32
TRIP207675,Clear,Express,High,17.28,18,15,6.31,15,Severe Delay,97.48
TRIP208140,Clear,Standard,High,7.34,7,49,2.22,9,Severe Delay,46.70
TRIP207463,Clear,Mini Bus,Moderate,11.78,13,29,4.98,6,On Time,57.49
TRIP207741,Rainy,Express,Moderate,2.00,3,,5.30,18,On Time,13.80
TRIP202738,Rainy,Standard,High,7.56,9,36,7.42,6,Severe Delay,60.24
TRIP204631,Windy,Standard,Moderate,5.54,5,16,2.48,13,On Time,47.40
TRIP202422,Rainy,Standard,Low,,11,41,9.27,10,On Time,48.47
TRIP206872,Clear,Mini Bus,Moderate,2.55,3,7,6.41,15,On Time,16.42
TRIP201586,Clear,Mini Bus,High,12.35,11,23,0.81,14,Moderate Delay,69.94
TRIP200754,Windy,Standard,Moderate,4.28,6,33,2.20,11,Moderate Delay,21.91
TRIP204178,Foggy,Standard,Moderate,12.95,13,40,3.18,9,Moderate Delay,66.84
TRIP201074,Clear,Standard,High,6.18,6,27,4.24,21,On Time,36.54
TRIP202580,Rainy,Mini Bus,Low,2.00,3,20,3.53,12,On Time,18.20
TRIP206604,Clear,Mini Bus,High,4.25,4,13,7.11,13,Moderate Delay,33.98
TRIP207769,Clear,Standard,Severe,10.71,9,31,10.92,13,On Time,66.57
TRIP200521,Clear,Mini Bus,High,5.33,8,,2.10,10,Moderate Delay,41.57
TRIP201831,Windy,Express,Moderate,6.52,7,18,5.50,22,On Time,17.42
TRIP206758,Clear,Standard,Moderate,17.85,13,31,2.20,22,Moderate Delay,87.63
TRIP201045,Clear,Express,High,8.17,8,23,1.23,9,Severe Delay,40.56
TRIP206913,Foggy,Mini Bus,Severe,9.63,10,9,3.09,23,Severe Delay,87.82
TRIP209717,Windy,Standard,Severe,12.00,12,33,3.23,7,Severe Delay,91.41
TRIP206421,Rainy,Express,High,8.37,12,34,9.27,6,Moderate Delay,50.35
TRIP200549,Clear,Standard,Low,8.39,10,40,5.14,14,On Time,30.42
TRIP207470,Windy,Standard,High,16.35,18,26,1.81,6,Severe Delay,93.58
TRIP202094,Clear,Standard,High,11.37,13,25,8.47,22,On Time,70.55
TRIP200169,Clear,Standard,Moderate,9.73,6,27,3.12,16,On Time,52.93
TRIP202548,Rainy,Express,High,5.65,6,44,3.42,7,Severe Delay,44.17
TRIP201381,Windy,Express,Severe,13.98,17,15,5.38,15,Severe Delay,93.20
TRIP208788,Clear,Mini Bus,High,7.33,6,14,8.36,10,On Time,33.30
TRIP202873,Windy,Mini Bus,Moderate,6.86,5,9,7.25,6,On Time,38.04
TRIP203232,Rainy,Mini Bus,Severe,12.24,10,33,5.77,19,Severe Delay,105.71
TRIP201965,Clear,Standard,High,17.21,20,36,3.05,19,Severe Delay,105.29
TRIP204906,Clear,Standard,High,7.87,10,23,2.10,14,Moderate Delay,43.17
TRIP204221,Clear,Standard,Moderate,13.23,17,27,4.24,20,On Time,69.17
TRIP206054,Foggy,Standard,Moderate,12.71,9,62,4.40,9,Severe Delay,72.10
TRIP200387,Clear,Standard,Low,19.64,20,33,3.41,19,Severe Delay,92.36
TRIP203289,Clear,Mini Bus,Moderate,8.32,8,15,6.93,20,On Time,35.83
TRIP204414,Clear,,Moderate,13.10,14,21,9.68,11,Moderate Delay,52.37
TRIP209198,Clear,Standard,Moderate,7.04,6,23,7.09,14,On Time,29.99
TRIP207259,Windy,Mini Bus,Moderate,6.67,6,28,6.50,7,Moderate Delay,38.43
TRIP204958,Clear,Standard,Moderate,9.18,6,41,5.14,20,On Time,37.26
TRIP201741,Foggy,Standard,High,27.56,27,43,0.76,6,Severe Delay,180.00
TRIP204501,Clear,Standard,Severe,3.70,9,44,5.38,14,Moderate Delay,34.35
TRIP209167,Foggy,Standard,High,9.34,9,37,1.68,19,Severe Delay,68.19
TRIP209346,Windy,Mini Bus,Low,12.72,14,21,4.88,5,On Time,47.80
TRIP203005,Clear,Standard,Moderate,8.27,9,53,1.63,7,Severe Delay,30.26
TRIP200446,Rainy,Mini Bus,Moderate,4.76,3,7,18.00,12,On Time,28.84
TRIP208670,Clear,Standard,High,19.00,17,59,11.27,9,Severe Delay,123.94
TRIP205916,Rainy,Standard,High,6.84,8,38,8.75,16,Severe Delay,49.40
TRIP201970,Rainy,Standard,High,15.07,16,18,5.69,19,Severe Delay,102.10
TRIP203469,Clear,Mini Bus,Severe,15.78,16,35,2.93,16,Severe Delay,126.71
TRIP208810,Rainy,Standard,High,6.44,6,27,4.61,6,Moderate Delay,57.19
TRIP207075,Foggy,Standard,Moderate,10.41,10,32,14.34,21,On Time,49.77
TRIP205144,Windy,Standard,Low,4.24,4,34,4.25,19,On Time,34.92
TRIP201604,Rainy,Mini Bus,Low,12.97,9,59,11.38,7,Moderate Delay,60.56
TRIP206313,Clear,Standard,High,9.99,10,18,6.46,12,Moderate Delay,57.67
TRIP208506,Windy,Mini Bus,Low,13.25,15,10,5.61,22,On Time,54.50
TRIP205146,Rainy,Standard,Moderate,9.84,10,47,7.08,18,Moderate Delay,64.42
TRIP206999,Clear,Mini Bus,Moderate,2.54,3,21,17.45,20,On Time,22.06
TRIP205852,Windy,Standard,Low,16.98,21,52,7.91,17,Severe Delay,81.15
TRIP205809,,Standard,Severe,8.20,6,34,8.01,14,Moderate Delay,55.44
TRIP200710,Rainy,Express,High,21.54,23,17,8.00,14,Severe Delay,143.26
TRIP200005,Windy,Standard,Moderate,18.55,16,25,7.80,6,Moderate Delay,86.90
TRIP208719,Rainy,Standard,Moderate,6.88,5,41,4.79,20,On Time,39.28
TRIP208758,Clear,Express,High,7.74,5,29,3.96,17,Moderate Delay,45.61
TRIP209480,Clear,,Low,11.74,9,48,6.18,8,Moderate Delay,51.11
TRIP201585,Clear,Standard,Moderate,6.21,3,44,8.96,9,On Time,33.04
TRIP204524,Windy,Standard,Low,8.55,8,29,5.09,11,On Time,26.34
TRIP207602,Clear,Standard,Moderate,6.60,6,41,11.81,17,Moderate Delay,39.43
TRIP200960,Clear,Mini Bus,Moderate,3.25,3,22,7.47,7,Moderate Delay,22.03
TRIP202221,Clear,Standard,Low,7.52,9,36,1.99,19,Moderate Delay,40.69
TRIP200834,Foggy,Express,Moderate,6.54,6,25,,6,On Time,25.46
TRIP207134,Clear,Express,Moderate,11.62,10,25,18.00,6,On Time,33.15
TRIP204072,Clear,Mini Bus,Moderate,8.69,9,30,5.65,9,Moderate Delay,37.45
TRIP205762,Windy,Standard,Moderate,11.43,12,27,5.54,20,Moderate Delay,61.81
TRIP208833,Clear,Express,Moderate,6.39,3,14,5.25,6,On Time,12.00
TRIP204569,Foggy,Express,Moderate,7.53,8,17,2.00,20,On Time,31.47
TRIP202760,Windy,Standard,Moderate,5.19,7,36,3.05,13,On Time,40.06
TRIP201806,Clear,Mini Bus,Severe,5.70,8,23,7.74,8,Severe Delay,53.61
TRIP206275,Clear,Standard,Moderate,7.75,9,25,8.80,18,Moderate Delay,40.47
TRIP204617,Windy,Mini Bus,Moderate,10.80,14,30,1.14,17,Severe Delay,67.38
TRIP205232,Foggy,Express,Low,15.16,17,29,9.09,16,Moderate Delay,66.61
TRIP209599,Clear,Standard,High,23.95,23,31,5.41,17,Severe Delay,162.98
TRIP200479,Windy,Standard,High,25.82,26,42,5.90,19,Severe Delay,174.88
TRIP205093,,Express,High,5.06,7,26,6.10,22,On Time,22.48
TRIP203486,Windy,Standard,Moderate,9.37,8,3,5.43,12,On Time,38.25
TRIP201566,Rainy,Standard,Low,4.95,6,29,2.02,15,On Time,22.32
TRIP203795,Clear,Standard,Moderate,8.12,6,26,7.46,22,On Time,41.36
TRIP204641,Clear,,Low,17.09,21,41,3.79,9,Moderate Delay,71.88
TRIP209578,Clear,Standard,Moderate,13.24,12,22,14.82,13,On Time,63.59
TRIP208770,Rainy,Mini Bus,Moderate,4.26,4,37,8.94,17,Moderate Delay,44.69
TRIP202559,Foggy,Express,Moderate,13.97,14,21,18.00,12,On Time,58.01
TRIP202597,Foggy,Standard,Low,11.83,12,6,4.36,20,On Time,48.92
TRIP202662,Clear,Standard,Severe,10.67,13,29,5.68,17,Severe Delay,79.34
TRIP207001,Clear,Standard,High,16.82,20,35,2.41,5,Severe Delay,101.05
TRIP204078,,Standard,Moderate,8.98,13,40,11.86,10,On Time,39.79
TRIP202045,Clear,Standard,Low,9.20,12,30,4.48,20,On Time,42.94
TRIP205384,Foggy,Standard,Severe,7.31,12,41,3.95,19,Severe Delay,69.86
TRIP206133,Clear,Standard,Moderate,12.76,14,25,5.47,12,On Time,51.02
TRIP202929,Clear,Standard,High,7.81,9,37,2.20,12,On Time,52.50
TRIP208630,Clear,Standard,High,4.75,4,22,4.16,21,On Time,30.64
TRIP205975,Clear,Standard,Low,2.45,3,13,1.59,6,On Time,17.03
TRIP208176,Rainy,Mini Bus,Low,3.86,4,15,8.81,22,On Time,26.91
TRIP205444,Clear,Express,Low,13.80,15,28,9.30,6,On Time,35.74
TRIP207711,Clear,Standard,Severe,8.64,6,36,5.51,15,Moderate Delay,64.81
TRIP209836,Clear,Mini Bus,High,9.54,12,32,10.63,8,Severe Delay,66.29
TRIP202356,Clear,Express,High,10.27,11,25,2.27,16,Severe Delay,57.65
TRIP205568,Rainy,Standard,High,4.02,6,38,3.29,14,Moderate Delay,35.84
TRIP200260,Windy,Mini Bus,Moderate,30.08,35,5,3.91,11,Moderate Delay,180.00
TRIP203125,Clear,Mini Bus,Moderate,5.59,7,27,,8,Moderate Delay,36.61
TRIP207044,Clear,Standard,High,7.95,12,45,17.82,8,Moderate Delay,55.59
TRIP204167,Clear,Standard,High,4.01,3,37,1.37,14,On Time,39.68
TRIP203075,Rainy,Standard,High,10.30,13,42,10.13,14,Severe Delay,62.79
TRIP206022,Windy,Standard,Severe,11.96,13,46,18.00,11,Moderate Delay,84.80
TRIP208070,Foggy,Standard,Severe,16.41,19,46,6.60,5,Severe Delay,132.45
TRIP207624,Clear,Mini Bus,Low,15.44,17,3,3.54,11,Moderate Delay,65.56
TRIP207944,Clear,Standard,Low,6.65,7,29,3.03,22,On Time,28.38
TRIP205781,Foggy,Standard,Moderate,7.27,9,33,4.25,21,Moderate Delay,41.24
TRIP201891,Clear,Standard,High,,21,25,1.92,10,Severe Delay,153.13
TRIP207588,Clear,Standard,Moderate,14.10,17,31,2.90,11,Severe Delay,78.93
TRIP207873,Clear,Mini Bus,High,12.22,14,19,3.71,8,Moderate Delay,71.29
TRIP203825,Clear,Mini Bus,Moderate,12.02,9,29,3.94,23,On Time,60.09
TRIP202767,Clear,Standard,High,4.41,8,46,6.68,10,Moderate Delay,28.51
TRIP204965,Rainy,Standard,Severe,6.83,6,43,8.40,23,Severe Delay,66.33
TRIP203528,Rainy,Standard,Moderate,9.51,9,34,3.17,19,Moderate Delay,58.49
TRIP207900,Foggy,Mini Bus,Moderate,,22,6,17.68,12,On Time,90.23
TRIP200339,Rainy,Mini Bus,High,11.42,9,20,1.99,12,Severe Delay,69.90
TRIP206301,Clear,Standard,Low,24.35,22,49,2.83,19,Severe Delay,128.70
TRIP203723,Clear,Express,Moderate,14.67,13,35,2.60,19,Moderate Delay,67.98
TRIP205284,Rainy,Mini Bus,Moderate,3.17,3,17,3.34,5,On Time,22.47
TRIP203679,Foggy,Mini Bus,Moderate,8.22,13,23,,7,Moderate Delay,52.14
TRIP204400,Rainy,Mini Bus,Low,12.98,14,10,2.49,22,Moderate Delay,57.92
TRIP209290,Clear,Standard,High,10.83,12,30,2.68,6,Moderate Delay,62.33
TRIP202439,Clear,Express,Severe,10.84,7,49,14.85,19,Severe Delay,74.28
TRIP202758,Rainy,Mini Bus,High,9.98,11,16,3.60,12,Severe Delay,65.09
TRIP208052,Windy,Standard,Moderate,14.34,15,41,3.42,19,Severe Delay,87.86
TRIP209625,Clear,Standard,High,9.48,11,36,2.12,15,On Time,49.57
TRIP200861,Clear,Standard,Severe,6.81,7,23,3.05,10,Moderate Delay,48.47
TRIP203111,Clear,Standard,Moderate,6.66,5,23,12.96,12,On Time,27.59
TRIP209118,Rainy,Standard,Moderate,11.04,13,16,6.36,22,On Time,57.79
TRIP203986,Rainy,Mini Bus,Moderate,10.67,12,27,5.25,16,Severe Delay,62.21
TRIP206057,Clear,Express,High,3.73,3,43,2.25,6,On Time,19.45
TRIP206244,Clear,Standard,Moderate,8.36,10,,1.75,19,Severe Delay,42.43
TRIP200236,Clear,Standard,Moderate,9.78,10,41,4.75,7,Moderate Delay,47.33
TRIP206880,Clear,Standard,Low,7.14,5,54,0.94,16,Moderate Delay,28.03
TRIP206496,Foggy,Standard,Low,11.49,13,12,1.15,22,On Time,48.19
TRIP203826,Clear,Mini Bus,High,2.07,3,32,2.49,6,Moderate Delay,20.13
TRIP205302,Clear,Standard,High,5.99,4,34,5.70,22,On Time,36.44
TRIP205418,,Standard,High,8.87,11,41,6.31,10,Moderate Delay,47.90
TRIP208094,Clear,Standard,High,8.44,8,25,3.50,20,Moderate Delay,55.85
TRIP201228,Windy,Express,Severe,5.07,8,28,4.27,21,Moderate Delay,38.28
TRIP206849,Rainy,Express,Low,4.74,3,25,1.94,10,On Time,13.32
TRIP203012,Clear,Standard,Moderate,18.29,22,50,13.10,17,Severe Delay,99.82
TRIP208883,Windy,Express,Severe,11.86,12,16,3.75,7,Severe Delay,76.44
TRIP208327,Rainy,Mini Bus,High,5.36,7,16,5.21,10,Moderate Delay,46.40
TRIP205198,Rainy,Express,Moderate,3.99,8,24,1.96,7,Moderate Delay,27.14
TRIP208480,,Mini Bus,Low,18.71,16,3,10.62,21,Moderate Delay,77.50
TRIP203084,,Express,Moderate,10.36,11,26,,12,On Time,36.45
TRIP204323,Windy,Mini Bus,Moderate,10.98,9,13,8.19,6,On Time,56.42
TRIP203093,Clear,Standard,High,13.16,8,44,7.05,20,Moderate Delay,76.38
TRIP209131,Windy,Standard,Severe,18.23,22,26,7.50,10,Severe Delay,138.14
TRIP203185,Foggy,Mini Bus,Low,13.94,15,19,10.64,15,On Time,61.51
TRIP207152,Rainy,Express,High,3.17,6,13,9.71,20,Moderate Delay,23.26
TRIP205392,Windy,Mini Bus,Severe,6.19,8,6,3.08,7,Severe Delay,58.39
TRIP208455,Clear,Express,Moderate,11.19,8,18,3.55,5,On Time,29.48
TRIP207962,Rainy,Mini Bus,High,10.11,13,16,1.76,23,Severe Delay,73.83
TRIP206481,Windy,Standard,High,5.16,6,28,4.69,23,On Time,40.34
TRIP205362,Clear,Standard,Moderate,28.73,30,26,6.78,14,Severe Delay,179.76
TRIP208954,Clear,Standard,High,18.12,21,21,3.93,13,Severe Delay,112.99
TRIP203900,Clear,Standard,Low,17.93,20,48,4.58,18,Severe Delay,79.62
TRIP208214,Foggy,Express,Severe,11.12,15,21,8.46,21,Severe Delay,60.77
TRIP203789,Foggy,Express,High,6.34,6,10,4.85,10,Moderate Delay,30.42
TRIP206778,Windy,Standard,Severe,8.96,6,25,2.25,13,Severe Delay,57.80
TRIP201556,Clear,Standard,Moderate,3.59,4,43,3.12,8,On Time,24.60
TRIP204523,Clear,Standard,Low,12.89,13,47,1.29,7,Severe Delay,61.55
TRIP200184,Rainy,Standard,Severe,8.22,6,30,3.64,21,Moderate Delay,74.30
TRIP201256,Clear,Standard,High,14.45,17,42,4.01,7,Severe Delay,88.43
TRIP209121,Clear,Standard,Low,11.48,12,32,9.11,10,On Time,45.94
TRIP207858,Clear,Standard,Low,2.85,8,34,7.87,20,On Time,23.39
TRIP206525,Windy,Express,Severe,12.47,13,20,8.43,7,Moderate Delay,86.07
TRIP204897,Windy,Standard,Low,9.87,11,46,0.79,17,Severe Delay,41.35
TRIP200925,Clear,Standard,Severe,11.58,10,40,4.85,13,Moderate Delay,93.16
TRIP201400,Clear,Standard,Low,15.73,18,33,7.85,15,Moderate Delay,66.02
TRIP206647,Clear,Express,Severe,8.72,7,22,,9,Severe Delay,55.14
TRIP208467,Clear,Express,Severe,15.27,15,37,3.23,7,Severe Delay,109.10
TRIP208398,Rainy,Standard,Low,6.33,10,48,7.45,6,Moderate Delay,40.21
TRIP200686,Windy,Mini Bus,High,7.10,8,7,8.56,23,Moderate Delay,47.42
TRIP206537,Rainy,Express,Moderate,9.43,12,20,5.56,12,On Time,41.28
TRIP202145,Clear,Standard,Severe,10.60,11,48,2.55,9,Severe Delay,94.33
TRIP204094,Windy,Standard,Moderate,10.29,11,55,6.95,16,Severe Delay,54.53
TRIP207280,Rainy,Mini Bus,High,21.56,22,8,15.21,10,Severe Delay,152.59
TRIP206285,Clear,Mini Bus,Low,18.97,20,19,10.05,10,Moderate Delay,83.76
TRIP200619,Rainy,Standard,Severe,23.23,19,31,10.42,21,Severe Delay,180.00
TRIP208065,Clear,Express,Low,11.60,10,35,0.57,6,On Time,39.64
TRIP201654,Clear,Standard,Moderate,5.34,4,32,4.50,20,On Time,27.01
TRIP206885,Clear,Express,High,6.81,9,30,4.12,9,Moderate Delay,43.80
TRIP200935,Windy,Standard,High,3.24,3,47,1.49,7,Severe Delay,30.87
TRIP203421,Clear,Mini Bus,Moderate,5.41,3,16,10.87,22,On Time,31.71
TRIP205486,,Mini Bus,Moderate,9.34,8,22,5.24,15,On Time,50.98
TRIP204461,Clear,Standard,High,3.94,3,33,6.89,14,Moderate Delay,17.40
TRIP208152,Rainy,Standard,Low,23.09,20,41,14.83,13,Moderate Delay,109.98
TRIP201259,Clear,Standard,Low,12.19,10,21,12.87,23,On Time,47.52
TRIP202364,Foggy,Mini Bus,High,5.32,7,31,6.17,14,Severe Delay,45.60
TRIP200337,Clear,Standard,Moderate,5.71,10,23,12.32,13,On Time,26.78
TRIP206042,Clear,Express,Moderate,22.25,25,19,10.04,11,On Time,106.52
TRIP202724,Clear,Standard,Moderate,6.84,7,34,0.80,19,Severe Delay,34.53
TRIP201545,Windy,Mini Bus,Low,9.65,12,3,8.19,21,On Time,43.48
TRIP201445,Rainy,Standard,Low,8.01,9,64,11.65,17,Moderate Delay,43.77
TRIP209124,Windy,Standard,Moderate,17.94,20,34,,23,Moderate Delay,96.30
TRIP208340,Windy,Standard,Moderate,6.34,9,23,5.52,15,On Time,35.83
TRIP204842,Clear,Standard,High,9.38,6,41,7.72,20,Moderate Delay,48.33
TRIP200163,Clear,Mini Bus,High,10.75,9,32,8.94,5,Moderate Delay,66.27
TRIP201375,Foggy,Standard,Low,9.14,8,34,12.61,12,On Time,40.41
TRIP203611,Clear,Standard,Moderate,6.31,9,8,5.76,10,On Time,25.87
TRIP207310,Windy,Standard,Severe,15.45,19,33,0.92,22,Severe Delay,115.76
TRIP206588,Clear,Standard,High,7.25,10,41,4.04,18,Moderate Delay,51.14
TRIP200073,Clear,Standard,Moderate,5.10,3,38,12.79,19,Moderate Delay,24.28
TRIP206186,Windy,Standard,Severe,9.98,8,34,6.76,6,Moderate Delay,71.91
TRIP202476,Clear,Standard,Low,12.31,15,34,12.99,10,On Time,38.79
TRIP207228,Rainy,Standard,High,7.62,9,43,2.33,11,Severe Delay,58.24
TRIP203530,Clear,Standard,High,14.95,15,40,2.54,8,Severe Delay,93.37
TRIP200327,Foggy,Express,Moderate,19.19,19,35,3.66,18,Severe Delay,89.60
TRIP207679,Foggy,Standard,High,19.55,19,43,1.95,9,Severe Delay,136.14
TRIP205735,Rainy,Express,Moderate,2.02,3,41,8.08,23,On Time,12.00
TRIP202862,Clear,Standard,High,3.66,3,41,8.13,6,On Time,18.08
TRIP203719,Rainy,Standard,Moderate,5.22,7,45,5.27,5,On Time,41.28
TRIP201637,Clear,Standard,High,7.03,8,23,6.75,17,Moderate Delay,39.40
TRIP203622,Clear,Standard,Moderate,18.09,15,29,3.75,13,Moderate Delay,84.96
TRIP208397,Clear,Express,Low,10.33,15,30,1.33,22,On Time,31.78
TRIP200017,Rainy,Mini Bus,High,3.09,3,9,5.02,22,Severe Delay,28.58
TRIP207247,Foggy,Standard,Severe,8.50,10,36,2.17,23,Severe Delay,77.86
TRIP204791,Clear,Mini Bus,Moderate,11.54,11,37,6.38,9,Moderate Delay,60.49
TRIP202256,Windy,Express,Moderate,4.97,9,23,2.50,9,Severe Delay,26.49
TRIP208589,Clear,Standard,Low,5.52,3,32,3.49,11,On Time,21.74
TRIP205585,Rainy,Standard,Low,14.94,14,,5.20,21,On Time,71.67
TRIP204318,Clear,Express,Moderate,14.56,12,36,4.13,19,Moderate Delay,65.13
TRIP202991,Windy,Standard,Moderate,8.09,11,26,9.29,15,On Time,45.07
TRIP204027,Clear,Express,High,24.92,23,30,15.66,16,Severe Delay,154.19
TRIP201267,Rainy,Standard,Low,3.25,4,57,4.12,9,Severe Delay,30.57
TRIP203508,Clear,Standard,Moderate,11.80,14,23,11.03,5,Moderate Delay,44.43
TRIP205546,Windy,Mini Bus,Moderate,10.26,11,19,6.81,9,Moderate Delay,54.63
TRIP201706,Clear,Standard,High,4.83,4,49,5.21,19,Severe Delay,31.88
TRIP205461,Clear,Mini Bus,Low,11.90,12,22,5.65,16,Moderate Delay,46.93
TRIP200924,Clear,Mini Bus,Severe,4.75,5,33,1.07,13,Severe Delay,38.46
TRIP203408,Clear,Mini Bus,Moderate,9.26,9,23,3.69,9,Moderate Delay,42.12
TRIP207485,Clear,Standard,Low,12.94,11,61,6.59,7,Moderate Delay,52.65
TRIP207454,Clear,Standard,Moderate,7.90,8,34,15.03,20,On Time,36.03
TRIP202809,Windy,Standard,Moderate,3.93,7,52,3.42,19,Moderate Delay,32.67
TRIP208862,Clear,Mini Bus,Severe,4.98,6,27,3.21,16,Severe Delay,46.80
TRIP207616,Rainy,Mini Bus,Moderate,7.27,8,24,2.54,13,Moderate Delay,49.98
TRIP203623,Clear,Express,Severe,9.42,10,,2.61,14,Moderate Delay,63.30
TRIP200761,Clear,Standard,High,15.69,20,56,4.48,19,Severe Delay,97.03
TRIP201592,Clear,Standard,High,4.69,7,45,1.76,8,Severe Delay,48.39
TRIP207446,Clear,Standard,Moderate,13.52,18,17,10.50,14,On Time,60.16
TRIP204139,Rainy,Standard,Severe,13.92,15,26,3.02,15,Severe Delay,112.06
TRIP204390,Clear,Express,High,8.14,10,31,13.06,14,On Time,34.69
TRIP209698,Clear,Mini Bus,High,5.16,3,16,2.85,13,Moderate Delay,25.84
TRIP202247,Windy,Standard,High,13.12,15,50,5.87,17,Severe Delay,87.28
TRIP201468,Foggy,Standard,Moderate,21.16,21,50,5.42,16,Severe Delay,120.97
TRIP208483,Rainy,Standard,High,11.22,15,45,10.56,19,Severe Delay,81.91
TRIP208613,Clear,Express,Low,12.49,13,20,7.12,13,On Time,27.46
TRIP201593,Clear,Express,High,8.20,9,36,11.16,18,Moderate Delay,39.69
TRIP204130,Foggy,Standard,Moderate,7.83,6,44,8.05,10,On Time,46.81
TRIP202755,Windy,Express,Severe,8.57,11,24,6.27,15,Moderate Delay,54.45
TRIP207320,Rainy,Standard,Low,17.76,17,29,13.72,15,On Time,75.82
TRIP207415,Rainy,Mini Bus,Severe,9.02,11,13,1.61,21,Severe Delay,76.20
TRIP204105,Clear,Mini Bus,Low,19.69,21,25,10.00,19,Moderate Delay,88.42
TRIP201665,Rainy,Express,Low,4.34,3,29,6.68,5,On Time,12.00
TRIP204024,Clear,Standard,Moderate,12.91,16,11,1.90,15,Moderate Delay,50.78
TRIP203947,Clear,Standard,High,23.34,23,19,,23,Severe Delay,143.67
TRIP207652,Windy,Express,High,12.61,12,24,2.98,22,Severe Delay,54.45
TRIP205978,Windy,Mini Bus,Moderate,20.46,23,3,8.88,12,Moderate Delay,102.63
TRIP205265,Clear,Standard,Low,7.69,6,26,1.04,5,On Time,33.16
TRIP205433,,Standard,High,21.36,25,53,9.88,7,Severe Delay,134.80
TRIP206656,Foggy,Mini Bus,High,11.54,12,9,6.48,12,Severe Delay,72.78
TRIP207520,Rainy,Mini Bus,High,7.77,8,17,1.01,9,Severe Delay,67.03
TRIP202896,Clear,Express,Moderate,11.04,11,47,9.20,17,Moderate Delay,52.22
TRIP205108,Rainy,Standard,High,,10,38,8.63,21,Moderate Delay,61.39
TRIP206097,Clear,Standard,Low,21.05,24,42,2.52,8,Severe Delay,100.36
TRIP203657,Clear,Standard,High,4.37,4,39,15.47,15,On Time,27.85
TRIP201590,Foggy,Mini Bus,Low,10.35,16,17,1.44,14,Moderate Delay,45.63
TRIP206801,Clear,Standard,Low,5.66,4,49,12.98,17,Moderate Delay,25.47
TRIP202246,Clear,Standard,Moderate,7.22,7,43,9.07,19,Moderate Delay,44.03
TRIP201495,Clear,Standard,Moderate,14.28,14,40,9.27,8,Moderate Delay,73.95
TRIP207729,Rainy,Mini Bus,Low,11.95,12,17,11.08,7,Moderate Delay,55.27
TRIP201746,Clear,Express,Moderate,9.51,14,34,5.85,8,Moderate Delay,49.00
TRIP200496,Rainy,Standard,Moderate,5.58,9,52,1.40,9,Severe Delay,42.39
TRIP206549,Clear,Standard,Moderate,8.54,8,46,15.53,8,Moderate Delay,43.87
TRIP200097,Clear,Standard,High,8.53,8,34,7.59,13,On Time,40.77
TRIP200463,Rainy,Standard,Moderate,5.50,3,,6.59,22,On Time,36.44
TRIP204874,Clear,Standard,Severe,11.14,14,29,0.85,13,Severe Delay,75.76
TRIP201525,Clear,Standard,Moderate,15.03,15,37,1.24,7,Moderate Delay,85.96
TRIP207710,Clear,Mini Bus,High,9.48,7,3,4.68,14,Moderate Delay,43.71
TRIP208721,Clear,Mini Bus,Low,8.16,5,30,10.47,18,On Time,27.55
TRIP204956,Rainy,Express,Severe,7.69,9,14,3.72,13,Severe Delay,55.35
TRIP203881,Rainy,Standard,Moderate,6.92,5,18,3.13,12,On Time,31.99
TRIP202301,Rainy,Standard,Moderate,20.08,19,35,11.06,12,Severe Delay,106.67
TRIP206690,Rainy,Mini Bus,Moderate,5.36,4,26,10.56,21,Moderate Delay,29.94
TRIP200907,Rainy,Mini Bus,Moderate,9.24,12,24,4.50,7,Severe Delay,52.82
TRIP206451,Foggy,Standard,High,5.62,9,65,0.90,8,Severe Delay,50.64
TRIP203822,Rainy,Standard,High,7.37,3,41,2.51,18,Severe Delay,49.27
TRIP200918,Rainy,Mini Bus,High,6.69,6,5,8.58,10,Severe Delay,49.73
TRIP203820,Clear,Express,Low,16.34,18,20,11.08,10,On Time,59.04
TRIP201294,Clear,Mini Bus,High,8.05,8,10,2.20,23,Moderate Delay,56.28
TRIP205605,Rainy,Standard,High,8.20,4,47,4.12,21,Severe Delay,64.16
TRIP208279,Clear,Standard,Moderate,4.92,5,,,9,On Time,31.55
TRIP205258,Clear,Mini Bus,High,2.14,3,35,6.08,9,Severe Delay,28.07
TRIP205292,Clear,Standard,High,,14,40,2.82,11,Moderate Delay,88.53
TRIP209463,Windy,Standard,High,7.46,13,30,6.82,22,Moderate Delay,51.13
TRIP201280,Rainy,Standard,Moderate,10.72,14,28,9.35,15,Moderate Delay,53.39
TRIP201331,Foggy,Express,Moderate,21.54,28,10,5.63,22,Moderate Delay,106.60
TRIP201160,Clear,Standard,High,9.09,8,29,6.49,6,On Time,51.42
TRIP203191,Windy,Standard,Moderate,7.35,10,29,6.28,11,On Time,35.09
TRIP209210,Clear,Express,Moderate,3.43,3,14,4.50,21,On Time,12.00
TRIP207672,Foggy,Mini Bus,High,4.63,5,33,15.85,14,Severe Delay,40.81
TRIP205046,Clear,Standard,Low,4.65,7,30,1.97,22,On Time,20.12
TRIP208159,Clear,Mini Bus,Severe,17.04,19,21,10.93,19,Severe Delay,134.76
TRIP201529,Windy,Mini Bus,Low,13.20,14,48,7.96,18,Moderate Delay,66.21
TRIP209816,Clear,Standard,High,9.29,7,37,12.15,21,Moderate Delay,46.07
TRIP209731,Rainy,Mini Bus,Severe,13.35,20,20,4.56,6,Severe Delay,114.10
TRIP202832,Clear,Standard,Low,5.19,6,,2.18,5,On Time,25.90
TRIP207704,Clear,Standard,High,,20,40,4.82,15,Moderate Delay,114.83
TRIP209162,Windy,Standard,Moderate,13.41,13,48,2.31,8,Severe Delay,73.81
TRIP206020,Clear,Standard,Moderate,6.31,11,22,2.06,5,On Time,44.32
TRIP207222,Clear,Mini Bus,Moderate,13.09,14,24,1.34,9,Severe Delay,67.60
TRIP206581,Clear,Standard,Moderate,15.87,18,44,5.38,18,Severe Delay,84.53
TRIP206837,Foggy,,High,12.47,14,40,6.54,5,Severe Delay,84.07
TRIP201854,Windy,Mini Bus,Moderate,17.97,17,23,3.67,16,Severe Delay,92.19
TRIP205380,Clear,Express,Low,10.20,9,17,9.82,22,On Time,24.61
TRIP207745,Foggy,Mini Bus,Severe,8.87,8,11,10.40,23,Severe Delay,73.13
TRIP200540,Clear,Standard,Moderate,7.55,8,50,4.36,16,Moderate Delay,45.24
TRIP208178,Clear,Standard,High,17.98,19,22,0.90,23,Severe Delay,114.06
TRIP205866,Clear,Standard,High,12.75,15,59,18.00,17,Severe Delay,76.43
TRIP201851,Clear,Standard,High,6.16,11,31,3.20,12,Moderate Delay,36.90
TRIP201122,Rainy,Standard,Moderate,12.76,12,37,5.53,22,On Time,61.32
TRIP200039,Clear,Mini Bus,Moderate,4.38,7,9,9.01,23,On Time,20.76
TRIP206834,Clear,Standard,High,12.60,12,19,4.71,14,On Time,75.67
TRIP203972,Foggy,Standard,Low,13.92,12,34,11.45,5,On Time,55.89
TRIP200678,Clear,Standard,Low,7.99,10,18,3.43,5,On Time,32.85
TRIP203521,Rainy,Standard,Moderate,5.48,3,60,10.85,7,Severe Delay,38.70
TRIP206998,Clear,Express,High,13.67,13,28,12.68,15,On Time,68.24
TRIP207253,Clear,Standard,Moderate,21.36,25,24,2.05,22,Severe Delay,110.12
TRIP201681,Clear,Standard,Moderate,3.92,3,53,1.40,7,Severe Delay,30.00
TRIP209506,Clear,Standard,Moderate,6.93,7,44,4.01,13,On Time,32.80
TRIP200796,Clear,Mini Bus,High,9.02,6,21,2.31,20,Severe Delay,44.29
TRIP200441,Rainy,Mini Bus,Low,8.72,9,3,7.15,13,On Time,33.55
TRIP207043,Clear,Standard,Severe,12.75,11,43,3.61,6,Moderate Delay,88.27
TRIP201433,Clear,Standard,High,,7,43,11.48,17,Moderate Delay,58.96
TRIP206352,Rainy,Mini Bus,Low,13.11,12,16,8.74,21,On Time,54.53
TRIP204851,Windy,Express,Severe,8.34,7,25,3.75,13,Moderate Delay,52.66
TRIP207392,Rainy,Standard,Moderate,11.83,12,10,3.82,20,On Time,64.39
TRIP205055,Windy,Express,High,11.75,9,4,3.70,10,On Time,47.32
TRIP203129,Foggy,Standard,Severe,11.36,8,42,3.29,14,Severe Delay,87.07
TRIP204350,Rainy,Standard,Moderate,32.00,31,37,4.30,8,Severe Delay,180.00
TRIP207941,Windy,Express,Severe,16.19,16,3,18.00,10,Moderate Delay,107.10
TRIP201532,Clear,Standard,High,8.66,11,31,4.59,22,On Time,51.38
TRIP204075,Clear,Mini Bus,Moderate,11.46,13,28,3.17,16,Moderate Delay,69.98
TRIP207780,Rainy,Mini Bus,High,8.19,5,9,2.77,5,Severe Delay,57.12
TRIP202778,Clear,Express,Moderate,6.29,6,19,4.26,13,On Time,14.21
TRIP207389,Windy,Express,Moderate,9.01,11,17,10.52,5,On Time,35.83
TRIP200389,,Standard,High,5.11,4,28,7.00,15,On Time,36.17
TRIP207093,Clear,Standard,Severe,6.91,7,35,2.28,22,Severe Delay,45.99
TRIP201354,Rainy,Standard,Severe,9.53,12,42,4.87,5,Severe Delay,79.26
TRIP201384,Windy,Standard,Severe,5.74,11,43,3.45,19,Severe Delay,49.17
TRIP205122,Rainy,Standard,Moderate,,9,51,7.27,23,Moderate Delay,39.78
TRIP201077,Clear,Standard,Low,9.66,10,31,3.27,19,On Time,40.29
TRIP204575,Clear,Mini Bus,Moderate,8.05,7,17,2.63,21,On Time,38.99
TRIP200767,Clear,,High,7.65,9,25,4.38,14,On Time,45.68
TRIP202428,Clear,Standard,High,7.84,9,46,4.35,20,On Time,46.48
TRIP208277,Clear,Standard,High,26.09,27,54,,7,Severe Delay,180.00
TRIP200543,Clear,Standard,High,9.68,11,23,8.79,5,On Time,48.12
TRIP202815,Clear,Standard,High,17.02,19,27,1.12,12,Severe Delay,102.65
TRIP204089,Rainy,Mini Bus,Severe,8.49,5,16,7.13,18,Severe Delay,76.62
TRIP204294,Clear,Standard,High,8.62,10,65,1.90,19,Severe Delay,66.50
TRIP209071,Clear,Mini Bus,Moderate,6.07,7,14,8.84,20,On Time,28.85
TRIP204865,Clear,Mini Bus,Moderate,10.72,7,24,3.42,15,Moderate Delay,50.60
TRIP209470,Clear,Express,Moderate,4.03,6,21,,18,On Time,18.40
TRIP205976,Foggy,Express,Severe,14.16,18,21,5.37,6,Severe Delay,94.71
TRIP205020,Rainy,Mini Bus,High,17.64,19,18,2.96,6,Severe Delay,115.89
TRIP202532,Clear,Express,High,7.04,7,3,4.21,23,On Time,33.99
TRIP204726,Clear,Standard,High,14.72,14,25,5.59,21,On Time,86.01
TRIP205217,Rainy,Mini Bus,Severe,7.41,6,32,7.59,17,Severe Delay,73.23
TRIP201143,Clear,Mini Bus,Low,7.29,7,27,,17,On Time,46.69
TRIP206994,Clear,Standard,Moderate,8.68,9,31,2.40,6,On Time,32.69
TRIP207743,Rainy,Standard,Low,9.58,12,53,1.98,9,Severe Delay,47.94
TRIP200977,Rainy,Standard,High,12.62,12,31,2.88,22,Severe Delay,83.28
TRIP200371,Clear,Standard,High,9.58,11,16,14.43,21,Moderate Delay,52.07
TRIP200651,Rainy,Mini Bus,High,4.42,5,22,1.25,16,Severe Delay,51.46
TRIP207976,Clear,Standard,High,3.70,3,40,,18,Moderate Delay,34.66
TRIP209158,,Mini Bus,Moderate,17.19,20,39,2.38,10,Moderate Delay,99.07
TRIP208197,Rainy,Express,Severe,24.55,27,30,7.96,23,Severe Delay,180.00
TRIP201436,Rainy,Mini Bus,Moderate,14.81,15,37,8.05,22,Moderate Delay,85.14
TRIP206862,Windy,Standard,Low,14.06,16,48,5.10,18,Severe Delay,60.85
TRIP201169,Clear,Standard,High,7.32,12,59,7.53,7,Severe Delay,54.31
TRIP207538,Clear,Express,Moderate,13.08,12,39,0.88,16,Moderate Delay,59.50
TRIP201659,Foggy,Express,Moderate,7.96,6,19,8.51,20,On Time,29.77
TRIP201151,Rainy,Express,Moderate,11.06,10,20,6.87,20,On Time,39.92
TRIP204490,Foggy,Standard,Severe,6.17,9,40,,7,Severe Delay,64.42
TRIP205720,Foggy,Standard,Severe,19.73,21,27,7.69,5,Severe Delay,163.87
TRIP208324,Windy,Standard,Low,5.95,5,46,3.88,17,Moderate Delay,26.95
TRIP202609,Clear,Express,High,19.96,24,14,1.40,23,Severe Delay,115.41
TRIP207978,Rainy,Standard,High,15.09,15,41,6.76,7,Severe Delay,119.34
TRIP201426,Clear,Standard,Moderate,9.44,8,53,3.78,18,Severe Delay,36.35
TRIP201404,Rainy,Standard,Severe,4.61,6,37,4.79,5,Severe Delay,43.23
TRIP205857,Clear,Mini Bus,Moderate,2.28,3,30,18.00,10,On Time,15.31
TRIP201503,Clear,Standard,High,19.77,19,51,2.73,19,Severe Delay,115.62
TRIP203989,Clear,Standard,Moderate,7.88,13,43,16.42,21,On Time,41.61
TRIP206068,Clear,Standard,Severe,8.83,5,50,7.59,8,Severe Delay,74.27
TRIP207663,Clear,Mini Bus,Low,8.43,5,37,2.73,16,Moderate Delay,35.24
TRIP204595,Clear,Standard,Moderate,5.80,5,42,1.53,7,Moderate Delay,36.77
TRIP205318,Rainy,Express,Moderate,7.05,4,11,,23,On Time,24.95
TRIP201859,Rainy,Mini Bus,High,,11,27,4.19,12,Severe Delay,77.23
TRIP200780,Clear,Standard,Moderate,2.41,5,36,1.20,16,Moderate Delay,26.43
TRIP208232,Foggy,Standard,Moderate,12.71,12,37,3.67,7,Moderate Delay,67.63
TRIP203532,Clear,Mini Bus,Moderate,8.36,10,7,4.37,13,Moderate Delay,40.25
TRIP204019,Clear,Standard,High,14.97,13,40,1.19,13,Severe Delay,89.12
TRIP203110,Clear,Standard,Moderate,4.91,3,30,4.11,20,On Time,27.25
TRIP205697,Windy,Express,High,2.00,3,41,6.31,22,On Time,12.00
TRIP200406,Clear,Mini Bus,Low,9.71,13,15,10.09,22,On Time,39.76
TRIP207340,Rainy,Standard,High,6.71,8,26,10.16,10,Moderate Delay,51.48
TRIP203007,Clear,Standard,High,4.98,3,40,2.96,14,Moderate Delay,33.68
TRIP206847,Clear,Standard,Low,3.89,3,33,3.13,6,On Time,14.86
TRIP201317,Rainy,Mini Bus,Moderate,6.19,10,18,7.48,20,On Time,35.38
TRIP204069,Clear,Standard,Moderate,14.01,18,37,6.65,18,Severe Delay,75.95
TRIP204352,Rainy,Standard,Low,,28,45,7.60,9,Severe Delay,162.46
TRIP201953,Clear,Standard,Low,7.43,7,46,0.60,23,On Time,36.66
TRIP200417,Clear,Express,High,7.12,9,10,6.54,22,On Time,27.10
TRIP201932,Windy,Standard,Moderate,,7,21,4.25,10,On Time,30.54
TRIP202287,Rainy,Standard,Severe,16.63,18,28,6.82,19,Severe Delay,138.04
TRIP200887,Windy,Standard,Low,14.77,13,26,8.17,18,Moderate Delay,61.93
TRIP205376,Foggy,Express,Moderate,5.86,6,14,5.32,6,On Time,30.67
TRIP200674,Clear,Mini Bus,High,6.62,5,7,12.83,13,On Time,35.61
TRIP206969,Clear,Mini Bus,Severe,5.34,3,41,8.97,7,Moderate Delay,45.67
TRIP203056,Clear,Mini Bus,High,7.59,9,41,10.36,7,Severe Delay,51.28
TRIP201474,Clear,Standard,Severe,13.80,13,34,3.08,23,Moderate Delay,103.41
TRIP201957,Rainy,Standard,Moderate,4.77,8,48,1.61,12,Moderate Delay,34.90
TRIP203692,Clear,Standard,High,4.55,7,32,6.42,11,On Time,28.64
TRIP208913,Clear,Standard,High,29.22,29,50,2.69,8,Severe Delay,180.00
TRIP201988,Rainy,Standard,Moderate,5.82,5,23,2.37,21,On Time,43.19
TRIP205607,Clear,Mini Bus,Severe,5.34,3,11,7.39,14,Moderate Delay,35.49
TRIP207065,Clear,Mini Bus,Severe,12.56,17,13,0.52,6,Severe Delay,93.62
TRIP201419,Rainy,Standard,Moderate,8.90,9,38,11.12,23,On Time,46.18
TRIP204576,Clear,Standard,Severe,5.37,5,33,3.49,6,Moderate Delay,30.07
TRIP203878,Rainy,Standard,Moderate,7.18,10,14,9.48,5,On Time,36.36
TRIP203965,Clear,Standard,Moderate,3.04,7,38,6.86,17,Moderate Delay,24.75
TRIP203042,Clear,Standard,Moderate,2.90,3,25,4.94,12,On Time,26.44
TRIP202241,Clear,Standard,High,13.92,14,49,18.00,17,Severe Delay,82.47
TRIP207638,Clear,Standard,Severe,29.86,35,41,14.93,8,Severe Delay,180.00
TRIP206393,Clear,Mini Bus,High,8.20,7,18,3.91,23,Moderate Delay,45.00
TRIP209758,Clear,Standard,Low,8.53,10,49,1.02,16,Severe Delay,47.86
TRIP206897,Clear,Mini Bus,Moderate,9.61,11,37,4.29,19,Moderate Delay,54.38
TRIP200404,Clear,Standard,Moderate,16.87,23,30,4.95,21,Moderate Delay,98.85
TRIP200783,Clear,Standard,High,7.28,6,27,3.48,11,On Time,40.13
TRIP205041,Rainy,Standard,Moderate,14.21,18,32,,5,Moderate Delay,71.61
TRIP207039,Foggy,Standard,Moderate,11.38,8,38,5.82,21,On Time,60.76
TRIP203919,Rainy,Standard,Moderate,17.10,18,16,2.36,5,Severe Delay,90.39
TRIP203288,Foggy,Mini Bus,Moderate,,17,22,0.93,21,Moderate Delay,86.27
TRIP201868,Windy,Mini Bus,Low,10.47,10,3,1.18,21,On Time,42.06
TRIP205615,Clear,Mini Bus,Moderate,8.43,11,11,3.00,14,On Time,38.82
TRIP201653,Clear,Mini Bus,Severe,10.46,14,29,2.59,18,Severe Delay,86.22
TRIP203080,Windy,Standard,Moderate,9.10,11,31,8.80,23,Moderate Delay,45.38
TRIP203889,Windy,Express,High,10.31,7,15,8.87,14,On Time,48.39
TRIP201295,Clear,Standard,Low,14.95,15,29,4.77,14,On Time,62.09
TRIP202271,Clear,Standard,High,6.83,3,49,8.63,7,Severe Delay,42.27
TRIP206459,Clear,Mini Bus,Moderate,8.45,7,29,6.77,7,Moderate Delay,42.14
TRIP203304,Rainy,Standard,Moderate,2.95,3,24,7.32,14,On Time,24.49
TRIP203650,Rainy,Mini Bus,Low,19.66,19,7,11.35,20,Moderate Delay,87.32
TRIP202009,Clear,Standard,Severe,10.89,11,36,5.04,7,Moderate Delay,84.16
TRIP205602,Clear,Standard,Severe,6.87,8,41,10.56,11,On Time,56.63
TRIP203780,Clear,Standard,Severe,7.05,7,41,3.56,13,On Time,46.98
TRIP202433,Clear,Standard,Severe,17.89,20,31,4.37,6,Severe Delay,132.77
TRIP202467,Rainy,Express,Low,17.86,18,19,2.45,6,Moderate Delay,67.91
TRIP207023,Rainy,Standard,Severe,10.82,12,40,0.48,15,Severe Delay,98.61
TRIP206055,Clear,Mini Bus,Moderate,3.55,4,22,3.49,8,On Time,29.46
TRIP208572,Rainy,Standard,Low,5.46,8,45,10.22,9,Moderate Delay,40.13
TRIP207363,Clear,Standard,Severe,8.23,6,57,4.64,16,Severe Delay,60.53
TRIP204552,Windy,Standard,Moderate,4.48,7,43,5.74,21,On Time,24.55
TRIP206409,Clear,Standard,High,5.16,8,45,8.95,12,On Time,37.82
TRIP200494,Rainy,Standard,High,15.42,12,37,3.53,6,Severe Delay,103.20
TRIP205783,Clear,Mini Bus,Moderate,11.27,14,16,6.97,23,On Time,47.89
TRIP202273,Clear,Standard,Low,11.46,13,36,2.89,22,On Time,35.60
TRIP205868,Clear,Standard,Moderate,6.46,7,25,2.47,7,Severe Delay,34.08
TRIP203158,Clear,Express,Moderate,6.22,11,43,3.88,9,Moderate Delay,40.64
TRIP208460,Rainy,Standard,High,9.86,8,31,3.88,12,Severe Delay,67.88
TRIP208738,Windy,Standard,Moderate,10.85,12,34,3.56,15,On Time,45.28
TRIP205009,Clear,Standard,High,9.82,6,29,1.66,14,Moderate Delay,46.12
TRIP204705,Clear,Standard,Low,8.09,9,43,12.76,12,On Time,35.53
TRIP200062,Windy,Standard,Low,26.76,26,52,2.89,15,Severe Delay,138.58
TRIP209396,Rainy,Standard,Moderate,14.59,16,34,10.95,7,Severe Delay,69.58
TRIP200464,Clear,Mini Bus,High,14.43,17,11,4.81,10,Severe Delay,82.61
TRIP201141,Clear,Express,Severe,11.43,12,32,2.68,7,Severe Delay,89.20
TRIP202216,Clear,Standard,Low,8.67,7,37,6.83,23,On Time,30.24
TRIP204436,Clear,Express,High,12.82,12,14,2.11,15,Severe Delay,58.33
TRIP204503,Clear,Standard,Low,9.85,10,36,1.60,20,On Time,37.68
TRIP206958,Windy,Mini Bus,Low,5.15,6,18,2.60,9,Moderate Delay,41.91
TRIP206013,Foggy,Mini Bus,Low,20.17,20,19,3.20,12,On Time,98.46
TRIP208128,Windy,Standard,Moderate,4.53,5,19,3.23,11,On Time,22.36
TRIP206220,Clear,Mini Bus,Low,9.22,12,8,7.27,23,On Time,46.55
TRIP201264,Rainy,Standard,High,9.67,5,61,16.41,8,Severe Delay,65.27
TRIP207058,Foggy,Standard,Moderate,22.23,20,35,5.98,19,Severe Delay,134.59
TRIP208307,Clear,Standard,Moderate,5.53,3,41,4.09,19,On Time,38.76
TRIP208089,Clear,Standard,Moderate,13.29,13,34,2.36,13,Moderate Delay,57.45
TRIP202088,Clear,Mini Bus,High,10.18,16,22,6.81,18,Severe Delay,77.93
TRIP207339,Rainy,Standard,Moderate,13.62,14,50,0.79,17,Severe Delay,76.06
TRIP208710,Rainy,Express,Low,6.79,6,31,1.09,11,On Time,22.55
TRIP209436,Rainy,Mini Bus,Moderate,14.05,14,17,7.07,22,Moderate Delay,68.91
TRIP206732,Foggy,Mini Bus,Low,11.07,10,16,7.42,6,On Time,53.41
TRIP203295,Clear,Standard,High,9.96,11,25,2.92,22,Moderate Delay,56.19
TRIP202923,Clear,Standard,High,4.77,6,33,,23,On Time,33.61
TRIP207919,Clear,Standard,Moderate,10.74,11,33,7.69,17,Moderate Delay,60.00
TRIP208835,Windy,Standard,Severe,9.20,10,30,4.79,22,Moderate Delay,60.75
TRIP208405,Clear,Standard,Moderate,7.81,6,30,10.99,13,On Time,29.87
TRIP206108,Clear,Standard,Moderate,12.75,18,19,2.94,6,Moderate Delay,64.18
TRIP203133,Rainy,Standard,Severe,5.96,9,50,4.29,8,Severe Delay,63.37
TRIP201441,,Express,High,20.88,23,27,6.61,5,Severe Delay,122.92
TRIP205979,Foggy,Standard,Moderate,4.92,3,46,14.44,18,Moderate Delay,55.04
TRIP204040,,Express,Moderate,7.69,8,10,3.67,13,On Time,35.14
TRIP206908,Rainy,Standard,Moderate,10.85,13,38,4.21,6,On Time,54.95
TRIP205347,Rainy,,High,10.97,11,27,2.35,13,Severe Delay,61.24
TRIP206269,Clear,Standard,High,18.60,21,,9.16,14,Severe Delay,121.67
TRIP209352,Rainy,Standard,Low,2.29,5,38,0.87,22,Moderate Delay,24.18
TRIP209177,Rainy,Mini Bus,Moderate,12.81,13,39,5.28,8,Moderate Delay,72.33
TRIP204893,Clear,Express,Moderate,3.11,6,34,2.68,16,Moderate Delay,12.00
TRIP201982,Clear,Standard,Moderate,7.35,9,53,2.64,7,Severe Delay,38.14
TRIP202373,Windy,Express,Low,3.86,6,4,7.47,23,On Time,13.12
TRIP203266,Rainy,Express,Moderate,11.05,15,17,5.76,15,On Time,39.70
TRIP205101,Clear,Mini Bus,Severe,17.35,20,8,6.03,23,Severe Delay,115.90
TRIP201747,Clear,Standard,High,8.90,8,28,18.00,12,On Time,48.48
TRIP201723,,Standard,High,9.31,10,32,3.38,21,Moderate Delay,64.34
TRIP205821,Windy,Express,Moderate,17.87,20,24,9.55,8,Severe Delay,84.28
TRIP204784,Rainy,Standard,High,4.29,3,28,11.42,6,Moderate Delay,32.12
TRIP200599,Clear,,Low,2.90,3,22,8.62,21,On Time,18.06
TRIP205422,Rainy,Mini Bus,Moderate,18.23,16,12,5.47,20,Moderate Delay,94.76
TRIP201065,Foggy,Standard,Moderate,10.49,14,34,7.03,9,Moderate Delay,73.13
TRIP204369,Rainy,Mini Bus,Moderate,16.05,13,28,6.87,20,Moderate Delay,82.55
TRIP200795,Clear,Standard,Moderate,9.26,12,38,17.45,12,On Time,47.10
TRIP206830,Clear,Standard,Moderate,18.03,21,45,3.19,14,Moderate Delay,88.46
TRIP207585,Rainy,Standard,High,15.75,17,41,2.62,23,Severe Delay,102.40
TRIP209837,Clear,Express,Moderate,10.83,12,3,8.02,11,On Time,41.27
TRIP209515,Clear,Standard,Moderate,13.67,17,56,11.55,19,Severe Delay,77.32
TRIP204285,Foggy,Standard,Moderate,18.29,22,52,13.96,19,Severe Delay,113.85
TRIP201960,Clear,Standard,High,3.94,8,37,4.40,17,Moderate Delay,23.39
TRIP206871,,Standard,High,10.51,12,36,3.96,6,On Time,57.48
TRIP205342,Clear,Express,High,12.07,9,28,9.54,23,Moderate Delay,55.59
TRIP208382,Windy,Standard,Moderate,8.86,4,35,4.20,17,Moderate Delay,44.09
TRIP206396,Clear,Standard,Moderate,7.60,3,43,3.40,21,On Time,22.39
TRIP202418,Clear,Express,Moderate,9.70,11,20,14.39,5,On Time,30.81
TRIP201994,Rainy,Standard,Severe,2.00,4,42,0.76,13,Severe Delay,47.84
TRIP209807,Clear,Standard,Moderate,23.90,29,46,2.58,13,Severe Delay,133.13
TRIP202906,Windy,Standard,Severe,7.73,7,26,7.25,6,On Time,61.52
TRIP203923,Windy,Standard,Low,14.02,14,21,3.02,21,On Time,52.55
TRIP203732,Clear,Standard,High,17.91,20,27,4.88,16,Severe Delay,126.95
TRIP209111,Clear,,High,14.63,16,36,4.40,7,Severe Delay,86.37
TRIP204331,Foggy,Standard,Low,7.89,11,60,5.28,23,Moderate Delay,45.15
TRIP203396,Windy,Standard,Low,10.45,14,35,4.83,19,Moderate Delay,61.73
TRIP207409,Clear,Standard,Low,8.98,8,44,1.57,19,Moderate Delay,42.72
TRIP201563,Clear,Standard,Low,6.38,8,46,7.94,17,Moderate Delay,33.03
TRIP202368,Rainy,Express,Moderate,9.75,6,12,1.16,20,On Time,29.93
TRIP208493,Windy,Standard,High,6.94,11,30,3.25,20,Moderate Delay,47.96
TRIP204867,Windy,Standard,High,6.97,5,,4.04,13,Moderate Delay,48.03
TRIP205193,Clear,Mini Bus,Moderate,7.28,4,12,7.09,10,On Time,36.57
TRIP202566,Clear,Mini Bus,Low,15.59,16,15,1.23,22,Moderate Delay,57.72
TRIP203164,Clear,Mini Bus,Moderate,18.81,22,20,2.31,14,Severe Delay,102.38
TRIP208907,Rainy,Standard,Severe,4.65,3,48,5.14,20,Severe Delay,39.75
TRIP208732,Clear,Standard,High,7.85,11,,3.93,18,Moderate Delay,51.28
TRIP205089,Rainy,Mini Bus,Moderate,10.30,12,18,1.27,10,Moderate Delay,55.45
TRIP201861,Clear,Standard,Low,,32,27,5.79,13,Moderate Delay,151.80
TRIP201199,Clear,Express,Severe,10.96,12,17,2.26,21,Moderate Delay,62.61
TRIP201244,Clear,Standard,Moderate,17.51,21,50,,9,Severe Delay,90.43
TRIP204446,Clear,,Moderate,21.92,21,34,6.50,13,Moderate Delay,122.55
TRIP201952,Clear,Standard,Moderate,9.35,9,22,4.40,21,On Time,43.78
TRIP207712,Rainy,Express,Moderate,11.20,11,15,1.61,14,Moderate Delay,47.84
TRIP201615,Clear,Standard,Moderate,7.35,8,45,5.12,16,Moderate Delay,41.88
TRIP204919,Clear,Standard,Low,,4,21,5.23,14,On Time,27.19
TRIP206881,Rainy,Standard,Low,9.10,8,40,5.54,6,On Time,36.24
TRIP202701,Foggy,Mini Bus,Low,5.04,6,16,3.00,14,Moderate Delay,27.04
TRIP203203,Clear,Standard,Moderate,8.92,7,37,4.22,20,On Time,46.09
TRIP206706,Windy,Standard,Severe,9.69,8,52,9.66,18,Severe Delay,78.67
TRIP205741,Clear,Standard,Low,5.46,7,26,4.42,10,On Time,22.10
TRIP203982,Clear,Standard,Moderate,21.77,23,65,2.50,9,Severe Delay,112.87
TRIP206397,Rainy,Express,High,9.02,9,17,3.58,11,Moderate Delay,44.25
TRIP203139,Clear,Express,Moderate,10.34,11,39,12.24,22,On Time,42.58
TRIP200156,Clear,Mini Bus,Severe,6.58,5,25,6.38,22,Moderate Delay,44.40
TRIP200134,Rainy,Express,Moderate,16.43,15,11,5.36,10,On Time,73.40
TRIP206297,,Standard,Moderate,3.88,3,42,13.31,12,On Time,21.63
TRIP203166,Clear,Standard,Moderate,9.54,10,51,2.10,14,Severe Delay,43.36
TRIP204536,Clear,Standard,High,14.20,14,32,6.22,11,Moderate Delay,83.37
TRIP203106,Rainy,Express,Moderate,11.26,13,19,11.38,23,Moderate Delay,38.96
TRIP208940,Clear,Standard,High,9.49,11,37,2.37,10,Moderate Delay,53.25
TRIP202063,Clear,Standard,High,5.85,6,42,6.15,11,On Time,33.18
TRIP202715,Rainy,Standard,Severe,14.08,16,32,7.37,19,Severe Delay,117.35
TRIP202569,Clear,Standard,Moderate,8.78,4,30,1.11,10,Moderate Delay,35.53
TRIP209481,Windy,Standard,Low,8.59,9,44,2.69,13,Moderate Delay,28.66
TRIP209583,Rainy,Standard,High,9.24,11,44,4.63,9,Severe Delay,72.96
TRIP203744,Foggy,Standard,Moderate,6.51,6,28,5.35,23,On Time,29.94
TRIP202274,Foggy,Standard,Low,6.10,8,24,5.57,11,On Time,31.03
TRIP207195,Windy,Standard,Moderate,17.51,15,36,5.23,22,Moderate Delay,81.21
TRIP208219,Clear,Standard,Moderate,11.48,10,55,6.22,8,Moderate Delay,65.25
TRIP202212,Clear,Mini Bus,Moderate,8.16,12,3,9.67,13,On Time,34.34
TRIP207160,Rainy,Express,Moderate,11.79,11,20,4.60,15,On Time,47.55
TRIP209035,Clear,Standard,Low,16.16,12,35,3.91,15,On Time,62.02
TRIP208225,Clear,Mini Bus,Severe,10.31,7,18,6.31,15,Moderate Delay,72.81
TRIP206476,Clear,Standard,Severe,7.68,9,21,1.18,5,Moderate Delay,75.16
TRIP209088,Rainy,Standard,Severe,7.31,7,32,2.05,20,Severe Delay,62.67
TRIP208187,Rainy,Standard,Low,11.56,10,18,5.29,11,On Time,43.38
TRIP202268,Windy,Mini Bus,High,7.55,9,15,3.65,7,Severe Delay,66.63
TRIP202171,Windy,Mini Bus,High,13.35,18,20,3.48,20,Severe Delay,85.82
TRIP202382,Clear,Mini Bus,Severe,13.95,20,23,9.14,23,Moderate Delay,110.35
TRIP204419,Foggy,Standard,High,13.34,14,,5.08,22,Severe Delay,84.04
TRIP201926,Windy,Standard,Moderate,12.24,13,48,,13,On Time,65.87
TRIP201458,Clear,Standard,High,13.03,19,39,1.41,14,Severe Delay,83.85
TRIP204170,Rainy,Mini Bus,Low,4.32,7,15,3.03,14,On Time,31.24
TRIP200340,Clear,Standard,Low,10.67,12,38,8.76,5,On Time,46.40
TRIP200544,Clear,Mini Bus,Moderate,5.61,7,27,5.36,12,On Time,27.61
TRIP209166,Windy,Mini Bus,Low,2.66,3,18,9.04,11,On Time,12.00
TRIP207821,Foggy,Express,Moderate,9.04,9,18,4.42,20,On Time,44.53
TRIP203142,Rainy,Express,Moderate,5.26,3,20,14.31,12,On Time,19.92
TRIP204220,Windy,Express,Moderate,5.41,6,31,6.12,21,On Time,23.07
TRIP202276,Clear,Mini Bus,Low,10.25,12,,1.54,18,Severe Delay,53.62
TRIP203821,Foggy,Mini Bus,Moderate,8.39,10,3,2.51,6,On Time,56.91
TRIP208707,,Mini Bus,Low,17.01,17,6,8.05,23,On Time,74.24
TRIP200357,Rainy,Express,Severe,18.45,20,3,3.46,23,Severe Delay,136.65
TRIP202488,Foggy,Express,High,5.80,5,29,7.06,11,Moderate Delay,40.23
TRIP203406,Clear,Standard,Moderate,8.00,7,55,4.32,8,Moderate Delay,45.25
TRIP202359,Rainy,Standard,Low,6.08,5,44,,19,Moderate Delay,41.34
TRIP200859,Rainy,Standard,High,5.02,5,30,3.67,11,Severe Delay,40.86
TRIP209049,Clear,Standard,Moderate,15.04,19,46,5.88,17,Severe Delay,75.77
TRIP207815,Rainy,Standard,Low,4.34,5,38,7.19,13,On Time,21.92
TRIP200944,Rainy,Standard,High,10.09,11,38,4.85,19,Severe Delay,86.62
TRIP209777,Clear,Standard,Moderate,7.32,10,44,4.26,17,Moderate Delay,42.06
TRIP209597,Rainy,,Moderate,6.30,9,36,5.84,18,Moderate Delay,44.13
TRIP205074,Rainy,Standard,High,10.10,11,35,1.97,15,Severe Delay,75.51
TRIP201863,Foggy,Standard,High,11.37,16,41,9.40,7,Severe Delay,79.16
TRIP205007,Clear,Standard,Moderate,11.68,9,30,2.64,13,Moderate Delay,42.77
TRIP206041,Foggy,Standard,Moderate,9.10,11,32,11.58,11,On Time,52.43
TRIP203816,Clear,Standard,Severe,6.23,7,47,17.57,20,Moderate Delay,45.73
TRIP209705,Foggy,Mini Bus,Low,7.04,7,5,5.64,16,On Time,43.13
TRIP206568,Foggy,Standard,Severe,2.51,3,36,3.96,7,Severe Delay,36.45
TRIP207037,Windy,Mini Bus,High,9.16,12,7,6.96,17,Severe Delay,51.38
TRIP207282,Clear,Standard,High,13.15,18,47,5.52,12,Severe Delay,79.60
TRIP208054,Clear,Standard,Moderate,5.14,6,42,2.10,7,Severe Delay,40.31
TRIP209239,Clear,Mini Bus,Moderate,10.69,10,13,5.70,11,On Time,53.82
TRIP209603,Rainy,Standard,High,11.28,15,26,3.25,10,Moderate Delay,72.83
TRIP200684,Clear,Standard,High,17.26,18,27,10.85,15,Moderate Delay,101.59
TRIP208354,Clear,Express,Low,11.74,12,10,1.00,14,On Time,36.44
TRIP206996,Windy,Standard,Low,7.15,9,29,6.12,11,On Time,36.59
TRIP207208,Rainy,Standard,High,9.02,6,28,3.59,15,Severe Delay,70.14
TRIP200727,Clear,Mini Bus,High,13.37,12,,5.10,16,Severe Delay,87.27
TRIP205202,Clear,Express,High,9.86,9,41,0.88,8,Severe Delay,55.43
TRIP206295,Rainy,Standard,Low,9.45,6,31,3.95,21,On Time,37.63
TRIP208365,Foggy,Standard,Low,17.92,14,55,7.10,7,Severe Delay,82.96
TRIP205388,Clear,Standard,Low,17.84,18,32,7.62,13,Moderate Delay,73.64
TRIP200880,Clear,Standard,High,4.28,5,14,7.54,14,On Time,34.24
TRIP203807,Clear,Standard,High,11.79,14,19,8.79,15,On Time,64.90
TRIP203607,Foggy,Standard,Severe,16.10,16,39,5.73,19,Severe Delay,122.46
TRIP208530,Clear,Standard,High,4.53,3,57,6.05,8,Severe Delay,36.95
TRIP207419,Rainy,Standard,Low,14.48,17,35,1.96,6,Moderate Delay,61.31
TRIP208490,Rainy,Standard,Low,15.13,15,16,,20,On Time,68.08
TRIP204861,Clear,Standard,High,27.44,28,53,3.35,9,Severe Delay,180.00
TRIP201821,Rainy,Express,High,11.16,16,13,5.14,15,Severe Delay,70.21
TRIP206086,Clear,Standard,Moderate,,7,55,0.75,7,Severe Delay,34.46
TRIP206305,Clear,Mini Bus,Moderate,4.14,9,38,4.96,11,On Time,29.10
TRIP207302,Clear,Standard,High,22.69,23,38,8.56,5,Severe Delay,139.89
TRIP202908,Clear,Mini Bus,Moderate,6.16,6,38,4.84,9,On Time,38.16
TRIP201476,Rainy,Mini Bus,Moderate,32.00,33,36,1.34,7,Severe Delay,180.00
TRIP200255,Clear,Mini Bus,Severe,12.23,14,19,2.23,5,Severe Delay,91.20
TRIP206442,Clear,Standard,Moderate,4.59,6,48,9.89,16,Moderate Delay,35.54
TRIP209472,Windy,Mini Bus,Severe,7.10,5,17,12.95,15,Moderate Delay,45.14
TRIP206018,Clear,Standard,High,10.53,10,28,8.58,16,Moderate Delay,66.64
TRIP204108,Clear,Standard,Moderate,16.89,17,38,2.11,18,Severe Delay,81.91
TRIP201810,Windy,Mini Bus,Severe,12.36,14,28,5.05,20,Severe Delay,102.15
TRIP204632,Clear,Standard,Moderate,7.87,6,34,4.41,16,On Time,41.88
TRIP200663,Rainy,Standard,Severe,6.42,8,24,10.04,15,Moderate Delay,66.95
TRIP201640,Windy,Standard,High,19.63,20,15,1.40,5,Severe Delay,116.09
TRIP204680,Clear,Express,High,16.82,17,26,3.27,23,Moderate Delay,86.37
TRIP207094,Clear,Mini Bus,Low,23.84,28,37,3.70,7,Severe Delay,126.34
TRIP206500,Clear,Standard,Low,21.00,25,32,11.88,12,On Time,95.01
TRIP200750,Clear,Mini Bus,Moderate,2.00,3,26,4.15,18,Moderate Delay,34.28
TRIP203896,Clear,Mini Bus,Low,5.03,6,38,1.52,9,Moderate Delay,29.66
TRIP209294,Foggy,Standard,Moderate,10.63,11,58,0.31,9,Severe Delay,58.58
TRIP204299,Rainy,Standard,Moderate,4.89,6,38,6.99,16,Moderate Delay,37.19
TRIP202720,,Mini Bus,Moderate,11.69,10,28,2.30,16,Severe Delay,74.04
TRIP200004,Clear,Express,Moderate,9.64,10,3,3.12,6,On Time,26.01
TRIP204819,Clear,Standard,Low,6.18,6,18,0.63,15,On Time,31.11
TRIP203059,Clear,Standard,High,7.82,14,25,7.44,23,Moderate Delay,55.42
TRIP206562,Clear,Standard,Moderate,10.06,17,46,8.32,9,Severe Delay,66.40
TRIP202854,Clear,Mini Bus,High,14.31,13,6,6.16,10,On Time,76.31
TRIP208921,Rainy,Express,High,,18,42,5.59,16,Severe Delay,97.33
TRIP202542,Clear,Standard,Moderate,19.32,23,46,5.49,5,Severe Delay,99.72
TRIP202540,Foggy,Standard,Severe,32.00,31,21,6.76,16,Severe Delay,180.00
TRIP202121,Clear,Mini Bus,High,7.92,7,14,3.65,12,Moderate Delay,44.78
TRIP206411,Clear,Mini Bus,High,4.61,7,13,1.26,14,Moderate Delay,42.22
TRIP204522,Clear,Standard,Moderate,3.50,5,25,6.51,10,On Time,25.99
TRIP204542,Clear,Mini Bus,Severe,9.09,12,25,3.72,19,Severe Delay,73.95
TRIP206962,,Express,Moderate,11.02,13,33,11.54,6,On Time,31.33
